fund_code,name,is_etf_candidate,candidate_rule,category,subcategory,fund_type,benchmark,market,status,list_date,delist_date,management,category_rule,review_note,sw_index_code,sw_industry_name,sw_level,sw_parent_code,sw_match_term,sw_match_rule
159110.SZ,万家深证AAA科技创新公司债ETF,Y,include:name_etf,债券,信用债,债券型,深证AAA科技创新公司债指数收益率×100%,E,L,2025/9/24,,万家基金管理有限公司,fund_type/name:bond,,,,,,,
159111.SZ,天弘中证AAA科技创新公司债ETF,Y,include:name_etf,债券,信用债,债券型,中证AAA科技创新公司债指数收益率×100%,E,L,2025/9/24,,天弘基金管理有限公司,fund_type/name:bond,,,,,,,
159112.SZ,银华中证AAA科技创新公司债ETF,Y,include:name_etf,债券,信用债,债券型,中证AAA科技创新公司债指数收益率×100%,E,L,2025/9/24,,银华基金管理股份有限公司,fund_type/name:bond,,,,,,,
159113.SZ,大成中证AAA科技创新公司债ETF,Y,include:name_etf,债券,信用债,债券型,中证AAA科技创新公司债指数收益率×100%,E,L,2025/9/24,,大成基金管理有限公司,fund_type/name:bond,,,,,,,
159115.SZ,华安中证AAA科技创新公司债ETF,Y,include:name_etf,债券,信用债,债券型,中证AAA科技创新公司债指数收益率×100%,E,L,2025/9/24,,华安基金管理有限公司,fund_type/name:bond,,,,,,,
159116.SZ,工银瑞信中证AAA科技创新公司债ETF,Y,include:name_etf,债券,信用债,债券型,中证AAA科技创新公司债指数收益率×100%,E,L,2025/9/24,,工银瑞信基金管理有限公司,fund_type/name:bond,,,,,,,
159200.SZ,富国中证AAA科技创新公司债ETF,Y,include:name_etf,债券,信用债,债券型,中证AAA科技创新公司债指数收益率×100%,E,L,2025/7/17,,富国基金管理有限公司,fund_type/name:bond,,,,,,,
159395.SZ,大成深证基准做市信用债ETF,Y,include:name_etf,债券,信用债,债券型,深证基准做市信用债指数收益率×100%,E,L,2025/1/27,,大成基金管理有限公司,fund_type/name:bond,,,,,,,
159396.SZ,博时深证基准做市信用债ETF,Y,include:name_etf,债券,信用债,债券型,深证基准做市信用债指数收益率×100%,E,L,2025/2/6,,博时基金管理有限公司,fund_type/name:bond,,,,,,,
159397.SZ,广发深证基准做市信用债ETF,Y,include:name_etf,债券,信用债,债券型,深证基准做市信用债指数收益率×100%,E,L,2025/2/7,,广发基金管理有限公司,fund_type/name:bond,,,,,,,
159398.SZ,天弘深证基准做市信用债ETF,Y,include:name_etf,债券,信用债,债券型,深证基准做市信用债指数收益率×100%,E,L,2025/2/6,,天弘基金管理有限公司,fund_type/name:bond,,,,,,,
159400.SZ,景顺长城深证AAA科技创新公司债ETF,Y,include:name_etf,债券,信用债,债券型,深证AAA科技创新公司债指数收益率×100%,E,L,2025/7/17,,景顺长城基金管理有限公司,fund_type/name:bond,,,,,,,
159600.SZ,嘉实中证AAA科技创新公司债ETF,Y,include:name_etf,债券,信用债,债券型,中证AAA科技创新公司债指数收益率×100%,E,L,2025/7/17,,嘉实基金管理有限公司,fund_type/name:bond,,,,,,,
159649.SZ,华安中债1-5年国开行债券ETF,Y,include:name_etf,债券,政金债,债券型,中债-1-5年国开行债券指数×100%,E,L,2022/10/24,,华安基金管理有限公司,fund_type/name:bond,,,,,,,
159650.SZ,博时中债0-3年国开行债券ETF,Y,include:name_etf,债券,政金债,债券型,中债-0-3年国开行债券指数收益率×100%,E,L,2022/10/28,,博时基金管理有限公司,fund_type/name:bond,,,,,,,
159651.SZ,平安中债-0-3年国开行债券ETF,Y,include:name_etf,债券,政金债,债券型,中债-0-3年国开行债券指数×100%,E,L,2022/11/16,,平安基金管理有限公司,fund_type/name:bond,,,,,,,
159700.SZ,南方中证AAA科技创新公司债ETF,Y,include:name_etf,债券,信用债,债券型,中证AAA科技创新公司债指数收益率×100%,E,L,2025/7/17,,南方基金管理股份有限公司,fund_type/name:bond,,,,,,,
159816.SZ,鹏华中证0-4年期地方政府债ETF,Y,include:name_etf,债券,地方债,债券型,中证0-4年期地方政府债指数收益率×100%,E,L,2020/9/4,,鹏华基金管理有限公司,fund_type/name:bond,,,,,,,
159972.SZ,鹏华中证5年期地方政府债ETF,Y,include:name_etf,债券,地方债,债券型,中证5年期地方政府债指数收益率×100%,E,L,2019/11/8,,鹏华基金管理有限公司,fund_type/name:bond,,,,,,,
511010.SH,国泰上证5年期国债ETF,Y,include:name_etf,债券,国债,债券型,上证5年期国债指数×100%,E,L,2013/3/25,,国泰基金管理有限公司,fund_type/name:bond,,,,,,,
511020.SH,平安中证5-10年期国债活跃券ETF,Y,include:name_etf,债券,国债,债券型,中证5-10年期国债活跃券指数收益率×100%,E,L,2019/2/22,,平安基金管理有限公司,fund_type/name:bond,,,,,,,
511030.SH,平安中债-中高等级公司债利差因子ETF,Y,include:name_etf,债券,信用债,债券型,中债-中高等级公司债利差因子指数收益率×100%,E,L,2019/3/22,,平安基金管理有限公司,fund_type/name:bond,,,,,,,
511060.SH,海富通上证5年期地方政府债ETF,Y,include:name_etf,债券,地方债,债券型,上证5年期地方政府债指数收益率×100%,E,L,2019/12/12,,海富通基金管理有限公司,fund_type/name:bond,,,,,,,
511070.SH,南方上证基准做市公司债ETF,Y,include:name_etf,债券,信用债,债券型,上证基准做市公司债指数收益率×100%,E,L,2025/1/22,,南方基金管理股份有限公司,fund_type/name:bond,,,,,,,
511090.SH,鹏扬中债-30年期国债ETF,Y,include:name_etf,债券,国债,债券型,中债-30年期国债指数收益率×100%,E,L,2023/6/13,,鹏扬基金管理有限公司,fund_type/name:bond,,,,,,,
511100.SH,华夏上证基准做市国债ETF,Y,include:name_etf,债券,国债,债券型,上证基准做市国债指数收益率×100%,E,L,2023/12/25,,华夏基金管理有限公司,fund_type/name:bond,,,,,,,
511110.SH,易方达上证基准做市公司债ETF,Y,include:name_etf,债券,信用债,债券型,上证基准做市公司债指数收益率×100%,E,L,2025/1/24,,易方达基金管理有限公司,fund_type/name:bond,,,,,,,
511120.SH,广发上证AAA科技创新公司债ETF,Y,include:name_etf,债券,信用债,债券型,上证AAA科技创新公司债指数收益率×100%,E,L,2025/7/17,,广发基金管理有限公司,fund_type/name:bond,,,,,,,
511130.SH,博时上证30年期国债ETF,Y,include:name_etf,债券,国债,债券型,上证30年期国债指数收益率×100%,E,L,2024/3/28,,博时基金管理有限公司,fund_type/name:bond,,,,,,,
511150.SH,永赢上证AAA科技创新公司债ETF,Y,include:name_etf,债券,信用债,债券型,上证AAA科技创新公司债指数收益率×100%,E,L,2025/9/24,,永赢基金管理有限公司,fund_type/name:bond,,,,,,,
511160.SH,东财中证1-3年国债ETF,Y,include:name_etf,债券,国债,债券型,中证1-3年国债指数收益率×100%,E,L,2025/1/6,,东财基金管理有限公司,fund_type/name:bond,,,,,,,
511180.SH,海富通上证投资级可转债及可交换债券ETF,Y,include:name_etf,债券,可转债,债券型,上证投资级可转债及可交换债券指数收益率×100%,E,L,2020/8/26,,海富通基金管理有限公司,fund_type/name:bond,,,,,,,
511190.SH,海富通上证基准做市公司债ETF,Y,include:name_etf,债券,信用债,债券型,上证基准做市公司债指数收益率×100%,E,L,2025/2/5,,海富通基金管理有限公司,fund_type/name:bond,,,,,,,
511200.SH,华夏上证基准做市公司债ETF,Y,include:name_etf,债券,信用债,债券型,上证基准做市公司债指数收益率×100%,E,L,2025/2/7,,华夏基金管理有限公司,fund_type/name:bond,,,,,,,
511220.SH,海富通上证城投债ETF,Y,include:name_etf,债券,城投债,债券型,上证城投债指数收益率×100%,E,L,2019/4/24,,海富通基金管理有限公司,fund_type/name:bond,,,,,,,
511260.SH,国泰上证10年期国债ETF,Y,include:name_etf,债券,国债,债券型,上证10年期国债指数×100%,E,L,2017/8/24,,国泰基金管理有限公司,fund_type/name:bond,,,,,,,
511270.SH,海富通上证10年期地方政府债ETF,Y,include:name_etf,债券,地方债,债券型,上证10年期地方政府债指数收益率×100%,E,L,2018/11/22,,海富通基金管理有限公司,fund_type/name:bond,,,,,,,
511360.SH,海富通中证短融ETF,Y,include:name_etf,债券,短融,债券型,中证短融指数收益率×100%,E,L,2020/9/25,,海富通基金管理有限公司,fund_type/name:bond,,,,,,,
511380.SH,博时中证可转债及可交换债券ETF,Y,include:name_etf,债券,可转债,债券型,中证可转债及可交换债券指数收益率×100%,E,L,2020/4/7,,博时基金管理有限公司,fund_type/name:bond,,,,,,,
511520.SH,富国中债7-10年政策性金融债ETF,Y,include:name_etf,债券,政金债,债券型,中债7-10年政策性金融债指数×100%,E,L,2022/10/25,,富国基金管理有限公司,fund_type/name:bond,,,,,,,
511580.SH,招商中证国债及政策性金融债0-3年ETF,Y,include:name_etf,债券,国债,债券型,中证国债及政策性金融债0-3年指数收益率×100%,E,L,2022/12/14,,招商基金管理有限公司,fund_type/name:bond,,,,,,,
551000.SH,博时上证AAA科技创新公司债ETF,Y,include:name_etf,债券,信用债,债券型,上证AAA科技创新公司债指数收益率×100%,E,L,2025/7/17,,博时基金管理有限公司,fund_type/name:bond,,,,,,,
551030.SH,鹏华上证AAA科技创新公司债ETF,Y,include:name_etf,债券,信用债,债券型,上证AAA科技创新公司债指数收益率×100%,E,L,2025/7/17,,鹏华基金管理有限公司,fund_type/name:bond,,,,,,,
551060.SH,中银上证AAA科技创新公司债ETF,Y,include:name_etf,债券,信用债,债券型,上证AAA科技创新公司债指数收益率×100%,E,L,2025/9/24,,中银基金管理有限公司,fund_type/name:bond,,,,,,,
551300.SH,摩根上证AAA科技创新公司债ETF,Y,include:name_etf,债券,信用债,债券型,上证AAA科技创新公司债指数收益率×100%,E,L,2025/9/24,,摩根基金管理(中国)有限公司,fund_type/name:bond,,,,,,,
551500.SH,易方达中证AAA科技创新公司债ETF,Y,include:name_etf,债券,信用债,债券型,中证AAA科技创新公司债指数收益率×100%,E,L,2025/7/17,,易方达基金管理有限公司,fund_type/name:bond,,,,,,,
551510.SH,华泰柏瑞中证AAA科技创新公司债ETF,Y,include:name_etf,债券,信用债,债券型,中证AAA科技创新公司债指数收益率×100%,E,L,2025/9/24,,华泰柏瑞基金管理有限公司,fund_type/name:bond,,,,,,,
551520.SH,汇添富中证AAA科技创新公司债ETF,Y,include:name_etf,债券,信用债,债券型,中证AAA科技创新公司债指数收益率×100%,E,L,2025/9/24,,汇添富基金管理股份有限公司,fund_type/name:bond,,,,,,,
551550.SH,华夏中证AAA科技创新公司债ETF,Y,include:name_etf,债券,信用债,债券型,中证AAA科技创新公司债指数收益率×100%,E,L,2025/7/17,,华夏基金管理有限公司,fund_type/name:bond,,,,,,,
551560.SH,兴业中证AAA科技创新公司债ETF,Y,include:name_etf,债券,信用债,债券型,中证AAA科技创新公司债指数收益率×100%,E,L,2025/9/24,,兴业基金管理有限公司,fund_type/name:bond,,,,,,,
551580.SH,泰康中证AAA科技创新公司债ETF,Y,include:name_etf,债券,信用债,债券型,中证AAA科技创新公司债指数收益率×100%,E,L,2025/9/24,,泰康基金管理有限公司,fund_type/name:bond,,,,,,,
551800.SH,国泰中证AAA科技创新公司债ETF,Y,include:name_etf,债券,信用债,债券型,中证AAA科技创新公司债指数收益率×100%,E,L,2025/9/24,,国泰基金管理有限公司,fund_type/name:bond,,,,,,,
551900.SH,招商中证AAA科技创新公司债ETF,Y,include:name_etf,债券,信用债,债券型,中证AAA科技创新公司债指数收益率×100%,E,L,2025/7/17,,招商基金管理有限公司,fund_type/name:bond,,,,,,,
159051.SZ,易方达中证全指医疗器械ETF,Y,include:name_etf,医药,医疗器械,股票型,中证全指医疗器械指数收益率×100%,E,L,2026/6/9,,易方达基金管理有限公司,sw2021:index_classify,,801153.SI,医疗器械,L2,370000,医疗器械,sw2021:industry_name
159056.SZ,富国中证全指医疗器械ETF,Y,include:name_etf,医药,医疗器械,股票型,中证全指医疗器械指数收益率×100%,E,L,2026/6/9,,富国基金管理有限公司,sw2021:index_classify,,801153.SI,医疗器械,L2,370000,医疗器械,sw2021:industry_name
159057.SZ,鹏华中证全指医疗器械ETF,Y,include:name_etf,医药,医疗器械,股票型,中证全指医疗器械指数收益率×100%,E,L,2026/6/15,,鹏华基金管理有限公司,sw2021:index_classify,,801153.SI,医疗器械,L2,370000,医疗器械,sw2021:industry_name
159377.SZ,国泰创业板医药卫生ETF,Y,include:name_etf,宽基,创业板,股票型,创业板医药卫生指数收益率×100%,E,L,2025/4/15,,国泰基金管理有限公司,fund_type/benchmark/name:broad_index,,,,,,,
159508.SZ,华安国证生物医药ETF,Y,include:name_etf,医药,医药综合,股票型,国证生物医药指数收益率×100%,E,L,2023/7/14,,华安基金管理有限公司,fund_type/benchmark/name:healthcare,,,,,,,
159643.SZ,国泰国证疫苗与生物科技ETF,Y,include:name_etf,医药,生物科技,股票型,国证疫苗与生物科技指数收益率×100%,E,L,2022/8/22,,国泰基金管理有限公司,sw2021:index_classify,,851523.SI,疫苗,L3,370300,疫苗,sw2021:industry_name
159645.SZ,富国国证疫苗与生物科技ETF,Y,include:name_etf,医药,生物科技,股票型,国证疫苗与生物科技指数收益率×100%,E,L,2022/9/26,,富国基金管理有限公司,sw2021:index_classify,,851523.SI,疫苗,L3,370300,疫苗,sw2021:industry_name
159647.SZ,鹏华中证中药ETF,Y,include:name_etf,医药,中药,股票型,中证中药指数收益率×100%,E,L,2022/7/28,,鹏华基金管理有限公司,sw2021:index_classify,,801155.SI,中药Ⅱ,L2,370000,中药,sw2021:industry_name_simplified
159657.SZ,鹏华国证疫苗与生物科技ETF,Y,include:name_etf,医药,生物科技,股票型,国证疫苗与生物科技指数收益率×100%,E,L,2023/3/13,,鹏华基金管理有限公司,sw2021:index_classify,,851523.SI,疫苗,L3,370300,疫苗,sw2021:industry_name
159760.SZ,泰康国证公共卫生与医疗健康ETF,Y,include:name_etf,医药,医疗综合,股票型,国证公共卫生与医疗健康指数收益率×100%,E,L,2021/12/20,,泰康基金管理有限公司,fund_type/benchmark/name:healthcare,,,,,,,
159797.SZ,汇添富中证全指医疗器械ETF,Y,include:name_etf,医药,医疗器械,股票型,中证全指医疗器械指数收益率×100%,E,L,2022/5/16,,汇添富基金管理股份有限公司,sw2021:index_classify,,801153.SI,医疗器械,L2,370000,医疗器械,sw2021:industry_name
159828.SZ,国泰中证医疗ETF,Y,include:name_etf,医药,医疗综合,股票型,中证医疗指数收益率×100%,E,L,2021/1/12,,国泰基金管理有限公司,fund_type/benchmark/name:healthcare,,,,,,,
159835.SZ,建信中证创新药产业ETF,Y,include:name_etf,医药,创新药,股票型,中证创新药产业指数×100%,E,L,2021/3/29,,建信基金管理有限责任公司,sw2021:index_classify,,801151.SI,化学制药,L2,370000,创新药,sw2021:alias
159837.SZ,易方达中证生物科技主题ETF,Y,include:name_etf,医药,生物科技,股票型,中证生物科技主题指数收益率×100%,E,L,2021/1/27,,易方达基金管理有限公司,fund_type/benchmark/name:healthcare,,,,,,,
159838.SZ,博时中证医药50ETF,Y,include:name_etf,医药,医药综合,股票型,中证医药50指数收益率×100%,E,L,2021/7/30,,博时基金管理有限公司,fund_type/benchmark/name:healthcare,,,,,,,
159839.SZ,汇添富国证生物医药ETF,Y,include:name_etf,医药,医药综合,股票型,国证生物医药指数收益率×100%,E,L,2021/2/22,,汇添富基金管理股份有限公司,fund_type/benchmark/name:healthcare,,,,,,,
159847.SZ,易方达中证医疗ETF,Y,include:name_etf,医药,医疗综合,股票型,中证医疗指数收益率×100%,E,L,2021/7/19,,易方达基金管理有限公司,fund_type/benchmark/name:healthcare,,,,,,,
159849.SZ,招商中证生物科技主题ETF,Y,include:name_etf,医药,生物科技,股票型,中证生物科技主题指数收益率×100%,E,L,2021/3/2,,招商基金管理有限公司,fund_type/benchmark/name:healthcare,,,,,,,
159858.SZ,南方中证创新药产业ETF,Y,include:name_etf,医药,创新药,股票型,中证创新药产业指数收益率×100%,E,L,2021/3/25,,南方基金管理股份有限公司,sw2021:index_classify,,801151.SI,化学制药,L2,370000,创新药,sw2021:alias
159859.SZ,天弘国证生物医药ETF,Y,include:name_etf,医药,医药综合,股票型,国证生物医药指数×100%,E,L,2021/7/7,,天弘基金管理有限公司,fund_type/benchmark/name:healthcare,,,,,,,
159873.SZ,天弘中证全指医疗保健设备与服务ETF,Y,include:name_etf,医药,医疗服务,股票型,中证全指医疗保健设备与服务指数×100%,E,L,2021/3/29,,天弘基金管理有限公司,fund_type/benchmark/name:healthcare,,,,,,,
159877.SZ,南方中证全指医疗保健设备与服务ETF,Y,include:name_etf,医药,医疗服务,股票型,中证全指医疗保健设备与服务指数收益率×100%,E,L,2021/11/3,,南方基金管理股份有限公司,fund_type/benchmark/name:healthcare,,,,,,,
159883.SZ,永赢中证全指医疗器械ETF,Y,include:name_etf,医药,医疗器械,股票型,中证全指医疗器械指数收益率×100%,E,L,2021/4/30,,永赢基金管理有限公司,sw2021:index_classify,,801153.SI,医疗器械,L2,370000,医疗器械,sw2021:industry_name
159891.SZ,建信中证全指医疗保健设备与服务ETF,Y,include:name_etf,医药,医疗服务,股票型,中证全指医疗保健设备与服务指数收益率×100%,E,L,2021/6/15,,建信基金管理有限责任公司,fund_type/benchmark/name:healthcare,,,,,,,
159898.SZ,招商中证全指医疗器械ETF,Y,include:name_etf,医药,医疗器械,股票型,中证全指医疗器械指数收益率×100%,E,L,2021/6/4,,招商基金管理有限公司,sw2021:index_classify,,801153.SI,医疗器械,L2,370000,医疗器械,sw2021:industry_name
159929.SZ,汇添富中证医药卫生ETF,Y,include:name_etf,医药,医药综合,股票型,中证医药卫生指数×100%,E,L,2013/9/16,,汇添富基金管理股份有限公司,fund_type/benchmark/name:healthcare,,,,,,,
159938.SZ,广发中证全指医药卫生ETF,Y,include:name_etf,医药,医药综合,股票型,中证全指医药卫生指数×100%,E,L,2015/1/8,,广发基金管理有限公司,fund_type/benchmark/name:healthcare,,,,,,,
159992.SZ,银华中证创新药产业ETF,Y,include:name_etf,医药,创新药,股票型,中证创新药产业指数收益率×100%,E,L,2020/4/10,,银华基金管理股份有限公司,sw2021:index_classify,,801151.SI,化学制药,L2,370000,创新药,sw2021:alias
510660.SH,华夏上证医药卫生ETF,Y,include:name_etf,医药,医药综合,股票型,上证医药卫生行业指数×100%,E,L,2013/5/8,,华夏基金管理有限公司,fund_type/benchmark/name:healthcare,,,,,,,
512010.SH,易方达沪深300医药卫生ETF,Y,include:name_etf,宽基,沪深300,股票型,沪深300医药卫生指数×100%,E,L,2013/10/28,,易方达基金管理有限公司,fund_type/benchmark/name:broad_index,,,,,,,
512120.SH,华安中证细分医药ETF,Y,include:name_etf,医药,医药综合,股票型,中证细分医药产业主题指数×100%,E,L,2014/1/6,,华安基金管理有限公司,fund_type/benchmark/name:healthcare,,,,,,,
512170.SH,华宝中证医疗ETF,Y,include:name_etf,医药,医疗综合,股票型,中证医疗指数收益率×100%,E,L,2019/6/17,,华宝基金管理有限公司,fund_type/benchmark/name:healthcare,,,,,,,
512290.SH,国泰中证生物医药ETF,Y,include:name_etf,医药,医药综合,股票型,中证生物医药指数收益率×100%,E,L,2019/5/20,,国泰基金管理有限公司,fund_type/benchmark/name:healthcare,,,,,,,
515120.SH,广发中证创新药产业ETF,Y,include:name_etf,医药,创新药,股票型,中证创新药产业指数收益率×100%,E,L,2021/1/4,,广发基金管理有限公司,sw2021:index_classify,,801151.SI,化学制药,L2,370000,创新药,sw2021:alias
515950.SH,富国中证医药50ETF,Y,include:name_etf,医药,医药综合,股票型,中证医药50指数收益率×100%,E,L,2020/4/1,,富国基金管理有限公司,fund_type/benchmark/name:healthcare,,,,,,,
515960.SH,嘉实中证医药健康100策略ETF,Y,include:name_etf,医药,医药综合,股票型,中证医药健康100策略指数收益率×100%,E,L,2020/6/10,,嘉实基金管理有限公司,fund_type/benchmark/name:healthcare,,,,,,,
516060.SH,工银瑞信中证创新药产业ETF,Y,include:name_etf,医药,创新药,股票型,中证创新药产业指数收益率×100%,E,L,2021/3/1,,工银瑞信基金管理有限公司,sw2021:index_classify,,801151.SI,化学制药,L2,370000,创新药,sw2021:alias
516080.SH,易方达中证创新药产业ETF,Y,include:name_etf,医药,创新药,股票型,中证创新药产业指数收益率×100%,E,L,2021/2/23,,易方达基金管理有限公司,sw2021:index_classify,,801151.SI,化学制药,L2,370000,创新药,sw2021:alias
516500.SH,华夏中证生物科技主题ETF,Y,include:name_etf,医药,生物科技,股票型,中证生物科技主题指数收益率×100%,E,L,2021/3/17,,华夏基金管理有限公司,fund_type/benchmark/name:healthcare,,,,,,,
516610.SH,大成中证全指医疗保健设备与服务ETF,Y,include:name_etf,医药,医疗服务,股票型,中证全指医疗保健设备与服务指数收益率×100%,E,L,2021/5/13,,大成基金管理有限公司,fund_type/benchmark/name:healthcare,,,,,,,
516790.SH,华泰柏瑞中证全指医疗保健设备与服务ETF,Y,include:name_etf,医药,医疗服务,股票型,中证全指医疗保健设备与服务指数收益率×100%,E,L,2021/8/23,,华泰柏瑞基金管理有限公司,fund_type/benchmark/name:healthcare,,,,,,,
516820.SH,平安中证医药及医疗器械创新ETF,Y,include:name_etf,医药,医疗器械,股票型,中证医药及医疗器械创新指数收益率×100%,E,L,2021/7/1,,平安基金管理有限公司,sw2021:index_classify,,801153.SI,医疗器械,L2,370000,医疗器械,sw2021:industry_name
516930.SH,民生加银中证生物科技主题ETF,Y,include:name_etf,医药,生物科技,股票型,中证生物科技主题指数×100%,E,L,2021/8/18,,民生加银基金管理有限公司,fund_type/benchmark/name:healthcare,,,,,,,
560080.SH,汇添富中证中药ETF,Y,include:name_etf,医药,中药,股票型,中证中药指数收益率×100%,E,L,2022/10/17,,汇添富基金管理股份有限公司,sw2021:index_classify,,801155.SI,中药Ⅱ,L2,370000,中药,sw2021:industry_name_simplified
560260.SH,广发中证医疗ETF,Y,include:name_etf,医药,医疗综合,股票型,中证医疗指数收益率×100%,E,L,2023/9/15,,广发基金管理有限公司,fund_type/benchmark/name:healthcare,,,,,,,
560900.SH,摩根中证创新药产业ETF,Y,include:name_etf,医药,创新药,股票型,中证创新药产业指数收益率×100%,E,L,2022/6/2,,摩根基金管理(中国)有限公司,sw2021:index_classify,,801151.SI,化学制药,L2,370000,创新药,sw2021:alias
561510.SH,华泰柏瑞中证中药ETF,Y,include:name_etf,医药,中药,股票型,中证中药指数收益率×100%,E,L,2022/8/4,,华泰柏瑞基金管理有限公司,sw2021:index_classify,,801155.SI,中药Ⅱ,L2,370000,中药,sw2021:industry_name_simplified
561920.SH,招商中证疫苗与生物技术ETF,Y,include:name_etf,医药,生物科技,股票型,中证疫苗与生物技术指数收益率×100%,E,L,2023/3/29,,招商基金管理有限公司,sw2021:index_classify,,851523.SI,疫苗,L3,370300,疫苗,sw2021:industry_name
562390.SH,银华中证中药ETF,Y,include:name_etf,医药,中药,股票型,中证中药指数收益率×100%,E,L,2022/7/28,,银华基金管理股份有限公司,sw2021:index_classify,,801155.SI,中药Ⅱ,L2,370000,中药,sw2021:industry_name_simplified
562600.SH,华夏中证全指医疗器械ETF,Y,include:name_etf,医药,医疗器械,股票型,中证全指医疗器械指数收益率×100%,E,L,2023/12/11,,华夏基金管理有限公司,sw2021:index_classify,,801153.SI,医疗器械,L2,370000,医疗器械,sw2021:industry_name
562860.SH,嘉实中证疫苗与生物技术ETF,Y,include:name_etf,医药,生物科技,股票型,中证疫苗与生物技术指数收益率×100%,E,L,2023/2/24,,嘉实基金管理有限公司,sw2021:index_classify,,851523.SI,疫苗,L3,370300,疫苗,sw2021:industry_name
588130.SH,华夏上证科创板生物医药ETF,Y,include:name_etf,医药,医药综合,股票型,上证科创板生物医药指数收益率×100%,E,L,2025/5/28,,华夏基金管理有限公司,fund_type/benchmark/name:healthcare,,,,,,,
588250.SH,鹏华上证科创板生物医药ETF,Y,include:name_etf,医药,医药综合,股票型,上证科创板生物医药指数收益率×100%,E,L,2025/3/21,,鹏华基金管理有限公司,fund_type/benchmark/name:healthcare,,,,,,,
588700.SH,嘉实上证科创板生物医药ETF,Y,include:name_etf,医药,医药综合,股票型,上证科创板生物医药指数收益率×100%,E,L,2024/1/5,,嘉实基金管理有限公司,fund_type/benchmark/name:healthcare,,,,,,,
588860.SH,工银瑞信上证科创板生物医药ETF,Y,include:name_etf,医药,医药综合,股票型,上证科创板生物医药指数收益率×100%,E,L,2024/8/23,,工银瑞信基金管理有限公司,fund_type/benchmark/name:healthcare,,,,,,,
589120.SH,汇添富上证科创板创新药ETF,Y,include:name_etf,医药,创新药,股票型,上证科创板创新药指数收益率×100%,E,L,2025/9/19,,汇添富基金管理股份有限公司,sw2021:index_classify,,801151.SI,化学制药,L2,370000,创新药,sw2021:alias
589720.SH,国泰上证科创板创新药ETF,Y,include:name_etf,医药,创新药,股票型,上证科创板创新药指数收益率×100%,E,L,2025/8/1,,国泰基金管理有限公司,sw2021:index_classify,,801151.SI,化学制药,L2,370000,创新药,sw2021:alias
159017.SZ,工银瑞信国证石油天然气ETF,Y,include:name_etf,周期,能源,股票型,国证石油天然气指数收益率×100%,E,L,2026/5/8,,工银瑞信基金管理有限公司,fund_type/benchmark/name:commodity,,,,,,,
159018.SZ,广发国证石油天然气ETF,Y,include:name_etf,周期,能源,股票型,国证石油天然气指数同期收益率×100%,E,L,2026/4/27,,广发基金管理有限公司,fund_type/benchmark/name:commodity,,,,,,,
159019.SZ,华宝国证石油天然气ETF,Y,include:name_etf,周期,能源,股票型,国证石油天然气指数收益率×100%,E,L,2026/4/23,,华宝基金管理有限公司,fund_type/benchmark/name:commodity,,,,,,,
159026.SZ,南方国证石油天然气ETF,Y,include:name_etf,周期,能源,股票型,国证石油天然气指数收益率×100%,E,L,2026/4/24,,南方基金管理股份有限公司,fund_type/benchmark/name:commodity,,,,,,,
159029.SZ,广发中证有色金属矿业主题ETF,Y,include:name_etf,周期,有色金属,股票型,中证有色金属矿业主题指数收益率×100%,E,L,2026/5/21,,广发基金管理有限公司,fund_type/benchmark/name:commodity,,,,,,,
159032.SZ,易方达中证工业有色金属主题ETF,Y,include:name_etf,周期,有色金属,股票型,中证工业有色金属主题指数收益率×100%,E,L,2026/5/13,,易方达基金管理有限公司,fund_type/benchmark/name:commodity,,,,,,,
159049.SZ,工银瑞信中证有色金属矿业主题ETF,Y,include:name_etf,周期,有色金属,股票型,中证有色金属矿业主题指数收益率×100%,E,L,,,工银瑞信基金管理有限公司,fund_type/benchmark/name:commodity,,,,,,,
159148.SZ,富国国证石油天然气ETF,Y,include:name_etf,周期,能源,股票型,国证石油天然气指数×100%,E,L,2026/2/11,,富国基金管理有限公司,fund_type/benchmark/name:commodity,,,,,,,
159157.SZ,天弘中证工业有色金属主题ETF,Y,include:name_etf,周期,有色金属,股票型,中证工业有色金属主题指数收益率×100%,E,L,2026/2/6,,天弘基金管理有限公司,fund_type/benchmark/name:commodity,,,,,,,
159162.SZ,鹏华中证工业有色金属主题ETF,Y,include:name_etf,周期,有色金属,股票型,中证工业有色金属主题指数收益率×100%,E,L,2026/1/29,,鹏华基金管理有限公司,fund_type/benchmark/name:commodity,,,,,,,
159163.SZ,泰康中证有色金属矿业主题ETF,Y,include:name_etf,周期,有色金属,股票型,中证有色金属矿业主题指数收益率×100%,E,L,2026/2/9,,泰康基金管理有限公司,fund_type/benchmark/name:commodity,,,,,,,
159168.SZ,富国中证工业有色金属主题ETF,Y,include:name_etf,周期,有色金属,股票型,中证工业有色金属主题指数收益率×100%,E,L,2026/2/12,,富国基金管理有限公司,fund_type/benchmark/name:commodity,,,,,,,
159171.SZ,博时中证工业有色金属主题ETF,Y,include:name_etf,周期,有色金属,股票型,中证工业有色金属主题指数收益率×100%,E,L,2026/3/5,,博时基金管理有限公司,fund_type/benchmark/name:commodity,,,,,,,
159181.SZ,易方达国证石油天然气ETF,Y,include:name_etf,周期,能源,股票型,国证石油天然气指数收益率×100%,E,L,2026/3/19,,易方达基金管理有限公司,fund_type/benchmark/name:commodity,,,,,,,
159189.SZ,华夏国证石油天然气ETF,Y,include:name_etf,周期,能源,股票型,国证石油天然气指数收益率×100%,E,L,2026/3/19,,华夏基金管理有限公司,fund_type/benchmark/name:commodity,,,,,,,
159195.SZ,华安国证石油天然气ETF,Y,include:name_etf,周期,能源,股票型,国证石油天然气指数收益率×100%,E,L,2026/4/2,,华安基金管理有限公司,fund_type/benchmark/name:commodity,,,,,,,
159197.SZ,招商国证石油天然气ETF,Y,include:name_etf,周期,能源,股票型,国证石油天然气指数收益率×100%,E,L,2026/4/2,,招商基金管理有限公司,fund_type/benchmark/name:commodity,,,,,,,
159199.SZ,平安国证石油天然气ETF,Y,include:name_etf,周期,能源,股票型,国证石油天然气指数收益率×100%,E,L,2026/4/9,,平安基金管理有限公司,fund_type/benchmark/name:commodity,,,,,,,
159309.SZ,汇添富中证油气资源ETF,Y,include:name_etf,周期,能源,股票型,中证油气资源指数收益率×100%,E,L,2024/6/18,,汇添富基金管理股份有限公司,fund_type/benchmark/name:commodity,,,,,,,
159315.SZ,工银瑞信中证沪深港黄金产业股票ETF,Y,include:name_etf,周期,黄金,股票型,中证沪深港黄金产业股票指数收益率×100%,E,L,2024/6/14,,工银瑞信基金管理有限公司,fund_type/benchmark/name:commodity,,,,,,,
159321.SZ,华安中证沪深港黄金产业股票ETF,Y,include:name_etf,周期,黄金,股票型,中证沪深港黄金产业股票指数收益率×100%,E,L,2024/5/27,,华安基金管理有限公司,fund_type/benchmark/name:commodity,,,,,,,
159322.SZ,平安中证沪深港黄金产业股票ETF,Y,include:name_etf,周期,黄金,股票型,中证沪深港黄金产业股票指数收益率×100%,E,L,2024/6/14,,平安基金管理有限公司,fund_type/benchmark/name:commodity,,,,,,,
159518.SZ,嘉实标普石油天然气勘探及生产精选行业ETF(QDII),Y,include:name_etf,周期,能源,股票型,经估值汇率调整后的标普石油天然气勘探及生产精选行业指数收益率×100%,E,L,2023/11/15,,嘉实基金管理有限公司,fund_type/benchmark/name:commodity,,,,,,,
159562.SZ,华夏中证沪深港黄金产业股票ETF,Y,include:name_etf,周期,黄金,股票型,中证沪深港黄金产业股票指数收益率×100%,E,L,2024/1/22,,华夏基金管理有限公司,fund_type/benchmark/name:commodity,,,,,,,
159588.SZ,景顺长城国证石油天然气ETF,Y,include:name_etf,周期,能源,股票型,国证石油天然气指数收益率×100%,E,L,2024/5/31,,景顺长城基金管理有限公司,fund_type/benchmark/name:commodity,,,,,,,
159652.SZ,汇添富中证细分有色金属产业主题ETF,Y,include:name_etf,周期,有色金属,股票型,中证细分有色金属产业主题指数收益率×100%,E,L,2023/2/8,,汇添富基金管理股份有限公司,fund_type/benchmark/name:commodity,,,,,,,
159690.SZ,招商中证有色金属矿业主题ETF,Y,include:name_etf,周期,有色金属,股票型,中证有色金属矿业主题指数收益率×100%,E,L,2023/7/6,,招商基金管理有限公司,fund_type/benchmark/name:commodity,,,,,,,
159697.SZ,鹏华国证石油天然气ETF,Y,include:name_etf,周期,能源,股票型,国证石油天然气指数收益率×100%,E,L,2023/5/4,,鹏华基金管理有限公司,fund_type/benchmark/name:commodity,,,,,,,
159812.SZ,前海开源黄金ETF,Y,include:name_etf,商品,黄金,其他,上海黄金交易所Au99.99现货实盘合约收益率×100%,E,L,2020/5/29,,前海开源基金管理有限公司,fund_type/benchmark/name:commodity,,,,,,,
159830.SZ,天弘上海金ETF,Y,include:name_etf,商品,黄金,其他,上海黄金交易所上海金集中定价合约午盘基准价×100%,E,L,2021/7/19,,天弘基金管理有限公司,fund_type/benchmark/name:commodity,,,,,,,
159831.SZ,嘉实上海金ETF,Y,include:name_etf,商品,黄金,其他,上海黄金交易所上海金集中定价合约的午盘基准价格收益率×100%,E,L,2022/4/7,,嘉实基金管理有限公司,fund_type/benchmark/name:commodity,,,,,,,
159871.SZ,银华中证有色金属ETF,Y,include:name_etf,周期,有色金属,股票型,中证有色金属指数收益率×100%,E,L,2021/3/31,,银华基金管理股份有限公司,fund_type/benchmark/name:commodity,,,,,,,
159876.SZ,华宝中证有色金属ETF,Y,include:name_etf,周期,有色金属,股票型,中证有色金属指数收益率×100%,E,L,2021/3/24,,华宝基金管理有限公司,fund_type/benchmark/name:commodity,,,,,,,
159880.SZ,鹏华国证有色金属行业ETF,Y,include:name_etf,周期,有色金属,股票型,国证有色金属行业指数收益率×100%,E,L,2021/3/25,,鹏华基金管理有限公司,fund_type/benchmark/name:commodity,,,,,,,
159881.SZ,国泰中证有色金属ETF,Y,include:name_etf,周期,有色金属,股票型,中证有色金属指数收益率×100%,E,L,2021/7/1,,国泰基金管理有限公司,fund_type/benchmark/name:commodity,,,,,,,
159934.SZ,易方达黄金ETF,Y,include:name_etf,商品,黄金,其他,国内黄金现货价格收益率(Au99.99合约)×100%,E,L,2013/12/16,,易方达基金管理有限公司,fund_type/benchmark/name:commodity,,,,,,,
159937.SZ,博时黄金ETF,Y,include:name_etf,商品,黄金,其他,国内黄金现货价格收益率(Au99.99合约)×100%,E,L,2014/9/1,,博时基金管理有限公司,fund_type/benchmark/name:commodity,,,,,,,
159980.SZ,大成有色金属期货ETF,Y,include:name_etf,商品,有色金属,其他,上海期货交易所有色金属期货价格指数收益率×100%,E,L,2019/12/24,,大成基金管理有限公司,fund_type/benchmark/name:commodity,,,,,,,
159981.SZ,建信易盛郑商所能源化工期货ETF,Y,include:name_etf,商品,能源化工,其他,易盛郑商所能源化工指数A收益率×100%,E,L,2020/1/17,,建信基金管理有限责任公司,fund_type/benchmark/name:commodity,,,,,,,
159985.SZ,华夏饲料豆粕期货ETF,Y,include:name_etf,商品,农产品,其他,大连商品交易所豆粕期货价格指数收益率×100%,E,L,2019/12/5,,华夏基金管理有限公司,fund_type/benchmark/name:commodity,,,,,,,
510170.SH,国联安上证大宗商品股票ETF,Y,include:name_etf,周期,商品综合,股票型,上证大宗商品股票指数×100%,E,L,2011/1/25,,国联安基金管理有限公司,fund_type/benchmark/name:commodity,,,,,,,
512400.SH,南方中证申万有色金属ETF,Y,include:name_etf,周期,有色金属,股票型,中证申万有色金属指数×100%,E,L,2017/9/1,,南方基金管理股份有限公司,fund_type/benchmark/name:commodity,,,,,,,
512940.SH,华安中证有色金属矿业主题ETF,Y,include:name_etf,周期,有色金属,股票型,中证有色金属矿业主题指数收益率×100%,E,L,2026/2/26,,华安基金管理有限公司,fund_type/benchmark/name:commodity,,,,,,,
513350.SH,富国标普石油天然气勘探及生产精选行业ETF(QDII),Y,include:name_etf,周期,能源,股票型,标普石油天然气勘探及生产精选行业指数收益率(经汇率调整后)×100%,E,L,2023/11/28,,富国基金管理有限公司,fund_type/benchmark/name:commodity,,,,,,,
515210.SH,国泰中证钢铁ETF,Y,include:name_etf,周期,钢铁,股票型,中证钢铁指数收益率×100%,E,L,2020/3/2,,国泰基金管理有限公司,fund_type/benchmark/name:commodity,,,,,,,
515220.SH,国泰中证煤炭ETF,Y,include:name_etf,周期,能源,股票型,中证煤炭指数收益率×100%,E,L,2020/3/2,,国泰基金管理有限公司,fund_type/benchmark/name:commodity,,,,,,,
516650.SH,华夏中证细分有色金属产业主题ETF,Y,include:name_etf,周期,有色金属,股票型,中证细分有色金属产业主题指数收益率×100%,E,L,2021/6/21,,华夏基金管理有限公司,fund_type/benchmark/name:commodity,,,,,,,
517400.SH,国泰中证沪深港黄金产业股票ETF,Y,include:name_etf,周期,黄金,股票型,中证沪深港黄金产业股票指数收益率×100%,E,L,2024/5/8,,国泰基金管理有限公司,fund_type/benchmark/name:commodity,,,,,,,
517520.SH,永赢中证沪深港黄金产业股票ETF,Y,include:name_etf,周期,黄金,股票型,中证沪深港黄金产业股票指数收益率×100%,E,L,2023/11/1,,永赢基金管理有限公司,fund_type/benchmark/name:commodity,,,,,,,
518600.SH,广发上海金ETF,Y,include:name_etf,商品,黄金,其他,上海黄金交易所上海金集中定价合约(合约代码:SHAU)的午盘基准价格收益率×100%,E,L,2020/8/5,,广发基金管理有限公司,fund_type/benchmark/name:commodity,,,,,,,
518660.SH,工银瑞信黄金ETF,Y,include:name_etf,商品,黄金,其他,上海黄金交易所Au99.99现货实盘合约收盘价收益率×100%,E,L,2020/5/29,,工银瑞信基金管理有限公司,fund_type/benchmark/name:commodity,,,,,,,
518680.SH,富国上海金ETF,Y,include:name_etf,商品,黄金,其他,上海黄金交易所上海金集中定价合约(合约代码:SHAU)午盘基准价格收益率×100%,E,L,2020/7/28,,富国基金管理有限公司,fund_type/benchmark/name:commodity,,,,,,,
518800.SH,国泰黄金ETF,Y,include:name_etf,商品,黄金,其他,国内黄金现货价格收益率(Au99.99合约)×100%,E,L,2013/7/29,,国泰基金管理有限公司,fund_type/benchmark/name:commodity,,,,,,,
518850.SH,华夏黄金ETF,Y,include:name_etf,商品,黄金,其他,上海黄金交易所黄金现货实盘合约Au99.99价格收益率×100%,E,L,2020/6/5,,华夏基金管理有限公司,fund_type/benchmark/name:commodity,,,,,,,
518860.SH,建信上海金ETF,Y,include:name_etf,商品,黄金,其他,上海黄金交易所上海金集中定价合约(合约代码:SHAU)的午盘基准价的收益率×100%,E,L,2020/9/7,,建信基金管理有限责任公司,fund_type/benchmark/name:commodity,,,,,,,
518880.SH,华安易富黄金ETF,Y,include:name_etf,商品,黄金,其他,国内黄金现货价格收益率(Au99.99合约)×100%,E,L,2013/7/29,,华安基金管理有限公司,fund_type/benchmark/name:commodity,,,,,,,
518890.SH,中银上海金ETF,Y,include:name_etf,商品,黄金,其他,上海黄金交易所上海金集中定价合约(合约代码:SHAU)午盘基准价格收益率×100%,E,L,2020/9/28,,中银基金管理有限公司,fund_type/benchmark/name:commodity,,,,,,,
560290.SH,景顺长城中证有色金属矿业主题ETF,Y,include:name_etf,周期,有色金属,股票型,中证有色金属矿业主题指数收益率×100%,E,L,2026/2/6,,景顺长城基金管理有限公司,fund_type/benchmark/name:commodity,,,,,,,
560470.SH,易方达中证细分有色金属产业主题ETF,Y,include:name_etf,周期,有色金属,股票型,中证细分有色金属产业主题指数收益率×100%,E,L,2026/4/30,,易方达基金管理有限公司,fund_type/benchmark/name:commodity,,,,,,,
560490.SH,华泰柏瑞中证工业有色金属主题ETF,Y,include:name_etf,周期,有色金属,股票型,中证工业有色金属主题指数收益率×100%,E,L,2026/5/26,,华泰柏瑞基金管理有限公司,fund_type/benchmark/name:commodity,,,,,,,
560860.SH,万家中证工业有色金属主题ETF,Y,include:name_etf,周期,有色金属,股票型,中证工业有色金属主题指数收益率×100%,E,L,2023/3/13,,万家基金管理有限公司,fund_type/benchmark/name:commodity,,,,,,,
560870.SH,中银中证工业有色金属主题ETF,Y,include:name_etf,周期,有色金属,股票型,中证工业有色金属主题指数收益率×100%,E,L,2026/5/25,,中银基金管理有限公司,fund_type/benchmark/name:commodity,,,,,,,
560970.SH,平安中证工业有色金属主题ETF,Y,include:name_etf,周期,有色金属,股票型,中证工业有色金属主题指数收益率×100%,E,L,2026/6/8,,平安基金管理有限公司,fund_type/benchmark/name:commodity,,,,,,,
561330.SH,国泰中证有色金属矿业主题ETF,Y,include:name_etf,周期,有色金属,股票型,中证有色金属矿业主题指数收益率×100%,E,L,2022/11/1,,国泰基金管理有限公司,fund_type/benchmark/name:commodity,,,,,,,
561360.SH,国泰中证油气产业ETF,Y,include:name_etf,周期,能源,股票型,中证油气产业指数收益率×100%,E,L,2023/10/31,,国泰基金管理有限公司,fund_type/benchmark/name:commodity,,,,,,,
561570.SH,华泰柏瑞中证油气产业ETF,Y,include:name_etf,周期,能源,股票型,中证油气产业指数收益率×100%,E,L,2024/10/17,,华泰柏瑞基金管理有限公司,fund_type/benchmark/name:commodity,,,,,,,
561760.SH,博时中证油气资源ETF,Y,include:name_etf,周期,能源,股票型,中证油气资源指数收益率×100%,E,L,2024/4/29,,博时基金管理有限公司,fund_type/benchmark/name:commodity,,,,,,,
563150.SH,银华中证油气资源ETF,Y,include:name_etf,周期,能源,股票型,中证油气资源指数收益率×100%,E,L,2024/5/30,,银华基金管理股份有限公司,fund_type/benchmark/name:commodity,,,,,,,
159601.SZ,华夏MSCI中国A50互联互通ETF,Y,include:name_etf,宽基,MSCI,股票型,MSCI中国A50互联互通人民币指数收益率×100%,E,L,2021/11/8,,华夏基金管理有限公司,fund_type/benchmark/name:broad_index,,,,,,,
159602.SZ,南方MSCI中国A50互联互通ETF,Y,include:name_etf,宽基,MSCI,股票型,MSCI中国A50互联互通人民币指数收益率×100%,E,L,2021/11/8,,南方基金管理股份有限公司,fund_type/benchmark/name:broad_index,,,,,,,
159621.SZ,国泰MSCI中国A股ESG通用ETF,Y,include:name_etf,宽基,MSCI,股票型,MSCI中国A股人民币ESG通用指数收益率×100%,E,L,2022/9/9,,国泰基金管理有限公司,fund_type/benchmark/name:broad_index,,,,,,,
512030.SH,易方达中证A50增强策略ETF,Y,include:name_etf,宽基,中证A50,股票型,中证A50指数收益率×100%,E,L,2025/8/13,,易方达基金管理有限公司,fund_type/benchmark/name:broad_index,,,,,,,
512180.SH,建信MSCI中国A股国际通ETF,Y,include:name_etf,宽基,MSCI,股票型,MSCI中国A股国际通指数×100%,E,L,2018/5/21,,建信基金管理有限责任公司,fund_type/benchmark/name:broad_index,,,,,,,
512380.SH,银华MSCI中国A股ETF,Y,include:name_etf,宽基,MSCI,股票型,MSCI中国A股人民币指数×100%,E,L,2019/4/30,,银华基金管理股份有限公司,fund_type/benchmark/name:broad_index,,,,,,,
512520.SH,华泰柏瑞MSCI中国A股国际通ETF,Y,include:name_etf,宽基,MSCI,股票型,MSCI中国A股国际通指数收益率×100%,E,L,2018/5/18,,华泰柏瑞基金管理有限公司,fund_type/benchmark/name:broad_index,,,,,,,
512990.SH,华夏MSCI中国A股国际通ETF,Y,include:name_etf,宽基,MSCI,股票型,MSCI中国A股国际通指数收益率×100%,E,L,2018/9/17,,华夏基金管理有限公司,fund_type/benchmark/name:broad_index,,,,,,,
515770.SH,摩根MSCI中国A股ETF,Y,include:name_etf,宽基,MSCI,股票型,MSCI中国A股人民币指数收益率×100%,E,L,2020/6/19,,摩根基金管理(中国)有限公司,fund_type/benchmark/name:broad_index,,,,,,,
515910.SH,中金MSCI中国A股国际质量ETF,Y,include:name_etf,宽基,MSCI,股票型,MSCI中国A股国际质量指数收益率×100%,E,L,2021/2/26,,中金基金管理有限公司,fund_type/benchmark/name:broad_index,,,,,,,
560050.SH,汇添富MSCI中国A50互联互通ETF,Y,include:name_etf,宽基,MSCI,股票型,MSCI中国A50互联互通人民币指数收益率×100%,E,L,2021/11/8,,汇添富基金管理股份有限公司,fund_type/benchmark/name:broad_index,,,,,,,
563000.SH,易方达MSCI中国A50互联互通ETF,Y,include:name_etf,宽基,MSCI,股票型,MSCI中国A50互联互通人民币指数收益率×100%,E,L,2021/11/8,,易方达基金管理有限公司,fund_type/benchmark/name:broad_index,,,,,,,
563280.SH,富国MSCI中国A50互联互通增强策略ETF,Y,include:name_etf,宽基,MSCI,股票型,MSCI中国A50互联互通人民币指数收益率×100%,E,L,2024/4/12,,富国基金管理有限公司,fund_type/benchmark/name:broad_index,,,,,,,
159012.SZ,鹏华中证科创创业50ETF,Y,include:name_etf,宽基,科创创业50,股票型,中证科创创业50指数收益率×100%,E,L,2026/5/20,,鹏华基金管理有限公司,fund_type/benchmark/name:broad_index,,,,,,,
159136.SZ,广发中证A50ETF,Y,include:name_etf,宽基,中证A50,股票型,中证A50指数收益率×100%,E,L,2025/12/25,,广发基金管理有限公司,fund_type/benchmark/name:broad_index,,,,,,,
159150.SZ,易方达深证50ETF,Y,include:name_etf,宽基,深证50,股票型,深证50指数收益率×100%,E,L,2023/12/11,,易方达基金管理有限公司,fund_type/benchmark/name:broad_index,,,,,,,
159298.SZ,大成创业板50ETF,Y,include:name_etf,宽基,创业板50,股票型,创业板50指数收益率×100%,E,L,2025/9/8,,大成基金管理有限公司,fund_type/benchmark/name:broad_index,,,,,,,
159350.SZ,富国深证50ETF,Y,include:name_etf,宽基,深证50,股票型,深证50指数收益率×100%,E,L,2023/12/11,,富国基金管理有限公司,fund_type/benchmark/name:broad_index,,,,,,,
159367.SZ,华夏创业板50ETF,Y,include:name_etf,宽基,创业板50,股票型,创业板50指数收益率×100%,E,L,2025/2/14,,华夏基金管理有限公司,fund_type/benchmark/name:broad_index,,,,,,,
159369.SZ,易方达创业板50ETF,Y,include:name_etf,宽基,创业板50,股票型,创业板50指数收益率×100%,E,L,2025/8/21,,易方达基金管理有限公司,fund_type/benchmark/name:broad_index,,,,,,,
159370.SZ,工银瑞信创业板50ETF,Y,include:name_etf,宽基,创业板50,股票型,创业板50指数收益率×100%,E,L,2025/1/20,,工银瑞信基金管理有限公司,fund_type/benchmark/name:broad_index,,,,,,,
159371.SZ,富国创业板50ETF,Y,include:name_etf,宽基,创业板50,股票型,创业板50指数收益率×100%,E,L,2025/2/12,,富国基金管理有限公司,fund_type/benchmark/name:broad_index,,,,,,,
159372.SZ,万家创业板50ETF,Y,include:name_etf,宽基,创业板50,股票型,创业板50指数收益率×100%,E,L,2025/6/9,,万家基金管理有限公司,fund_type/benchmark/name:broad_index,,,,,,,
159373.SZ,嘉实创业板50ETF,Y,include:name_etf,宽基,创业板50,股票型,创业板50指数收益率×100%,E,L,2025/2/10,,嘉实基金管理有限公司,fund_type/benchmark/name:broad_index,,,,,,,
159375.SZ,国泰创业板50ETF,Y,include:name_etf,宽基,创业板50,股票型,创业板50指数收益率×100%,E,L,2025/1/10,,国泰基金管理有限公司,fund_type/benchmark/name:broad_index,,,,,,,
159383.SZ,华泰柏瑞创业板50ETF,Y,include:name_etf,宽基,创业板50,股票型,创业板50指数收益率×100%,E,L,2025/2/14,,华泰柏瑞基金管理有限公司,fund_type/benchmark/name:broad_index,,,,,,,
159390.SZ,国联中证A50ETF,Y,include:name_etf,宽基,中证A50,股票型,中证A50指数收益率×100%,E,L,2025/4/9,,国联基金管理有限公司,fund_type/benchmark/name:broad_index,,,,,,,
159578.SZ,南方深证主板50ETF,Y,include:name_etf,宽基,深证50,股票型,深证主板50指数×100%,E,L,2024/6/7,,南方基金管理股份有限公司,fund_type/benchmark/name:broad_index,,,,,,,
159591.SZ,富国中证A50ETF,Y,include:name_etf,宽基,中证A50,股票型,中证A50指数收益率×100%,E,L,2024/3/18,,富国基金管理有限公司,fund_type/benchmark/name:broad_index,,,,,,,
159592.SZ,银华中证A50ETF,Y,include:name_etf,宽基,中证A50,股票型,中证A50指数收益率×100%,E,L,2024/3/18,,银华基金管理股份有限公司,fund_type/benchmark/name:broad_index,,,,,,,
159593.SZ,平安中证A50ETF,Y,include:name_etf,宽基,中证A50,股票型,中证A50指数收益率×100%,E,L,2024/3/12,,平安基金管理有限公司,fund_type/benchmark/name:broad_index,,,,,,,
159595.SZ,大成中证A50ETF,Y,include:name_etf,宽基,中证A50,股票型,中证A50指数收益率×100%,E,L,2024/3/18,,大成基金管理有限公司,fund_type/benchmark/name:broad_index,,,,,,,
159596.SZ,华宝中证A50ETF,Y,include:name_etf,宽基,中证A50,股票型,中证A50指数收益率×100%,E,L,2024/3/18,,华宝基金管理有限公司,fund_type/benchmark/name:broad_index,,,,,,,
159603.SZ,天弘中证科创创业50ETF,Y,include:name_etf,宽基,科创创业50,股票型,中证科创创业50指数收益率×100%,E,L,2022/6/8,,天弘基金管理有限公司,fund_type/benchmark/name:broad_index,,,,,,,
159670.SZ,国联安中证消费50ETF,Y,include:name_etf,消费,消费综合,股票型,中证消费50指数收益率×100%,E,L,2023/5/9,,国联安基金管理有限公司,fund_type/benchmark/name:index_candidate,,,,,,,
159681.SZ,鹏华创业板50ETF,Y,include:name_etf,宽基,创业板50,股票型,创业板50指数收益率×100%,E,L,2023/1/3,,鹏华基金管理有限公司,fund_type/benchmark/name:broad_index,,,,,,,
159682.SZ,景顺长城创业板50ETF,Y,include:name_etf,宽基,创业板50,股票型,创业板50指数收益率×100%,E,L,2023/1/3,,景顺长城基金管理有限公司,fund_type/benchmark/name:broad_index,,,,,,,
159709.SZ,工银瑞信深证物联网50ETF,Y,include:name_etf,科技,通信,股票型,深证物联网50指数收益率×100%,E,L,2021/7/2,,工银瑞信基金管理有限公司,fund_type/benchmark/name:index_candidate,,,,,,,
159780.SZ,南方中证科创创业50ETF,Y,include:name_etf,宽基,科创创业50,股票型,中证科创创业50指数收益率×100%,E,L,2021/7/5,,南方基金管理股份有限公司,fund_type/benchmark/name:broad_index,,,,,,,
159781.SZ,易方达中证科创创业50ETF,Y,include:name_etf,宽基,科创创业50,股票型,中证科创创业50指数收益率×100%,E,L,2021/7/5,,易方达基金管理有限公司,fund_type/benchmark/name:broad_index,,,,,,,
159782.SZ,银华中证科创创业50ETF,Y,include:name_etf,宽基,科创创业50,股票型,中证科创创业50指数收益率×100%,E,L,2021/7/7,,银华基金管理股份有限公司,fund_type/benchmark/name:broad_index,,,,,,,
159783.SZ,华夏中证科创创业50ETF,Y,include:name_etf,宽基,科创创业50,股票型,中证科创创业50指数收益率×100%,E,L,2021/7/5,,华夏基金管理有限公司,fund_type/benchmark/name:broad_index,,,,,,,
159798.SZ,易方达中证消费50ETF,Y,include:name_etf,消费,消费综合,股票型,中证消费50指数收益率×100%,E,L,2022/5/11,,易方达基金管理有限公司,fund_type/benchmark/name:index_candidate,,,,,,,
159811.SZ,博时中证5G产业50ETF,Y,include:name_etf,科技,通信,股票型,中证5G产业50指数收益率×100%,E,L,2020/4/22,,博时基金管理有限公司,fund_type/benchmark/name:index_candidate,,,,,,,
159861.SZ,国泰中证环保产业50ETF,Y,include:name_etf,公用事业,环保,股票型,中证环保产业50指数收益率×100%,E,L,2021/4/2,,国泰基金管理有限公司,sw2021:index_classify,,801970.SI,环保,L1,0,环保,sw2021:industry_name
159949.SZ,华安创业板50ETF,Y,include:name_etf,宽基,创业板50,股票型,创业板50指数×100%,E,L,2016/7/22,,华安基金管理有限公司,fund_type/benchmark/name:broad_index,,,,,,,
159965.SZ,国联央视财经50ETF,Y,include:name_etf,宽基,其他,股票型,央视财经50指数收益率×100%,E,L,2019/4/24,,国联基金管理有限公司,fund_type/benchmark/name:index_candidate,,,,,,,
510100.SH,易方达上证50ETF,Y,include:name_etf,宽基,上证50,股票型,上证50指数收益率×100%,E,L,2019/10/9,,易方达基金管理有限公司,fund_type/benchmark/name:broad_index,,,,,,,
510190.SH,华安上证50ETF,Y,include:name_etf,宽基,上证50,股票型,上证50指数收益率×100%,E,L,2011/1/10,,华安基金管理有限公司,fund_type/benchmark/name:broad_index,,,,,,,
510600.SH,申万菱信上证50ETF,Y,include:name_etf,宽基,上证50,股票型,上证50指数×100%,E,L,2018/9/20,,申万菱信基金管理有限公司,fund_type/benchmark/name:broad_index,,,,,,,
510850.SH,工银瑞信上证50ETF,Y,include:name_etf,宽基,上证50,股票型,上证50指数收益率×100%,E,L,2019/3/6,,工银瑞信基金管理有限公司,fund_type/benchmark/name:broad_index,,,,,,,
510950.SH,广发上证50ETF,Y,include:name_etf,宽基,上证50,股票型,上证50指数收益率×100%,E,L,2024/5/10,,广发基金管理有限公司,fund_type/benchmark/name:broad_index,,,,,,,
512150.SH,汇安富时中国A50ETF,Y,include:name_etf,宽基,富时中国A50,股票型,富时中国A50指数收益率×100%,E,L,2019/1/21,,汇安基金管理有限责任公司,fund_type/benchmark/name:broad_index,,,,,,,
512190.SH,浙商汇金中证浙江凤凰行动50ETF,Y,include:name_etf,宽基,其他,股票型,中证浙江凤凰行动50指数收益率×100%,E,L,2019/9/9,,浙江浙商证券资产管理有限公司,fund_type/benchmark/name:index_candidate,,,,,,,
512240.SH,鹏华中证A50ETF,Y,include:name_etf,宽基,中证A50,股票型,中证A50指数收益率×100%,E,L,2025/4/7,,鹏华基金管理有限公司,fund_type/benchmark/name:broad_index,,,,,,,
512250.SH,招商中证A50ETF,Y,include:name_etf,宽基,中证A50,股票型,中证A50指数收益率×100%,E,L,2025/4/14,,招商基金管理有限公司,fund_type/benchmark/name:broad_index,,,,,,,
512550.SH,嘉实富时中国A50ETF,Y,include:name_etf,宽基,富时中国A50,股票型,富时中国A50指数×100%,E,L,2017/8/7,,嘉实基金管理有限公司,fund_type/benchmark/name:broad_index,,,,,,,
512750.SH,嘉实中证锐联基本面50ETF,Y,include:name_etf,宽基,其他,股票型,中证锐联基本面50指数收益率×100%,E,L,2019/7/5,,嘉实基金管理有限公司,fund_type/benchmark/name:index_candidate,,,,,,,
515650.SH,富国中证消费50ETF,Y,include:name_etf,消费,消费综合,股票型,中证消费50指数收益率×100%,E,L,2019/11/11,,富国基金管理有限公司,fund_type/benchmark/name:index_candidate,,,,,,,
530000.SH,天弘上证50ETF,Y,include:name_etf,宽基,上证50,股票型,上证50指数收益率×100%,E,L,2024/9/13,,天弘基金管理有限公司,fund_type/benchmark/name:broad_index,,,,,,,
530050.SH,东财上证50ETF,Y,include:name_etf,宽基,上证50,股票型,上证50指数收益率×100%,E,L,2024/12/4,,东财基金管理有限公司,fund_type/benchmark/name:broad_index,,,,,,,
560350.SH,摩根中证A50ETF,Y,include:name_etf,宽基,中证A50,股票型,中证A50指数收益率×100%,E,L,2024/3/12,,摩根基金管理(中国)有限公司,fund_type/benchmark/name:broad_index,,,,,,,
560650.SH,民生加银中证企业核心竞争力50ETF,Y,include:name_etf,宽基,其他,股票型,中证企业核心竞争力50指数收益率×100%,E,L,2022/6/27,,民生加银基金管理有限公司,fund_type/benchmark/name:index_candidate,,,,,,,
560660.SH,新华中证云计算50ETF,Y,include:name_etf,科技,人工智能,股票型,中证云计算50指数收益率×100%,E,L,2021/8/25,,新华基金管理股份有限公司,fund_type/benchmark/name:index_candidate,,,,,,,
560820.SH,新华中证A50ETF,Y,include:name_etf,宽基,中证A50,股票型,中证A50指数收益率×100%,E,L,2025/4/18,,新华基金管理股份有限公司,fund_type/benchmark/name:broad_index,,,,,,,
561230.SH,工银瑞信中证A50ETF,Y,include:name_etf,宽基,中证A50,股票型,中证A50指数收益率×100%,E,L,2024/3/18,,工银瑞信基金管理有限公司,fund_type/benchmark/name:broad_index,,,,,,,
561500.SH,华泰柏瑞中证企业核心竞争力50ETF,Y,include:name_etf,宽基,其他,股票型,中证企业核心竞争力50指数收益率×100%,E,L,2021/6/28,,华泰柏瑞基金管理有限公司,fund_type/benchmark/name:index_candidate,,,,,,,
561750.SH,博时中证A50ETF,Y,include:name_etf,宽基,中证A50,股票型,中证A50指数收益率×100%,E,L,2025/5/30,,博时基金管理有限公司,fund_type/benchmark/name:broad_index,,,,,,,
562890.SH,嘉实中证A50ETF,Y,include:name_etf,宽基,中证A50,股票型,中证A50指数收益率×100%,E,L,2024/3/18,,嘉实基金管理有限公司,fund_type/benchmark/name:broad_index,,,,,,,
563080.SH,易方达中证A50ETF,Y,include:name_etf,宽基,中证A50,股票型,中证A50指数收益率×100%,E,L,2024/3/18,,易方达基金管理有限公司,fund_type/benchmark/name:broad_index,,,,,,,
563090.SH,易方达上证50增强策略ETF,Y,include:name_etf,宽基,上证50,股票型,上证50指数收益率×100%,E,L,2024/6/6,,易方达基金管理有限公司,fund_type/benchmark/name:broad_index,,,,,,,
563350.SH,华泰柏瑞中证A50ETF,Y,include:name_etf,宽基,中证A50,股票型,中证A50指数收益率×100%,E,L,2024/3/18,,华泰柏瑞基金管理有限公司,fund_type/benchmark/name:broad_index,,,,,,,
588300.SH,招商中证科创创业50ETF,Y,include:name_etf,宽基,科创创业50,股票型,中证科创创业50指数收益率×100%,E,L,2021/7/5,,招商基金管理有限公司,fund_type/benchmark/name:broad_index,,,,,,,
588310.SH,方正富邦中证科创创业50ETF,Y,include:name_etf,宽基,科创创业50,股票型,中证科创创业50指数收益率×100%,E,L,2021/12/2,,方正富邦基金管理有限公司,fund_type/benchmark/name:broad_index,,,,,,,
588330.SH,华宝中证科创创业50ETF,Y,include:name_etf,宽基,科创创业50,股票型,中证科创创业50指数收益率×100%,E,L,2021/7/6,,华宝基金管理有限公司,fund_type/benchmark/name:broad_index,,,,,,,
588350.SH,鹏扬中证科创创业50ETF,Y,include:name_etf,宽基,科创创业50,股票型,中证科创创业50指数收益率×100%,E,L,2022/11/10,,鹏扬基金管理有限公司,fund_type/benchmark/name:broad_index,,,,,,,
588360.SH,国泰中证科创创业50ETF,Y,include:name_etf,宽基,科创创业50,股票型,中证科创创业50指数收益率×100%,E,L,2021/7/6,,国泰基金管理有限公司,fund_type/benchmark/name:broad_index,,,,,,,
588380.SH,富国中证科创创业50ETF,Y,include:name_etf,宽基,科创创业50,股票型,中证科创创业50指数×100%,E,L,2021/7/6,,富国基金管理有限公司,fund_type/benchmark/name:broad_index,,,,,,,
588390.SH,博时中证科创创业50ETF,Y,include:name_etf,宽基,科创创业50,股票型,中证科创创业50指数收益率×100%,E,L,2021/8/30,,博时基金管理有限公司,fund_type/benchmark/name:broad_index,,,,,,,
588400.SH,嘉实中证科创创业50ETF,Y,include:name_etf,宽基,科创创业50,股票型,中证科创创业50指数收益率×100%,E,L,2021/7/5,,嘉实基金管理有限公司,fund_type/benchmark/name:broad_index,,,,,,,
588660.SH,兴银中证科创创业50ETF,Y,include:name_etf,宽基,科创创业50,股票型,中证科创创业50指数收益率×100%,E,L,2025/3/17,,兴银基金管理有限责任公司,fund_type/benchmark/name:broad_index,,,,,,,
159629.SZ,富国中证1000ETF,Y,include:name_etf,宽基,中证1000,股票型,中证1000指数收益率×100%,E,L,2022/8/3,,富国基金管理有限公司,fund_type/benchmark/name:broad_index,,,,,,,
159633.SZ,易方达中证1000ETF,Y,include:name_etf,宽基,中证1000,股票型,中证1000指数收益率×100%,E,L,2022/8/4,,易方达基金管理有限公司,fund_type/benchmark/name:broad_index,,,,,,,
159677.SZ,银华中证1000增强策略ETF,Y,include:name_etf,宽基,中证1000,股票型,中证1000指数收益率×100%,E,L,2022/12/5,,银华基金管理股份有限公司,fund_type/benchmark/name:broad_index,,,,,,,
159679.SZ,国泰中证1000增强策略ETF,Y,include:name_etf,宽基,中证1000,股票型,中证1000指数收益率×100%,E,L,2023/2/22,,国泰基金管理有限公司,fund_type/benchmark/name:broad_index,,,,,,,
159680.SZ,招商中证1000增强策略ETF,Y,include:name_etf,宽基,中证1000,股票型,中证1000指数收益率×100%,E,L,2022/11/30,,招商基金管理有限公司,fund_type/benchmark/name:broad_index,,,,,,,
159685.SZ,天弘中证1000增强策略ETF,Y,include:name_etf,宽基,中证1000,股票型,中证1000指数收益率×100%,E,L,2023/4/3,,天弘基金管理有限公司,fund_type/benchmark/name:broad_index,,,,,,,
159845.SZ,华夏中证1000ETF,Y,include:name_etf,宽基,中证1000,股票型,中证1000指数收益率×100%,E,L,2021/3/31,,华夏基金管理有限公司,fund_type/benchmark/name:broad_index,,,,,,,
512100.SH,南方中证1000ETF,Y,include:name_etf,宽基,中证1000,股票型,中证1000指数×100%,E,L,2016/11/4,,南方基金管理股份有限公司,fund_type/benchmark/name:broad_index,,,,,,,
516300.SH,华泰柏瑞中证1000ETF,Y,include:name_etf,宽基,中证1000,股票型,中证1000指数收益率×100%,E,L,2021/3/24,,华泰柏瑞基金管理有限公司,fund_type/benchmark/name:broad_index,,,,,,,
560010.SH,广发中证1000ETF,Y,include:name_etf,宽基,中证1000,股票型,中证1000指数收益率×100%,E,L,2022/8/4,,广发基金管理有限公司,fund_type/benchmark/name:broad_index,,,,,,,
560110.SH,汇添富中证1000ETF,Y,include:name_etf,宽基,中证1000,股票型,中证1000指数收益率×100%,E,L,2022/8/8,,汇添富基金管理股份有限公司,fund_type/benchmark/name:broad_index,,,,,,,
560590.SH,鹏华中证1000增强策略ETF,Y,include:name_etf,宽基,中证1000,股票型,中证1000指数收益率×100%,E,L,2023/9/25,,鹏华基金管理有限公司,fund_type/benchmark/name:broad_index,,,,,,,
561280.SH,工银瑞信中证1000增强策略ETF,Y,include:name_etf,宽基,中证1000,股票型,中证1000指数收益率×100%,E,L,2023/9/22,,工银瑞信基金管理有限公司,fund_type/benchmark/name:broad_index,,,,,,,
561590.SH,华泰柏瑞中证1000增强策略ETF,Y,include:name_etf,宽基,中证1000,股票型,中证1000指数收益率×100%,E,L,2022/12/12,,华泰柏瑞基金管理有限公司,fund_type/benchmark/name:broad_index,,,,,,,
561780.SH,博时中证1000增强策略ETF,Y,include:name_etf,宽基,中证1000,股票型,中证1000指数收益率×100%,E,L,2023/11/10,,博时基金管理有限公司,fund_type/benchmark/name:broad_index,,,,,,,
159505.SZ,博时国证2000ETF,Y,include:name_etf,宽基,中证2000,股票型,国证2000指数收益率×100%,E,L,2023/12/4,,博时基金管理有限公司,fund_type/benchmark/name:broad_index,,,,,,,
159521.SZ,平安国证2000ETF,Y,include:name_etf,宽基,中证2000,股票型,国证2000指数收益率×100%,E,L,2023/9/7,,平安基金管理有限公司,fund_type/benchmark/name:broad_index,,,,,,,
159531.SZ,南方中证2000ETF,Y,include:name_etf,宽基,中证2000,股票型,中证2000指数收益率×100%,E,L,2023/9/18,,南方基金管理股份有限公司,fund_type/benchmark/name:broad_index,,,,,,,
159532.SZ,易方达中证2000ETF,Y,include:name_etf,宽基,中证2000,股票型,中证2000指数收益率×100%,E,L,2023/9/21,,易方达基金管理有限公司,fund_type/benchmark/name:broad_index,,,,,,,
159533.SZ,博时中证2000ETF,Y,include:name_etf,宽基,中证2000,股票型,中证2000指数收益率×100%,E,L,2024/6/7,,博时基金管理有限公司,fund_type/benchmark/name:broad_index,,,,,,,
159535.SZ,嘉实中证2000ETF,Y,include:name_etf,宽基,中证2000,股票型,中证2000指数收益率×100%,E,L,2023/9/22,,嘉实基金管理有限公司,fund_type/benchmark/name:broad_index,,,,,,,
159536.SZ,汇添富中证2000ETF,Y,include:name_etf,宽基,中证2000,股票型,中证2000指数收益率×100%,E,L,2023/9/21,,汇添富基金管理股份有限公司,fund_type/benchmark/name:broad_index,,,,,,,
159543.SZ,工银瑞信国证2000ETF,Y,include:name_etf,宽基,中证2000,股票型,国证2000指数收益率×100%,E,L,2023/11/20,,工银瑞信基金管理有限公司,fund_type/benchmark/name:broad_index,,,,,,,
159552.SZ,招商中证2000增强策略ETF,Y,include:name_etf,宽基,中证2000,股票型,中证2000指数收益率×100%,E,L,2024/6/28,,招商基金管理有限公司,fund_type/benchmark/name:broad_index,,,,,,,
159553.SZ,海富通中证2000增强策略ETF,Y,include:name_etf,宽基,中证2000,股票型,中证2000指数收益率×100%,E,L,2024/4/15,,海富通基金管理有限公司,fund_type/benchmark/name:broad_index,,,,,,,
159555.SZ,银华中证2000增强策略ETF,Y,include:name_etf,宽基,中证2000,股票型,中证2000指数×100%,E,L,2023/12/12,,银华基金管理股份有限公司,fund_type/benchmark/name:broad_index,,,,,,,
159556.SZ,平安中证2000增强策略ETF,Y,include:name_etf,宽基,中证2000,股票型,中证2000指数收益率×100%,E,L,2024/1/10,,平安基金管理有限公司,fund_type/benchmark/name:broad_index,,,,,,,
159628.SZ,万家国证2000ETF,Y,include:name_etf,宽基,中证2000,股票型,国证2000指数收益率×100%,E,L,2022/7/18,,万家基金管理有限公司,fund_type/benchmark/name:broad_index,,,,,,,
159907.SZ,广发国证2000ETF,Y,include:name_etf,宽基,中证2000,股票型,国证2000指数×100%,E,L,2011/8/10,,广发基金管理有限公司,fund_type/benchmark/name:broad_index,,,,,,,
560220.SH,广发中证2000ETF,Y,include:name_etf,宽基,中证2000,股票型,中证2000指数收益率×100%,E,L,2023/9/18,,广发基金管理有限公司,fund_type/benchmark/name:broad_index,,,,,,,
561370.SH,国泰中证2000ETF,Y,include:name_etf,宽基,中证2000,股票型,中证2000指数收益率×100%,E,L,2023/9/21,,国泰基金管理有限公司,fund_type/benchmark/name:broad_index,,,,,,,
562660.SH,华夏中证2000ETF,Y,include:name_etf,宽基,中证2000,股票型,中证2000指数收益率×100%,E,L,2023/9/14,,华夏基金管理有限公司,fund_type/benchmark/name:broad_index,,,,,,,
563200.SH,富国中证2000ETF,Y,include:name_etf,宽基,中证2000,股票型,中证2000指数收益率×100%,E,L,2023/10/18,,富国基金管理有限公司,fund_type/benchmark/name:broad_index,,,,,,,
563300.SH,华泰柏瑞中证2000ETF,Y,include:name_etf,宽基,中证2000,股票型,中证2000指数收益率×100%,E,L,2023/9/14,,华泰柏瑞基金管理有限公司,fund_type/benchmark/name:broad_index,,,,,,,
159337.SZ,东财中证500ETF,Y,include:name_etf,宽基,中证500,股票型,中证500指数收益率×100%,E,L,2024/9/20,,东财基金管理有限公司,fund_type/benchmark/name:broad_index,,,,,,,
159500.SZ,富国中证500ETF,Y,include:name_etf,宽基,中证500,股票型,中证500指数收益率×100%,E,L,2025/8/29,,富国基金管理有限公司,fund_type/benchmark/name:broad_index,,,,,,,
159606.SZ,易方达中证500质量成长ETF,Y,include:name_etf,宽基,中证500,股票型,中证500质量成长指数收益率×100%,E,L,2021/12/29,,易方达基金管理有限公司,fund_type/benchmark/name:broad_index,,,,,,,
159610.SZ,景顺长城中证500增强策略ETF,Y,include:name_etf,宽基,中证500,股票型,中证500指数收益率×100%,E,L,2022/1/10,,景顺长城基金管理有限公司,fund_type/benchmark/name:broad_index,,,,,,,
159678.SZ,博时中证500增强策略ETF,Y,include:name_etf,宽基,中证500,股票型,中证500指数收益率×100%,E,L,2023/2/27,,博时基金管理有限公司,fund_type/benchmark/name:broad_index,,,,,,,
159820.SZ,天弘中证500ETF,Y,include:name_etf,宽基,中证500,股票型,中证500指数收益率×100%,E,L,2020/8/24,,天弘基金管理有限公司,fund_type/benchmark/name:broad_index,,,,,,,
159922.SZ,嘉实中证500ETF,Y,include:name_etf,宽基,中证500,股票型,中证小盘500指数×100%,E,L,2013/3/15,,嘉实基金管理有限公司,fund_type/benchmark/name:broad_index,,,,,,,
159935.SZ,景顺长城中证500ETF,Y,include:name_etf,宽基,中证500,股票型,中证小盘500指数×100%,E,L,2014/1/21,,景顺长城基金管理有限公司,fund_type/benchmark/name:broad_index,,,,,,,
159968.SZ,博时中证500ETF,Y,include:name_etf,宽基,中证500,股票型,中证500指数收益率×100%,E,L,2019/10/31,,博时基金管理有限公司,fund_type/benchmark/name:broad_index,,,,,,,
159982.SZ,鹏华中证500ETF,Y,include:name_etf,宽基,中证500,股票型,中证500指数收益率×100%,E,L,2020/2/20,,鹏华基金管理有限公司,fund_type/benchmark/name:broad_index,,,,,,,
510500.SH,南方中证500ETF,Y,include:name_etf,宽基,中证500,股票型,中证小盘500指数×100%,E,L,2013/3/15,,南方基金管理股份有限公司,fund_type/benchmark/name:broad_index,,,,,,,
510510.SH,广发中证500ETF,Y,include:name_etf,宽基,中证500,股票型,中证小盘500指数×100%,E,L,2013/5/24,,广发基金管理有限公司,fund_type/benchmark/name:broad_index,,,,,,,
510530.SH,工银瑞信中证500ETF,Y,include:name_etf,宽基,中证500,股票型,中证500指数收益率×100%,E,L,2020/1/3,,工银瑞信基金管理有限公司,fund_type/benchmark/name:broad_index,,,,,,,
510550.SH,方正富邦中证500ETF,Y,include:name_etf,宽基,中证500,股票型,中证500指数收益率×100%,E,L,2019/1/16,,方正富邦基金管理有限公司,fund_type/benchmark/name:broad_index,,,,,,,
510560.SH,国寿安保中证500ETF,Y,include:name_etf,宽基,中证500,股票型,中证500指数×100%,E,L,2015/7/3,,国寿安保基金管理有限公司,fund_type/benchmark/name:broad_index,,,,,,,
510570.SH,兴业中证500ETF,Y,include:name_etf,宽基,中证500,股票型,中证500指数收益率×100%,E,L,2020/8/12,,兴业基金管理有限公司,fund_type/benchmark/name:broad_index,,,,,,,
510580.SH,易方达中证500ETF,Y,include:name_etf,宽基,中证500,股票型,中证小盘500指数×100%,E,L,2015/9/14,,易方达基金管理有限公司,fund_type/benchmark/name:broad_index,,,,,,,
510590.SH,平安中证500ETF,Y,include:name_etf,宽基,中证500,股票型,中证500指数收益率×100%,E,L,2018/5/4,,平安基金管理有限公司,fund_type/benchmark/name:broad_index,,,,,,,
512330.SH,南方中证500信息技术指数ETF,Y,include:name_etf,宽基,中证500,股票型,中证500信息技术指数×100%,E,L,2015/7/20,,南方基金管理股份有限公司,fund_type/benchmark/name:broad_index,,,,,,,
512500.SH,华夏中证500ETF,Y,include:name_etf,宽基,中证500,股票型,中证小盘500指数×100%,E,L,2015/5/29,,华夏基金管理有限公司,fund_type/benchmark/name:broad_index,,,,,,,
512510.SH,华泰柏瑞中证500ETF,Y,include:name_etf,宽基,中证500,股票型,中证小盘500指数×100%,E,L,2015/6/12,,华泰柏瑞基金管理有限公司,fund_type/benchmark/name:broad_index,,,,,,,
515530.SH,泰康中证500ETF,Y,include:name_etf,宽基,中证500,股票型,中证500指数收益率×100%,E,L,2020/11/9,,泰康基金管理有限公司,fund_type/benchmark/name:broad_index,,,,,,,
515550.SH,国联中证500ETF,Y,include:name_etf,宽基,中证500,股票型,中证500指数收益率×100%,E,L,2019/12/25,,国联基金管理有限公司,fund_type/benchmark/name:broad_index,,,,,,,
515590.SH,前海开源中证500等权重ETF,Y,include:name_etf,宽基,中证500,股票型,中证500等权重指数收益率×100%,E,L,2020/1/20,,前海开源基金管理有限公司,fund_type/benchmark/name:broad_index,,,,,,,
560100.SH,南方中证500增强策略ETF,Y,include:name_etf,宽基,中证500,股票型,中证500指数收益率×100%,E,L,2022/2/16,,南方基金管理股份有限公司,fund_type/benchmark/name:broad_index,,,,,,,
560500.SH,鹏扬中证500质量成长ETF,Y,include:name_etf,宽基,中证500,股票型,中证500质量成长指数收益率×100%,E,L,2021/9/1,,鹏扬基金管理有限公司,fund_type/benchmark/name:broad_index,,,,,,,
560950.SH,汇添富中证500增强策略ETF,Y,include:name_etf,宽基,中证500,股票型,中证500指数收益率×100%,E,L,2023/7/31,,汇添富基金管理股份有限公司,fund_type/benchmark/name:broad_index,,,,,,,
561350.SH,国泰中证500ETF,Y,include:name_etf,宽基,中证500,股票型,中证500指数收益率×100%,E,L,2021/9/1,,国泰基金管理有限公司,fund_type/benchmark/name:broad_index,,,,,,,
561550.SH,华泰柏瑞中证500增强策略ETF,Y,include:name_etf,宽基,中证500,股票型,中证500指数收益率×100%,E,L,2021/12/10,,华泰柏瑞基金管理有限公司,fund_type/benchmark/name:broad_index,,,,,,,
561950.SH,招商中证500增强策略ETF,Y,include:name_etf,宽基,中证500,股票型,中证500指数收益率×100%,E,L,2023/4/24,,招商基金管理有限公司,fund_type/benchmark/name:broad_index,,,,,,,
562340.SH,银华中证500质量成长ETF,Y,include:name_etf,宽基,中证500,股票型,中证500质量成长指数收益率×100%,E,L,2024/5/8,,银华基金管理股份有限公司,fund_type/benchmark/name:broad_index,,,,,,,
563030.SH,易方达中证500增强策略ETF,Y,include:name_etf,宽基,中证500,股票型,中证500指数收益率×100%,E,L,2023/3/13,,易方达基金管理有限公司,fund_type/benchmark/name:broad_index,,,,,,,
563750.SH,汇添富中证500ETF,Y,include:name_etf,宽基,中证500,股票型,中证500指数收益率×100%,E,L,2025/10/30,,汇添富基金管理股份有限公司,fund_type/benchmark/name:broad_index,,,,,,,
159215.SZ,平安中证A500ETF,Y,include:name_etf,宽基,中证A500,股票型,中证A500指数收益率×100%,E,L,2025/4/7,,平安基金管理有限公司,fund_type/benchmark/name:broad_index,,,,,,,
159226.SZ,国泰中证A500增强策略ETF,Y,include:name_etf,宽基,中证A500,股票型,中证A500指数收益率×100%,E,L,2025/5/29,,国泰基金管理有限公司,fund_type/benchmark/name:broad_index,,,,,,,
159240.SZ,天弘中证A500增强策略ETF,Y,include:name_etf,宽基,中证A500,股票型,中证A500指数收益率×100%,E,L,2025/6/17,,天弘基金管理有限公司,fund_type/benchmark/name:broad_index,,,,,,,
159249.SZ,工银瑞信中证A500增强策略ETF,Y,include:name_etf,宽基,中证A500,股票型,中证A500指数收益率×100%,E,L,2025/7/2,,工银瑞信基金管理有限公司,fund_type/benchmark/name:broad_index,,,,,,,
159338.SZ,国泰中证A500ETF,Y,include:name_etf,宽基,中证A500,股票型,中证A500指数收益率×100%,E,L,2024/10/15,,国泰基金管理有限公司,fund_type/benchmark/name:broad_index,,,,,,,
159339.SZ,银华中证A500ETF,Y,include:name_etf,宽基,中证A500,股票型,中证A500指数收益率×100%,E,L,2024/10/15,,银华基金管理股份有限公司,fund_type/benchmark/name:broad_index,,,,,,,
159351.SZ,嘉实中证A500ETF,Y,include:name_etf,宽基,中证A500,股票型,中证A500指数收益率×100%,E,L,2024/10/15,,嘉实基金管理有限公司,fund_type/benchmark/name:broad_index,,,,,,,
159352.SZ,南方中证A500ETF,Y,include:name_etf,宽基,中证A500,股票型,中证A500指数收益率×100%,E,L,2024/10/15,,南方基金管理股份有限公司,fund_type/benchmark/name:broad_index,,,,,,,
159353.SZ,景顺长城中证A500ETF,Y,include:name_etf,宽基,中证A500,股票型,中证A500指数收益率×100%,E,L,2024/10/15,,景顺长城基金管理有限公司,fund_type/benchmark/name:broad_index,,,,,,,
159356.SZ,万家中证A500ETF,Y,include:name_etf,宽基,中证A500,股票型,中证A500指数收益率×100%,E,L,2024/12/6,,万家基金管理有限公司,fund_type/benchmark/name:broad_index,,,,,,,
159357.SZ,博时中证A500ETF,Y,include:name_etf,宽基,中证A500,股票型,中证A500指数收益率×100%,E,L,2024/11/28,,博时基金管理有限公司,fund_type/benchmark/name:broad_index,,,,,,,
159358.SZ,大成中证A500ETF,Y,include:name_etf,宽基,中证A500,股票型,中证A500指数收益率×100%,E,L,2024/11/29,,大成基金管理有限公司,fund_type/benchmark/name:broad_index,,,,,,,
159359.SZ,华安中证A500ETF,Y,include:name_etf,宽基,中证A500,股票型,中证A500指数收益率×100%,E,L,2024/12/2,,华安基金管理有限公司,fund_type/benchmark/name:broad_index,,,,,,,
159360.SZ,天弘中证A500ETF,Y,include:name_etf,宽基,中证A500,股票型,中证A500指数收益率×100%,E,L,2024/11/28,,天弘基金管理有限公司,fund_type/benchmark/name:broad_index,,,,,,,
159361.SZ,易方达中证A500ETF,Y,include:name_etf,宽基,中证A500,股票型,中证A500指数收益率×100%,E,L,2024/11/19,,易方达基金管理有限公司,fund_type/benchmark/name:broad_index,,,,,,,
159362.SZ,工银瑞信中证A500ETF,Y,include:name_etf,宽基,中证A500,股票型,中证A500指数收益率×100%,E,L,2024/12/2,,工银瑞信基金管理有限公司,fund_type/benchmark/name:broad_index,,,,,,,
159376.SZ,浦银安盛中证A500ETF,Y,include:name_etf,宽基,中证A500,股票型,中证A500指数收益率×100%,E,L,2025/1/13,,浦银安盛基金管理有限公司,fund_type/benchmark/name:broad_index,,,,,,,
159379.SZ,融通中证A500ETF,Y,include:name_etf,宽基,中证A500,股票型,中证A500指数收益率×100%,E,L,2025/1/23,,融通基金管理有限公司,fund_type/benchmark/name:broad_index,,,,,,,
159380.SZ,东财中证A500ETF,Y,include:name_etf,宽基,中证A500,股票型,中证A500指数收益率×100%,E,L,2025/1/8,,东财基金管理有限公司,fund_type/benchmark/name:broad_index,,,,,,,
159386.SZ,永赢中证A500ETF,Y,include:name_etf,宽基,中证A500,股票型,中证A500指数收益率×100%,E,L,2025/2/11,,永赢基金管理有限公司,fund_type/benchmark/name:broad_index,,,,,,,
512020.SH,鹏华中证A500ETF,Y,include:name_etf,宽基,中证A500,股票型,中证A500指数收益率×100%,E,L,2024/12/2,,鹏华基金管理有限公司,fund_type/benchmark/name:broad_index,,,,,,,
512050.SH,华夏中证A500ETF,Y,include:name_etf,宽基,中证A500,股票型,中证A500指数收益率×100%,E,L,2024/11/15,,华夏基金管理有限公司,fund_type/benchmark/name:broad_index,,,,,,,
512080.SH,中金中证A500ETF,Y,include:name_etf,宽基,中证A500,股票型,中证A500指数收益率×100%,E,L,2025/1/21,,中金基金管理有限公司,fund_type/benchmark/name:broad_index,,,,,,,
512370.SH,华夏中证A500增强策略ETF,Y,include:name_etf,宽基,中证A500,股票型,中证A500指数收益率×100%,E,L,2025/8/18,,华夏基金管理有限公司,fund_type/benchmark/name:broad_index,,,,,,,
560510.SH,泰康中证A500ETF,Y,include:name_etf,宽基,中证A500,股票型,中证A500指数收益率×100%,E,L,2024/10/15,,泰康基金管理有限公司,fund_type/benchmark/name:broad_index,,,,,,,
560530.SH,摩根中证A500ETF,Y,include:name_etf,宽基,中证A500,股票型,中证A500指数收益率×100%,E,L,2024/10/15,,摩根基金管理(中国)有限公司,fund_type/benchmark/name:broad_index,,,,,,,
560610.SH,招商中证A500ETF,Y,include:name_etf,宽基,中证A500,股票型,中证A500指数收益率×100%,E,L,2024/10/15,,招商基金管理有限公司,fund_type/benchmark/name:broad_index,,,,,,,
560750.SH,申万菱信中证A500ETF,Y,include:name_etf,宽基,中证A500,股票型,中证A500指数收益率×100%,E,L,2025/2/7,,申万菱信基金管理有限公司,fund_type/benchmark/name:broad_index,,,,,,,
561090.SH,华安中证A500增强策略ETF,Y,include:name_etf,宽基,中证A500,股票型,中证A500指数收益率×100%,E,L,2025/7/2,,华安基金管理有限公司,fund_type/benchmark/name:broad_index,,,,,,,
563220.SH,富国中证A500ETF,Y,include:name_etf,宽基,中证A500,股票型,中证A500指数收益率×100%,E,L,2024/10/15,,富国基金管理有限公司,fund_type/benchmark/name:broad_index,,,,,,,
563360.SH,华泰柏瑞中证A500ETF,Y,include:name_etf,宽基,中证A500,股票型,中证A500指数收益率×100%,E,L,2024/10/15,,华泰柏瑞基金管理有限公司,fund_type/benchmark/name:broad_index,,,,,,,
563500.SH,华宝中证A500ETF,Y,include:name_etf,宽基,中证A500,股票型,中证A500指数收益率×100%,E,L,2024/12/2,,华宝基金管理有限公司,fund_type/benchmark/name:broad_index,,,,,,,
563550.SH,摩根中证A500增强策略ETF,Y,include:name_etf,宽基,中证A500,股票型,中证A500指数收益率×100%,E,L,2025/5/16,,摩根基金管理(中国)有限公司,fund_type/benchmark/name:broad_index,,,,,,,
563600.SH,易方达中证A500增强策略ETF,Y,include:name_etf,宽基,中证A500,股票型,中证A500指数收益率×100%,E,L,2025/9/26,,易方达基金管理有限公司,fund_type/benchmark/name:broad_index,,,,,,,
563630.SH,国联安中证A500增强策略ETF,Y,include:name_etf,宽基,中证A500,股票型,中证A500指数收益率×100%,E,L,2025/7/1,,国联安基金管理有限公司,fund_type/benchmark/name:broad_index,,,,,,,
563650.SH,兴业中证A500ETF,Y,include:name_etf,宽基,中证A500,股票型,中证A500指数收益率×100%,E,L,2025/4/3,,兴业基金管理有限公司,fund_type/benchmark/name:broad_index,,,,,,,
563660.SH,银河中证A500ETF,Y,include:name_etf,宽基,中证A500,股票型,中证A500指数收益率×100%,E,L,2025/4/2,,银河基金管理有限公司,fund_type/benchmark/name:broad_index,,,,,,,
563800.SH,广发中证A500ETF,Y,include:name_etf,宽基,中证A500,股票型,中证A500指数收益率×100%,E,L,2024/11/18,,广发基金管理有限公司,fund_type/benchmark/name:broad_index,,,,,,,
563860.SH,海富通中证A500ETF,Y,include:name_etf,宽基,中证A500,股票型,中证A500指数收益率×100%,E,L,2025/2/12,,海富通基金管理有限公司,fund_type/benchmark/name:broad_index,,,,,,,
563880.SH,汇添富中证A500ETF,Y,include:name_etf,宽基,中证A500,股票型,中证A500指数收益率×100%,E,L,2024/11/25,,汇添富基金管理股份有限公司,fund_type/benchmark/name:broad_index,,,,,,,
159205.SZ,东财创业板ETF,Y,include:name_etf,宽基,创业板,股票型,创业板指数收益率×100%,E,L,2025/6/12,,东财基金管理有限公司,fund_type/benchmark/name:broad_index,,,,,,,
159247.SZ,汇添富创业板ETF,Y,include:name_etf,宽基,创业板,股票型,创业板指数收益率×100%,E,L,2026/2/2,,汇添富基金管理股份有限公司,fund_type/benchmark/name:broad_index,,,,,,,
159270.SZ,南方创业板200ETF,Y,include:name_etf,宽基,创业板,股票型,创业板200指数收益率×100%,E,L,2025/7/24,,南方基金管理股份有限公司,fund_type/benchmark/name:broad_index,,,,,,,
159287.SZ,博时创业板综合ETF,Y,include:name_etf,宽基,创业板,股票型,创业板综合指数收益率×100%,E,L,2025/8/27,,博时基金管理有限公司,fund_type/benchmark/name:broad_index,,,,,,,
159288.SZ,银华创业板综合ETF,Y,include:name_etf,宽基,创业板,股票型,创业板综合指数收益率×100%,E,L,2025/9/26,,银华基金管理股份有限公司,fund_type/benchmark/name:broad_index,,,,,,,
159289.SZ,鹏华创业板综合ETF,Y,include:name_etf,宽基,创业板,股票型,创业板综合指数收益率×100%,E,L,2025/9/15,,鹏华基金管理有限公司,fund_type/benchmark/name:broad_index,,,,,,,
159290.SZ,东财创业板综合增强策略ETF,Y,include:name_etf,宽基,创业板,股票型,创业板综合指数收益率×100%,E,L,2025/9/17,,东财基金管理有限公司,fund_type/benchmark/name:broad_index,,,,,,,
159291.SZ,招商创业板综合增强策略ETF,Y,include:name_etf,宽基,创业板,股票型,创业板综合指数收益率×100%,E,L,2025/9/1,,招商基金管理有限公司,fund_type/benchmark/name:broad_index,,,,,,,
159292.SZ,华宝创业板综合增强策略ETF,Y,include:name_etf,宽基,创业板,股票型,创业板综合指数收益率×100%,E,L,2025/9/2,,华宝基金管理有限公司,fund_type/benchmark/name:broad_index,,,,,,,
159293.SZ,建信创业板综合增强策略ETF,Y,include:name_etf,宽基,创业板,股票型,创业板综合指数收益率×100%,E,L,2026/1/13,,建信基金管理有限责任公司,fund_type/benchmark/name:broad_index,,,,,,,
159295.SZ,西部利得创业板综合ETF,Y,include:name_etf,宽基,创业板,股票型,创业板综合指数收益率×100%,E,L,2025/11/4,,西部利得基金管理有限公司,fund_type/benchmark/name:broad_index,,,,,,,
159541.SZ,万家创业板综合ETF,Y,include:name_etf,宽基,创业板,股票型,创业板综合指数收益率×100%,E,L,2023/10/31,,万家基金管理有限公司,fund_type/benchmark/name:broad_index,,,,,,,
159563.SZ,华夏创业板综合ETF,Y,include:name_etf,宽基,创业板,股票型,创业板综合指数收益率×100%,E,L,2024/2/23,,华夏基金管理有限公司,fund_type/benchmark/name:broad_index,,,,,,,
159571.SZ,富国创业板200ETF,Y,include:name_etf,宽基,创业板,股票型,创业板200指数收益率×100%,E,L,2024/1/2,,富国基金管理有限公司,fund_type/benchmark/name:broad_index,,,,,,,
159572.SZ,易方达创业板200ETF,Y,include:name_etf,宽基,创业板,股票型,创业板200指数收益率×100%,E,L,2023/12/25,,易方达基金管理有限公司,fund_type/benchmark/name:broad_index,,,,,,,
159573.SZ,华夏创业板200ETF,Y,include:name_etf,宽基,创业板,股票型,创业板200指数收益率×100%,E,L,2023/12/25,,华夏基金管理有限公司,fund_type/benchmark/name:broad_index,,,,,,,
159575.SZ,银华创业板200ETF,Y,include:name_etf,宽基,创业板,股票型,创业板200指数收益率×100%,E,L,2024/1/2,,银华基金管理股份有限公司,fund_type/benchmark/name:broad_index,,,,,,,
159597.SZ,易方达创业板成长ETF,Y,include:name_etf,宽基,创业板,股票型,创业板成长指数收益率×100%,E,L,2024/5/27,,易方达基金管理有限公司,fund_type/benchmark/name:broad_index,,,,,,,
159675.SZ,嘉实创业板增强策略ETF,Y,include:name_etf,宽基,创业板,股票型,创业板指数收益率×100%,E,L,2022/12/2,,嘉实基金管理有限公司,fund_type/benchmark/name:broad_index,,,,,,,
159676.SZ,富国创业板增强策略ETF,Y,include:name_etf,宽基,创业板,股票型,创业板指数收益率×100%,E,L,2023/4/12,,富国基金管理有限公司,fund_type/benchmark/name:broad_index,,,,,,,
159804.SZ,国寿安保国证创业板中盘精选88ETF,Y,include:name_etf,宽基,创业板,股票型,国证创业板中盘精选88指数×100%,E,L,2020/3/31,,国寿安保基金管理有限公司,fund_type/benchmark/name:broad_index,,,,,,,
159808.SZ,融通创业板ETF,Y,include:name_etf,宽基,创业板,股票型,创业板指数收益率×100%,E,L,2020/9/4,,融通基金管理有限公司,fund_type/benchmark/name:broad_index,,,,,,,
159810.SZ,浦银安盛创业板ETF,Y,include:name_etf,宽基,创业板,股票型,创业板指数收益率×100%,E,L,2020/7/10,,浦银安盛基金管理有限公司,fund_type/benchmark/name:broad_index,,,,,,,
159814.SZ,西部利得创业板大盘ETF,Y,include:name_etf,宽基,创业板,股票型,创业板大盘指数收益率×100%,E,L,2020/7/17,,西部利得基金管理有限公司,fund_type/benchmark/name:broad_index,,,,,,,
159908.SZ,博时创业板ETF,Y,include:name_etf,宽基,创业板,股票型,创业板指数收益率×100%,E,L,2018/12/10,,博时基金管理有限公司,fund_type/benchmark/name:broad_index,,,,,,,
159915.SZ,易方达创业板ETF,Y,include:name_etf,宽基,创业板,股票型,创业板指数P×100%,E,L,2011/12/9,,易方达基金管理有限公司,fund_type/benchmark/name:broad_index,,,,,,,
159918.SZ,嘉实中创400ETF,Y,include:name_etf,宽基,创业板,股票型,中小板创业板400指数×100%,E,L,2012/5/11,,嘉实基金管理有限公司,fund_type/benchmark/name:broad_index,,,,,,,
159948.SZ,南方创业板ETF,Y,include:name_etf,宽基,创业板,股票型,创业板指数×100%,E,L,2016/5/31,,南方基金管理股份有限公司,fund_type/benchmark/name:broad_index,,,,,,,
159952.SZ,广发创业板ETF,Y,include:name_etf,宽基,创业板,股票型,创业板指数×100%,E,L,2017/5/19,,广发基金管理有限公司,fund_type/benchmark/name:broad_index,,,,,,,
159956.SZ,建信创业板ETF,Y,include:name_etf,宽基,创业板,股票型,创业板指数收益率×100%,E,L,2018/3/7,,建信基金管理有限责任公司,fund_type/benchmark/name:broad_index,,,,,,,
159957.SZ,华夏创业板ETF,Y,include:name_etf,宽基,创业板,股票型,创业板指数P×100%,E,L,2018/1/4,,华夏基金管理有限公司,fund_type/benchmark/name:broad_index,,,,,,,
159958.SZ,工银瑞信创业板ETF,Y,include:name_etf,宽基,创业板,股票型,创业板指数P×100%,E,L,2018/1/19,,工银瑞信基金管理有限公司,fund_type/benchmark/name:broad_index,,,,,,,
159964.SZ,平安创业板ETF,Y,include:name_etf,宽基,创业板,股票型,创业板指数收益率×100%,E,L,2019/4/19,,平安基金管理有限公司,fund_type/benchmark/name:broad_index,,,,,,,
159967.SZ,华夏创业板动量成长ETF,Y,include:name_etf,宽基,创业板,股票型,创业板动量成长指数收益率×100%,E,L,2019/7/15,,华夏基金管理有限公司,fund_type/benchmark/name:broad_index,,,,,,,
159971.SZ,富国创业板ETF,Y,include:name_etf,宽基,创业板,股票型,创业板指数收益率×100%,E,L,2019/7/2,,富国基金管理有限公司,fund_type/benchmark/name:broad_index,,,,,,,
159977.SZ,天弘创业板ETF,Y,include:name_etf,宽基,创业板,股票型,创业板指数收益率×100%,E,L,2019/9/27,,天弘基金管理有限公司,fund_type/benchmark/name:broad_index,,,,,,,
159991.SZ,招商创业板大盘ETF,Y,include:name_etf,宽基,创业板,股票型,创业板大盘指数收益率×100%,E,L,2020/4/24,,招商基金管理有限公司,fund_type/benchmark/name:broad_index,,,,,,,
588320.SH,广发中证科创创业50增强策略ETF,Y,include:name_etf,宽基,科创创业50,股票型,中证科创创业50指数收益率×100%,E,L,2023/1/6,,广发基金管理有限公司,fund_type/benchmark/name:broad_index,,,,,,,
159007.SZ,华泰柏瑞中证畜牧养殖产业ETF,Y,include:name_etf,消费,农牧,股票型,中证畜牧养殖产业指数收益率×100%,E,L,2026/4/17,,华泰柏瑞基金管理有限公司,fund_type/benchmark/name:index_candidate,,,,,,,
159011.SZ,华安中证畜牧养殖产业ETF,Y,include:name_etf,消费,农牧,股票型,中证畜牧养殖产业指数收益率×100%,E,L,2026/6/16,,华安基金管理有限公司,fund_type/benchmark/name:index_candidate,,,,,,,
159020.SZ,易方达中证畜牧养殖产业ETF,Y,include:name_etf,消费,农牧,股票型,中证畜牧养殖产业指数收益率×100%,E,L,2026/4/27,,易方达基金管理有限公司,fund_type/benchmark/name:index_candidate,,,,,,,
159023.SZ,万家中证畜牧养殖产业ETF,Y,include:name_etf,消费,农牧,股票型,中证畜牧养殖产业指数收益率×100%,E,L,2026/6/15,,万家基金管理有限公司,fund_type/benchmark/name:index_candidate,,,,,,,
159027.SZ,大成中证畜牧养殖产业ETF,Y,include:name_etf,消费,农牧,股票型,中证畜牧养殖产业指数收益率×100%,E,L,2026/5/15,,大成基金管理有限公司,fund_type/benchmark/name:index_candidate,,,,,,,
159030.SZ,华夏国证粮食产业ETF,Y,include:name_etf,消费,农牧,股票型,国证粮食产业指数收益率×100%,E,L,2026/5/12,,华夏基金管理有限公司,fund_type/benchmark/name:index_candidate,,,,,,,
159031.SZ,博时国证粮食产业ETF,Y,include:name_etf,消费,农牧,股票型,国证粮食产业指数收益率×100%,E,L,2026/6/1,,博时基金管理有限公司,fund_type/benchmark/name:index_candidate,,,,,,,
159033.SZ,国泰国证粮食产业ETF,Y,include:name_etf,消费,农牧,股票型,国证粮食产业指数收益率×100%,E,L,2026/6/5,,国泰基金管理有限公司,fund_type/benchmark/name:index_candidate,,,,,,,
159038.SZ,易方达国证粮食产业ETF,Y,include:name_etf,消费,农牧,股票型,国证粮食产业指数收益率×100%,E,L,2026/5/21,,易方达基金管理有限公司,fund_type/benchmark/name:index_candidate,,,,,,,
159041.SZ,鹏华中证农业主题ETF,Y,include:name_etf,消费,农牧,股票型,中证农业主题指数收益率×100%,E,L,2026/6/10,,鹏华基金管理有限公司,fund_type/benchmark/name:index_candidate,,,,,,,
159045.SZ,大成中证稀有金属主题ETF,Y,include:name_etf,周期,有色金属,股票型,中证稀有金属主题指数收益率×100%,E,L,2026/6/24,,大成基金管理有限公司,fund_type/benchmark/name:index_candidate,,,,,,,
159046.SZ,天弘国证绿色电力ETF,Y,include:name_etf,公用事业,电力,股票型,国证绿色电力指数收益率×100%,E,L,2026/6/11,,天弘基金管理有限公司,sw2021:index_classify,,801161.SI,电力,L2,410000,电力,sw2021:industry_name
159053.SZ,华夏中证稀有金属主题ETF,Y,include:name_etf,周期,有色金属,股票型,中证稀有金属主题指数收益率×100%,E,L,2026/6/9,,华夏基金管理有限公司,fund_type/benchmark/name:index_candidate,,,,,,,
159055.SZ,富国中证稀有金属主题ETF,Y,include:name_etf,周期,有色金属,股票型,中证稀有金属主题指数收益率×100%,E,L,2026/6/9,,富国基金管理有限公司,fund_type/benchmark/name:index_candidate,,,,,,,
159060.SZ,浦银安盛国证粮食产业ETF,Y,include:name_etf,消费,农牧,股票型,国证粮食产业指数收益率×100%,E,L,2026/6/10,,浦银安盛基金管理有限公司,fund_type/benchmark/name:index_candidate,,,,,,,
159061.SZ,南方国证绿色电力ETF,Y,include:name_etf,公用事业,电力,股票型,国证绿色电力指数收益率×100%,E,L,2026/6/24,,南方基金管理股份有限公司,sw2021:index_classify,,801161.SI,电力,L2,410000,电力,sw2021:industry_name
159062.SZ,南方中证稀有金属主题ETF,Y,include:name_etf,周期,有色金属,股票型,中证稀有金属主题指数收益率×100%,E,L,2026/6/18,,南方基金管理股份有限公司,fund_type/benchmark/name:index_candidate,,,,,,,
159063.SZ,南方国证粮食产业ETF,Y,include:name_etf,消费,农牧,股票型,国证粮食产业指数收益率×100%,E,L,2026/6/15,,南方基金管理股份有限公司,fund_type/benchmark/name:index_candidate,,,,,,,
159066.SZ,建信中证A股ETF,Y,include:name_etf,宽基,其他,股票型,中证A股指数收益率×100%,E,L,,,建信基金管理有限责任公司,fund_type/benchmark/name:index_candidate,,,,,,,
159129.SZ,嘉实中证细分化工产业主题ETF,Y,include:name_etf,周期,化工,股票型,中证细分化工产业主题指数收益率×100%,E,L,2025/11/14,,嘉实基金管理有限公司,fund_type/benchmark/name:index_candidate,,,,,,,
159133.SZ,天弘中证细分化工产业主题ETF,Y,include:name_etf,周期,化工,股票型,中证细分化工产业主题指数收益率×100%,E,L,2025/11/25,,天弘基金管理有限公司,fund_type/benchmark/name:index_candidate,,,,,,,
159146.SZ,华宝中证全指电力公用事业ETF,Y,include:name_etf,公用事业,电力,股票型,中证全指电力公用事业指数收益率×100%,E,L,2026/1/20,,华宝基金管理有限公司,sw2021:index_classify,,801160.SI,公用事业,L1,0,公用事业,sw2021:industry_name
159151.SZ,华夏中证全指食品ETF,Y,include:name_etf,消费,食品饮料,股票型,中证全指食品指数收益率×100%,E,L,2026/1/14,,华夏基金管理有限公司,fund_type/benchmark/name:index_candidate,,,,,,,
159158.SZ,景顺长城中证全指电力公用事业ETF,Y,include:name_etf,公用事业,电力,股票型,中证全指电力公用事业指数收益率×100%,E,L,2026/1/27,,景顺长城基金管理有限公司,sw2021:index_classify,,801160.SI,公用事业,L1,0,公用事业,sw2021:industry_name
159159.SZ,国投瑞银中证全指公用事业ETF,Y,include:name_etf,公用事业,公用事业,股票型,中证全指公用事业指数收益率×100%,E,L,2026/2/12,,国投瑞银基金管理有限公司,sw2021:index_classify,,801160.SI,公用事业,L1,0,公用事业,sw2021:industry_name
159165.SZ,永赢中证畜牧养殖产业ETF,Y,include:name_etf,消费,农牧,股票型,中证畜牧养殖产业指数收益率×100%,E,L,2026/2/12,,永赢基金管理有限公司,fund_type/benchmark/name:index_candidate,,,,,,,
159172.SZ,汇添富中证畜牧养殖产业ETF,Y,include:name_etf,消费,农牧,股票型,中证畜牧养殖产业指数收益率×100%,E,L,2026/3/20,,汇添富基金管理股份有限公司,fund_type/benchmark/name:index_candidate,,,,,,,
159173.SZ,南方中证全指农牧渔ETF,Y,include:name_etf,消费,农牧,股票型,中证全指农牧渔指数收益率×100%,E,L,2026/4/2,,南方基金管理股份有限公司,fund_type/benchmark/name:index_candidate,,,,,,,
159176.SZ,华宝中证全指家用电器ETF,Y,include:name_etf,消费,家电,股票型,中证全指家用电器指数收益率×100%,E,L,2026/4/3,,华宝基金管理有限公司,sw2021:index_classify,,801110.SI,家用电器,L1,0,家用电器,sw2021:industry_name
159182.SZ,南方中证全指家用电器ETF,Y,include:name_etf,消费,家电,股票型,中证全指家用电器指数收益率×100%,E,L,2026/5/8,,南方基金管理股份有限公司,sw2021:index_classify,,801110.SI,家用电器,L1,0,家用电器,sw2021:industry_name
159192.SZ,汇添富中证家电龙头ETF,Y,include:name_etf,消费,家电,股票型,中证家电龙头指数收益率×100%,E,L,2026/4/30,,汇添富基金管理股份有限公司,fund_type/benchmark/name:index_candidate,,,,,,,
159203.SZ,博时国证大盘成长ETF,Y,include:name_etf,宽基,其他,股票型,国证大盘成长指数收益率×100%,E,L,2025/6/30,,博时基金管理有限公司,fund_type/benchmark/name:index_candidate,,,,,,,
159208.SZ,万家国证航天航空行业ETF,Y,include:name_etf,国防军工,航空航天,股票型,国证航天航空行业指数收益率×100%,E,L,2025/5/12,,万家基金管理有限公司,fund_type/benchmark/name:index_candidate,,,,,,,
159218.SZ,招商中证卫星产业ETF,Y,include:name_etf,国防军工,航空航天,股票型,中证卫星产业指数收益率×100%,E,L,2025/5/22,,招商基金管理有限公司,fund_type/benchmark/name:index_candidate,,,,,,,
159227.SZ,华夏国证航天航空行业ETF,Y,include:name_etf,国防军工,航空航天,股票型,国证航天航空行业指数收益率×100%,E,L,2025/5/16,,华夏基金管理有限公司,fund_type/benchmark/name:index_candidate,,,,,,,
159230.SZ,华夏国证通用航空产业ETF,Y,include:name_etf,国防军工,航空航天,股票型,国证通用航空产业指数收益率×100%,E,L,2025/5/30,,华夏基金管理有限公司,fund_type/benchmark/name:index_candidate,,,,,,,
159231.SZ,华宝国证通用航空产业ETF,Y,include:name_etf,国防军工,航空航天,股票型,国证通用航空产业指数收益率×100%,E,L,2025/4/29,,华宝基金管理有限公司,fund_type/benchmark/name:index_candidate,,,,,,,
159241.SZ,天弘国证航天航空行业ETF,Y,include:name_etf,国防军工,航空航天,股票型,国证航天航空行业指数收益率×100%,E,L,2025/5/29,,天弘基金管理有限公司,fund_type/benchmark/name:index_candidate,,,,,,,
159255.SZ,易方达国证通用航空产业ETF,Y,include:name_etf,国防军工,航空航天,股票型,国证通用航空产业指数收益率×100%,E,L,2025/8/4,,易方达基金管理有限公司,fund_type/benchmark/name:index_candidate,,,,,,,
159257.SZ,汇添富国证通用航空产业ETF,Y,include:name_etf,国防军工,航空航天,股票型,国证通用航空产业指数收益率×100%,E,L,2025/7/28,,汇添富基金管理股份有限公司,fund_type/benchmark/name:index_candidate,,,,,,,
159259.SZ,易方达国证成长100ETF,Y,include:name_etf,宽基,其他,股票型,国证成长100指数收益率×100%,E,L,2025/8/28,,易方达基金管理有限公司,fund_type/benchmark/name:index_candidate,,,,,,,
159267.SZ,华安国证航天航空行业ETF,Y,include:name_etf,国防军工,航空航天,股票型,国证航天航空行业指数收益率×100%,E,L,2025/8/1,,华安基金管理有限公司,fund_type/benchmark/name:index_candidate,,,,,,,
159275.SZ,华宝中证全指农牧渔ETF,Y,include:name_etf,消费,农牧,股票型,中证全指农牧渔指数收益率×100%,E,L,2025/9/29,,华宝基金管理有限公司,fund_type/benchmark/name:index_candidate,,,,,,,
159283.SZ,南方中证通用航空主题ETF,Y,include:name_etf,国防军工,航空航天,股票型,中证通用航空主题指数×100%,E,L,2025/8/21,,南方基金管理股份有限公司,fund_type/benchmark/name:index_candidate,,,,,,,
159301.SZ,华夏中证全指公用事业ETF,Y,include:name_etf,公用事业,公用事业,股票型,中证全指公用事业指数收益率×100%,E,L,2024/7/22,,华夏基金管理有限公司,sw2021:index_classify,,801160.SI,公用事业,L1,0,公用事业,sw2021:industry_name
159326.SZ,华夏中证电网设备主题ETF,Y,include:name_etf,新能源,电网设备,股票型,中证电网设备主题指数收益率×100%,E,L,2024/9/9,,华夏基金管理有限公司,sw2021:index_classify,,801738.SI,电网设备,L2,630000,电网设备,sw2021:industry_name
159328.SZ,易方达中证家电龙头ETF,Y,include:name_etf,消费,家电,股票型,中证家电龙头指数收益率×100%,E,L,2024/11/15,,易方达基金管理有限公司,fund_type/benchmark/name:index_candidate,,,,,,,
159378.SZ,永赢国证通用航空产业ETF,Y,include:name_etf,国防军工,航空航天,股票型,国证通用航空产业指数收益率×100%,E,L,2025/1/10,,永赢基金管理有限公司,fund_type/benchmark/name:index_candidate,,,,,,,
159392.SZ,富国国证通用航空产业ETF,Y,include:name_etf,国防军工,航空航天,股票型,国证通用航空产业指数收益率×100%,E,L,2025/5/14,,富国基金管理有限公司,fund_type/benchmark/name:index_candidate,,,,,,,
159517.SZ,银华中证800增强策略ETF,Y,include:name_etf,指数增强,中证800,股票型,中证800指数收益率×100%,E,L,2023/9/5,,银华基金管理股份有限公司,fund_type/benchmark/name:index_candidate,,,,,,,
159520.SZ,工银瑞信中证消费龙头ETF,Y,include:name_etf,消费,消费综合,股票型,中证消费龙头指数收益率×100%,E,L,2023/10/31,,工银瑞信基金管理有限公司,fund_type/benchmark/name:index_candidate,,,,,,,
159523.SZ,华夏中证智选300成长创新策略ETF,Y,include:name_etf,宽基,其他,股票型,中证智选300成长创新策略指数收益率×100%,E,L,2023/9/19,,华夏基金管理有限公司,fund_type/benchmark/name:index_candidate,,,,,,,
159527.SZ,广发中证云计算与大数据主题ETF,Y,include:name_etf,科技,人工智能,股票型,中证云计算与大数据主题指数收益率×100%,E,L,2024/2/1,,广发基金管理有限公司,fund_type/benchmark/name:index_candidate,,,,,,,
159528.SZ,富国中证国有企业改革ETF,Y,include:name_etf,宽基,其他,股票型,中证国有企业改革指数收益率×100%,E,L,2024/5/20,,富国基金管理有限公司,fund_type/benchmark/name:index_candidate,,,,,,,
159537.SZ,国泰国证信息技术创新主题ETF,Y,include:name_etf,科技,计算机,股票型,国证信息技术创新主题指数收益率×100%,E,L,2023/10/10,,国泰基金管理有限公司,fund_type/benchmark/name:index_candidate,,,,,,,
159538.SZ,富国国证信息技术创新主题ETF,Y,include:name_etf,科技,计算机,股票型,国证信息技术创新主题指数收益率×100%,E,L,2023/9/22,,富国基金管理有限公司,fund_type/benchmark/name:index_candidate,,,,,,,
159539.SZ,广发国证信息技术创新主题ETF,Y,include:name_etf,科技,计算机,股票型,国证信息技术创新主题指数收益率×100%,E,L,2023/9/28,,广发基金管理有限公司,fund_type/benchmark/name:index_candidate,,,,,,,
159540.SZ,易方达国证信息技术创新主题ETF,Y,include:name_etf,科技,计算机,股票型,国证信息技术创新主题指数收益率×100%,E,L,2023/9/28,,易方达基金管理有限公司,fund_type/benchmark/name:index_candidate,,,,,,,
159546.SZ,国泰中证全指集成电路ETF,Y,include:name_etf,科技,半导体,股票型,中证全指集成电路指数收益率×100%,E,L,2023/10/20,,国泰基金管理有限公司,fund_type/benchmark/name:index_candidate,,,,,,,
159587.SZ,广发国证粮食产业ETF,Y,include:name_etf,消费,农牧,股票型,国证粮食产业指数收益率×100%,E,L,2024/8/21,,广发基金管理有限公司,fund_type/benchmark/name:index_candidate,,,,,,,
159608.SZ,广发中证稀有金属主题ETF,Y,include:name_etf,周期,有色金属,股票型,中证稀有金属主题指数×100%,E,L,2021/12/23,,广发基金管理有限公司,fund_type/benchmark/name:index_candidate,,,,,,,
159611.SZ,广发中证全指电力公用事业ETF,Y,include:name_etf,公用事业,电力,股票型,中证全指电力公用事业指数×100%,E,L,2022/1/7,,广发基金管理有限公司,sw2021:index_classify,,801160.SI,公用事业,L1,0,公用事业,sw2021:industry_name
159613.SZ,嘉实中证信息安全主题ETF,Y,include:name_etf,科技,计算机,股票型,中证信息安全主题指数收益率×100%,E,L,2022/1/27,,嘉实基金管理有限公司,fund_type/benchmark/name:index_candidate,,,,,,,
159616.SZ,建信中证农牧主题ETF,Y,include:name_etf,消费,农牧,股票型,中证农牧主题指数收益率×100%,E,L,2022/8/8,,建信基金管理有限责任公司,fund_type/benchmark/name:index_candidate,,,,,,,
159619.SZ,国泰中证基建ETF,Y,include:name_etf,周期,基建,股票型,中证基建指数收益率×100%,E,L,2022/2/18,,国泰基金管理有限公司,fund_type/benchmark/name:index_candidate,,,,,,,
159620.SZ,华夏中证智选500成长创新策略ETF,Y,include:name_etf,宽基,其他,股票型,中证智选500成长创新策略指数收益率×100%,E,L,2022/8/5,,华夏基金管理有限公司,fund_type/benchmark/name:index_candidate,,,,,,,
159623.SZ,博时中证成渝地区双城经济圈成份ETF,Y,include:name_etf,宽基,其他,股票型,中证成渝地区双城经济圈成份指数收益率×100%,E,L,2022/9/9,,博时基金管理有限公司,fund_type/benchmark/name:index_candidate,,,,,,,
159625.SZ,嘉实国证绿色电力ETF,Y,include:name_etf,公用事业,电力,股票型,国证绿色电力指数收益率×100%,E,L,2022/4/29,,嘉实基金管理有限公司,sw2021:index_classify,,801161.SI,电力,L2,410000,电力,sw2021:industry_name
159627.SZ,华夏中证A100ETF,Y,include:name_etf,宽基,其他,股票型,中证A100指数收益率×100%,E,L,2022/11/30,,华夏基金管理有限公司,fund_type/benchmark/name:index_candidate,,,,,,,
159630.SZ,汇添富中证A100ETF,Y,include:name_etf,宽基,其他,股票型,中证A100指数收益率×100%,E,L,2022/11/1,,汇添富基金管理股份有限公司,fund_type/benchmark/name:index_candidate,,,,,,,
159631.SZ,招商中证A100ETF,Y,include:name_etf,宽基,其他,股票型,中证A100指数收益率×100%,E,L,2022/8/26,,招商基金管理有限公司,fund_type/benchmark/name:index_candidate,,,,,,,
159635.SZ,华夏中证基建ETF,Y,include:name_etf,周期,基建,股票型,中证基建指数收益率×100%,E,L,2022/7/12,,华夏基金管理有限公司,fund_type/benchmark/name:index_candidate,,,,,,,
159639.SZ,南方中证上海环交所碳中和ETF,Y,include:name_etf,新能源,碳中和,股票型,中证上海环交所碳中和指数收益率×100%,E,L,2022/7/19,,南方基金管理股份有限公司,fund_type/benchmark/name:index_candidate,,,,,,,
159640.SZ,工银瑞信中证上海环交所碳中和ETF,Y,include:name_etf,新能源,碳中和,股票型,中证上海环交所碳中和指数收益率×100%,E,L,2022/7/21,,工银瑞信基金管理有限公司,fund_type/benchmark/name:index_candidate,,,,,,,
159641.SZ,招商中证上海环交所碳中和ETF,Y,include:name_etf,新能源,碳中和,股票型,中证上海环交所碳中和指数收益率×100%,E,L,2022/7/22,,招商基金管理有限公司,fund_type/benchmark/name:index_candidate,,,,,,,
159642.SZ,大成中证上海环交所碳中和ETF,Y,include:name_etf,新能源,碳中和,股票型,中证上海环交所碳中和指数收益率×100%,E,L,2022/7/21,,大成基金管理有限公司,fund_type/benchmark/name:index_candidate,,,,,,,
159661.SZ,嘉实中证A100ETF,Y,include:name_etf,宽基,其他,股票型,中证A100指数收益率×100%,E,L,2023/12/1,,嘉实基金管理有限公司,fund_type/benchmark/name:index_candidate,,,,,,,
159662.SZ,南方国证交通运输行业ETF,Y,include:name_etf,周期,交通运输,股票型,国证交通运输行业指数×100%,E,L,2022/12/1,,南方基金管理股份有限公司,sw2021:index_classify,,801170.SI,交通运输,L1,0,交通运输,sw2021:industry_name
159663.SZ,华夏中证机床ETF,Y,include:name_etf,周期,机械设备,股票型,中证机床指数收益率×100%,E,L,2022/10/26,,华夏基金管理有限公司,fund_type/benchmark/name:index_candidate,,,,,,,
159666.SZ,华夏中证全指运输ETF,Y,include:name_etf,周期,交通运输,股票型,中证全指运输指数收益率×100%,E,L,2023/2/13,,华夏基金管理有限公司,fund_type/benchmark/name:index_candidate,,,,,,,
159667.SZ,国泰中证机床ETF,Y,include:name_etf,周期,机械设备,股票型,中证机床指数收益率×100%,E,L,2022/10/26,,国泰基金管理有限公司,fund_type/benchmark/name:index_candidate,,,,,,,
159669.SZ,国泰国证绿色电力ETF,Y,include:name_etf,公用事业,电力,股票型,国证绿色电力指数收益率×100%,E,L,2023/1/11,,国泰基金管理有限公司,sw2021:index_classify,,801161.SI,电力,L2,410000,电力,sw2021:industry_name
159671.SZ,工银瑞信中证稀有金属主题ETF,Y,include:name_etf,周期,有色金属,股票型,中证稀有金属主题指数收益率×100%,E,L,2023/3/10,,工银瑞信基金管理有限公司,fund_type/benchmark/name:index_candidate,,,,,,,
159672.SZ,博时中证主要消费ETF,Y,include:name_etf,消费,消费综合,股票型,中证主要消费指数收益率×100%,E,L,2023/4/3,,博时基金管理有限公司,fund_type/benchmark/name:index_candidate,,,,,,,
159686.SZ,易方达中证A100ETF,Y,include:name_etf,宽基,其他,股票型,中证A100指数收益率×100%,E,L,2023/7/19,,易方达基金管理有限公司,fund_type/benchmark/name:index_candidate,,,,,,,
159689.SZ,南方中证主要消费ETF,Y,include:name_etf,消费,消费综合,股票型,中证主要消费指数×100%,E,L,2023/3/13,,南方基金管理股份有限公司,fund_type/benchmark/name:index_candidate,,,,,,,
159698.SZ,鹏华国证粮食产业ETF,Y,include:name_etf,消费,农牧,股票型,国证粮食产业指数收益率×100%,E,L,2023/8/18,,鹏华基金管理有限公司,fund_type/benchmark/name:index_candidate,,,,,,,
159701.SZ,招商中证物联网主题ETF,Y,include:name_etf,科技,通信,股票型,中证物联网主题指数收益率×100%,E,L,2021/12/23,,招商基金管理有限公司,fund_type/benchmark/name:index_candidate,,,,,,,
159703.SZ,天弘中证新材料主题ETF,Y,include:name_etf,周期,新材料,股票型,中证新材料主题指数×100%,E,L,2021/6/8,,天弘基金管理有限公司,fund_type/benchmark/name:index_candidate,,,,,,,
159719.SZ,平安富时中国国企开放共赢ETF,Y,include:name_etf,宽基,其他,股票型,富时中国国企开放共赢指数收益率×100%,E,L,2021/12/28,,平安基金管理有限公司,fund_type/benchmark/name:index_candidate,,,,,,,
159725.SZ,工银瑞信中证线上消费主题ETF,Y,include:name_etf,消费,消费综合,股票型,中证线上消费主题指数收益率×100%,E,L,2021/7/2,,工银瑞信基金管理有限公司,fund_type/benchmark/name:index_candidate,,,,,,,
159728.SZ,南方国证在线消费ETF,Y,include:name_etf,消费,消费综合,股票型,国证在线消费指数×100%,E,L,2022/1/11,,南方基金管理股份有限公司,fund_type/benchmark/name:index_candidate,,,,,,,
159731.SZ,华夏中证石化产业ETF,Y,include:name_etf,周期,化工,股票型,中证石化产业指数收益率×100%,E,L,2021/12/10,,华夏基金管理有限公司,fund_type/benchmark/name:index_candidate,,,,,,,
159736.SZ,天弘中证食品饮料ETF,Y,include:name_etf,消费,食品饮料,股票型,中证食品饮料指数收益率×100%,E,L,2021/9/27,,天弘基金管理有限公司,sw2021:index_classify,,801120.SI,食品饮料,L1,0,食品饮料,sw2021:industry_name
159739.SZ,鹏华中证云计算与大数据主题ETF,Y,include:name_etf,科技,人工智能,股票型,中证云计算与大数据主题指数收益率×100%,E,L,2021/11/17,,鹏华基金管理有限公司,fund_type/benchmark/name:index_candidate,,,,,,,
159743.SZ,博时中证湖北新旧动能转换ETF,Y,include:name_etf,宽基,其他,股票型,中证湖北新旧动能转换指数收益率×100%,E,L,2022/1/11,,博时基金管理有限公司,fund_type/benchmark/name:index_candidate,,,,,,,
159745.SZ,国泰中证全指建筑材料ETF,Y,include:name_etf,周期,建筑材料,股票型,中证全指建筑材料指数收益率×100%,E,L,2021/6/18,,国泰基金管理有限公司,sw2021:index_classify,,801710.SI,建筑材料,L1,0,建筑材料,sw2021:industry_name
159761.SZ,国泰中证新材料主题ETF,Y,include:name_etf,周期,新材料,股票型,中证新材料主题指数收益率×100%,E,L,2021/12/13,,国泰基金管理有限公司,fund_type/benchmark/name:index_candidate,,,,,,,
159763.SZ,建信中证新材料主题ETF,Y,include:name_etf,周期,新材料,股票型,中证新材料主题指数×100%,E,L,2021/9/13,,建信基金管理有限责任公司,fund_type/benchmark/name:index_candidate,,,,,,,
159766.SZ,富国中证旅游主题ETF,Y,include:name_etf,消费,消费综合,股票型,中证旅游主题指数收益率×100%,E,L,2021/7/23,,富国基金管理有限公司,fund_type/benchmark/name:index_candidate,,,,,,,
159786.SZ,银华中证虚拟现实主题ETF,Y,include:name_etf,科技,人工智能,股票型,中证虚拟现实主题指数收益率×100%,E,L,2021/8/6,,银华基金管理股份有限公司,fund_type/benchmark/name:index_candidate,,,,,,,
159787.SZ,易方达中证全指建筑材料ETF,Y,include:name_etf,周期,建筑材料,股票型,中证全指建筑材料指数收益率×100%,E,L,2022/3/15,,易方达基金管理有限公司,sw2021:index_classify,,801710.SI,建筑材料,L1,0,建筑材料,sw2021:industry_name
159790.SZ,华夏中证内地低碳经济主题ETF,Y,include:name_etf,新能源,碳中和,股票型,中证内地低碳经济主题指数收益率×100%,E,L,2021/8/6,,华夏基金管理有限公司,fund_type/benchmark/name:index_candidate,,,,,,,
159800.SZ,鹏华中证800ETF,Y,include:name_etf,宽基,其他,股票型,中证800指数收益率×100%,E,L,2024/7/12,,鹏华基金管理有限公司,fund_type/benchmark/name:index_candidate,,,,,,,
159805.SZ,鹏华中证传媒ETF,Y,include:name_etf,科技,传媒,股票型,中证传媒指数收益率×100%,E,L,2020/4/17,,鹏华基金管理有限公司,sw2021:index_classify,,801760.SI,传媒,L1,0,传媒,sw2021:industry_name
159825.SZ,富国中证农业主题ETF,Y,include:name_etf,消费,农牧,股票型,中证农业主题指数收益率×100%,E,L,2020/12/29,,富国基金管理有限公司,fund_type/benchmark/name:index_candidate,,,,,,,
159827.SZ,银华中证农业主题ETF,Y,include:name_etf,消费,农牧,股票型,中证农业主题指数×100%,E,L,2020/12/18,,银华基金管理股份有限公司,fund_type/benchmark/name:index_candidate,,,,,,,
159834.SZ,南方上海金ETF,Y,include:name_etf,宽基,其他,其他,上海金集中定价合约的午盘基准价格收益率×100%,E,L,2022/3/16,,南方基金管理股份有限公司,fund_type/benchmark/name:index_candidate,,,,,,,
159843.SZ,招商国证食品饮料行业ETF,Y,include:name_etf,消费,食品饮料,股票型,国证食品饮料行业指数收益率×100%,E,L,2021/2/5,,招商基金管理有限公司,sw2021:index_classify,,801120.SI,食品饮料,L1,0,食品饮料,sw2021:industry_name
159855.SZ,银华中证影视主题ETF,Y,include:name_etf,科技,传媒,股票型,中证影视主题指数收益率×100%,E,L,2021/2/26,,银华基金管理股份有限公司,fund_type/benchmark/name:index_candidate,,,,,,,
159862.SZ,银华中证细分食品饮料产业主题ETF,Y,include:name_etf,消费,食品饮料,股票型,中证细分食品饮料产业主题指数收益率×100%,E,L,2021/11/8,,银华基金管理股份有限公司,sw2021:index_classify,,801120.SI,食品饮料,L1,0,食品饮料,sw2021:industry_name
159865.SZ,国泰中证畜牧养殖ETF,Y,include:name_etf,消费,农牧,股票型,中证畜牧养殖指数收益率×100%,E,L,2021/3/8,,国泰基金管理有限公司,fund_type/benchmark/name:index_candidate,,,,,,,
159867.SZ,鹏华中证畜牧养殖ETF,Y,include:name_etf,消费,农牧,股票型,中证畜牧养殖指数收益率×100%,E,L,2021/3/5,,鹏华基金管理有限公司,fund_type/benchmark/name:index_candidate,,,,,,,
159869.SZ,华夏中证动漫游戏ETF,Y,include:name_etf,科技,游戏,股票型,中证动漫游戏指数收益率×100%,E,L,2021/3/5,,华夏基金管理有限公司,sw2021:index_classify,,801764.SI,游戏Ⅱ,L2,720000,游戏,sw2021:industry_name_simplified
159870.SZ,鹏华中证细分化工产业主题ETF,Y,include:name_etf,周期,化工,股票型,中证细分化工产业主题指数收益率×100%,E,L,2021/3/3,,鹏华基金管理有限公司,fund_type/benchmark/name:index_candidate,,,,,,,
159872.SZ,鹏华中证车联网主题ETF,Y,include:name_etf,科技,人工智能,股票型,中证车联网主题指数收益率×100%,E,L,2021/7/1,,鹏华基金管理有限公司,fund_type/benchmark/name:index_candidate,,,,,,,
159885.SZ,鹏华中证内地低碳经济主题ETF,Y,include:name_etf,新能源,碳中和,股票型,中证内地低碳经济主题指数收益率×100%,E,L,2021/4/14,,鹏华基金管理有限公司,fund_type/benchmark/name:index_candidate,,,,,,,
159890.SZ,招商中证云计算与大数据主题ETF,Y,include:name_etf,科技,人工智能,股票型,中证云计算与大数据主题指数收益率×100%,E,L,2021/4/2,,招商基金管理有限公司,fund_type/benchmark/name:index_candidate,,,,,,,
159895.SZ,易方达中证物联网主题ETF,Y,include:name_etf,科技,通信,股票型,中证物联网主题指数收益率×100%,E,L,2021/10/21,,易方达基金管理有限公司,fund_type/benchmark/name:index_candidate,,,,,,,
159896.SZ,南方中证物联网主题ETF,Y,include:name_etf,科技,通信,股票型,中证物联网主题指数收益率×100%,E,L,2021/11/24,,南方基金管理股份有限公司,fund_type/benchmark/name:index_candidate,,,,,,,
159902.SZ,华夏中小企业100ETF,Y,include:name_etf,宽基,其他,股票型,中小企业100指数×100%,E,L,2006/9/5,,华夏基金管理有限公司,fund_type/benchmark/name:index_candidate,,,,,,,
159906.SZ,大成深证成长40ETF,Y,include:name_etf,宽基,其他,股票型,深证成长40价格指数×100%,E,L,2011/2/23,,大成基金管理有限公司,fund_type/benchmark/name:index_candidate,,,,,,,
159910.SZ,嘉实深证基本面120ETF,Y,include:name_etf,宽基,其他,股票型,深证基本面120指数×100%,E,L,2011/9/27,,嘉实基金管理有限公司,fund_type/benchmark/name:index_candidate,,,,,,,
159916.SZ,建信深证基本面60ETF,Y,include:name_etf,宽基,其他,股票型,深证基本面60指数×100%,E,L,2011/10/24,,建信基金管理有限责任公司,fund_type/benchmark/name:index_candidate,,,,,,,
159923.SZ,大成中证A100ETF,Y,include:name_etf,宽基,其他,股票型,中证A100指数×100%,E,L,2013/3/5,,大成基金管理有限公司,fund_type/benchmark/name:index_candidate,,,,,,,
159928.SZ,汇添富中证主要消费ETF,Y,include:name_etf,消费,消费综合,股票型,中证主要消费指数×100%,E,L,2013/9/16,,汇添富基金管理股份有限公司,fund_type/benchmark/name:index_candidate,,,,,,,
159930.SZ,汇添富中证能源ETF,Y,include:name_etf,周期,能源,股票型,中证能源指数×100%,E,L,2013/9/16,,汇添富基金管理股份有限公司,fund_type/benchmark/name:index_candidate,,,,,,,
159936.SZ,广发中证全指可选消费ETF,Y,include:name_etf,消费,消费综合,股票型,中证全指可选消费指数×100%,E,L,2014/6/25,,广发基金管理有限公司,fund_type/benchmark/name:index_candidate,,,,,,,
159939.SZ,广发中证全指信息技术ETF,Y,include:name_etf,科技,计算机,股票型,中证全指信息技术指数×100%,E,L,2015/2/5,,广发基金管理有限公司,fund_type/benchmark/name:index_candidate,,,,,,,
159944.SZ,广发中证全指原材料ETF,Y,include:name_etf,周期,原材料,股票型,中证全指原材料指数×100%,E,L,2015/7/6,,广发基金管理有限公司,fund_type/benchmark/name:index_candidate,,,,,,,
159945.SZ,广发中证全指能源ETF,Y,include:name_etf,周期,能源,股票型,中证全指能源指数×100%,E,L,2015/7/6,,广发基金管理有限公司,fund_type/benchmark/name:index_candidate,,,,,,,
159973.SZ,弘毅远方国证民企领先100ETF,Y,include:name_etf,宽基,其他,股票型,国证民企领先100指数收益率×100%,E,L,2019/8/9,,弘毅远方基金管理有限公司,fund_type/benchmark/name:index_candidate,,,,,,,
159996.SZ,国泰中证全指家用电器ETF,Y,include:name_etf,消费,家电,股票型,中证全指家用电器指数收益率×100%,E,L,2020/3/16,,国泰基金管理有限公司,sw2021:index_classify,,801110.SI,家用电器,L1,0,家用电器,sw2021:industry_name
510010.SH,交银上证180公司治理ETF,Y,include:name_etf,宽基,上证180,股票型,上证180公司治理指数×100%,E,L,2009/12/15,,交银施罗德基金管理有限公司,fund_type/benchmark/name:broad_index,,,,,,,
510020.SH,博时上证超级大盘ETF,Y,include:name_etf,宽基,其他,股票型,上证超级大盘指数×100%,E,L,2010/3/19,,博时基金管理有限公司,fund_type/benchmark/name:index_candidate,,,,,,,
510040.SH,鹏华上证180ETF,Y,include:name_etf,宽基,上证180,股票型,上证180指数收益率×100%,E,L,2025/1/6,,鹏华基金管理有限公司,fund_type/benchmark/name:broad_index,,,,,,,
510090.SH,建信上证社会责任ETF,Y,include:name_etf,宽基,其他,股票型,上证社会责任指数×100%,E,L,2010/8/9,,建信基金管理有限责任公司,fund_type/benchmark/name:index_candidate,,,,,,,
510130.SH,易方达上证中盘ETF,Y,include:name_etf,宽基,其他,股票型,上证中盘指数×100%,E,L,2010/6/23,,易方达基金管理有限公司,fund_type/benchmark/name:index_candidate,,,,,,,
510140.SH,华夏上证综合ETF,Y,include:name_etf,宽基,上证综指,股票型,上证综合指数收益率×100%,E,L,,,华夏基金管理有限公司,fund_type/benchmark/name:broad_index,,,,,,,
510150.SH,招商上证消费80ETF,Y,include:name_etf,消费,消费综合,股票型,上证消费80指数×100%,E,L,2011/2/25,,招商基金管理有限公司,fund_type/benchmark/name:index_candidate,,,,,,,
510160.SH,南方中证南方小康产业ETF,Y,include:name_etf,宽基,其他,股票型,中证南方小康产业指数×100%,E,L,2010/11/1,,南方基金管理股份有限公司,fund_type/benchmark/name:index_candidate,,,,,,,
510270.SH,中银上证国有企业100ETF,Y,include:name_etf,宽基,其他,股票型,上证国有企业100指数×100%,E,L,2011/8/18,,中银基金管理有限公司,fund_type/benchmark/name:index_candidate,,,,,,,
510290.SH,南方上证380ETF,Y,include:name_etf,宽基,其他,股票型,上证380指数×100%,E,L,2011/11/8,,南方基金管理股份有限公司,fund_type/benchmark/name:index_candidate,,,,,,,
510410.SH,博时上证自然资源ETF,Y,include:name_etf,周期,能源,股票型,上证自然资源指数×100%,E,L,2012/5/11,,博时基金管理有限公司,fund_type/benchmark/name:index_candidate,,,,,,,
510630.SH,华夏上证主要消费ETF,Y,include:name_etf,消费,消费综合,股票型,上证主要消费行业指数×100%,E,L,2013/5/8,,华夏基金管理有限公司,fund_type/benchmark/name:index_candidate,,,,,,,
510670.SH,华夏上证180ETF,Y,include:name_etf,宽基,上证180,股票型,上证180指数收益率×100%,E,L,2025/10/29,,华夏基金管理有限公司,fund_type/benchmark/name:broad_index,,,,,,,
510760.SH,国泰上证综合ETF,Y,include:name_etf,宽基,上证综指,股票型,上证综合指数收益率×100%,E,L,2020/9/9,,国泰基金管理有限公司,fund_type/benchmark/name:broad_index,,,,,,,
510770.SH,申万菱信上证G60战略新兴产业成份ETF,Y,include:name_etf,宽基,其他,股票型,上证G60战略新兴产业成份指数收益率×100%,E,L,2021/9/28,,申万菱信基金管理有限公司,fund_type/benchmark/name:index_candidate,,,,,,,
510810.SH,汇添富中证上海国企ETF,Y,include:name_etf,宽基,其他,股票型,中证上海国企指数×100%,E,L,2016/8/29,,汇添富基金管理股份有限公司,fund_type/benchmark/name:index_candidate,,,,,,,
510910.SH,南方上证综合ETF,Y,include:name_etf,宽基,上证综指,股票型,上证综合指数收益率×100%,E,L,2026/6/3,,南方基金管理股份有限公司,fund_type/benchmark/name:broad_index,,,,,,,
510980.SH,汇添富上证综合ETF,Y,include:name_etf,宽基,上证综指,股票型,上证综合指数收益率×100%,E,L,2023/12/1,,汇添富基金管理股份有限公司,fund_type/benchmark/name:broad_index,,,,,,,
510990.SH,工银瑞信中证180ESGETF,Y,include:name_etf,宽基,其他,股票型,中证180ESG指数收益率×100%,E,L,2021/7/1,,工银瑞信基金管理有限公司,fund_type/benchmark/name:index_candidate,,,,,,,
512060.SH,天弘中证A100ETF,Y,include:name_etf,宽基,其他,股票型,中证A100指数收益率×100%,E,L,2025/7/18,,天弘基金管理有限公司,fund_type/benchmark/name:index_candidate,,,,,,,
512140.SH,华安中证全指电力公用事业ETF,Y,include:name_etf,公用事业,电力,股票型,中证全指电力公用事业指数收益率×100%,E,L,2026/5/11,,华安基金管理有限公司,sw2021:index_classify,,801160.SI,公用事业,L1,0,公用事业,sw2021:industry_name
512430.SH,华泰柏瑞中证家居家电ETF,Y,include:name_etf,消费,家电,股票型,中证家居家电指数收益率×100%,E,L,2026/4/30,,华泰柏瑞基金管理有限公司,fund_type/benchmark/name:index_candidate,,,,,,,
512450.SH,广发中证畜牧养殖产业ETF,Y,include:name_etf,消费,农牧,股票型,中证畜牧养殖产业指数收益率×100%,E,L,2026/4/1,,广发基金管理有限公司,fund_type/benchmark/name:index_candidate,,,,,,,
512580.SH,广发中证环保产业ETF,Y,include:name_etf,公用事业,环保,股票型,中证环保产业指数×100%,E,L,2017/2/28,,广发基金管理有限公司,sw2021:index_classify,,801970.SI,环保,L1,0,环保,sw2021:industry_name
512600.SH,嘉实中证主要消费ETF,Y,include:name_etf,消费,消费综合,股票型,中证主要消费指数×100%,E,L,2014/7/25,,嘉实基金管理有限公司,fund_type/benchmark/name:index_candidate,,,,,,,
512620.SH,天弘中证农业主题ETF,Y,include:name_etf,消费,农牧,股票型,中证农业主题指数收益率×100%,E,L,2025/11/21,,天弘基金管理有限公司,fund_type/benchmark/name:index_candidate,,,,,,,
512630.SH,广发中证卫星产业ETF,Y,include:name_etf,国防军工,航空航天,股票型,中证卫星产业指数收益率×100%,E,L,2025/10/22,,广发基金管理有限公司,fund_type/benchmark/name:index_candidate,,,,,,,
512650.SH,汇添富中证长三角一体化发展主题ETF,Y,include:name_etf,宽基,其他,股票型,中证长三角一体化发展主题指数收益率×100%,E,L,2019/10/25,,汇添富基金管理股份有限公司,fund_type/benchmark/name:index_candidate,,,,,,,
512670.SH,鹏华中证国防ETF,Y,include:name_etf,国防军工,军工,股票型,中证国防指数收益率×100%,E,L,2019/8/1,,鹏华基金管理有限公司,fund_type/benchmark/name:index_candidate,,,,,,,
512690.SH,鹏华中证酒ETF,Y,include:name_etf,消费,食品饮料,股票型,中证酒指数收益率×100%,E,L,2019/5/6,,鹏华基金管理有限公司,fund_type/benchmark/name:index_candidate,,,,,,,
512770.SH,华夏战略新兴成指ETF,Y,include:name_etf,宽基,其他,股票型,中国战略新兴产业成份指数(简称:新兴成指)指数收益率×100%,E,L,2018/8/16,,华夏基金管理有限公司,fund_type/benchmark/name:index_candidate,,,,,,,
512870.SH,南华中证杭州湾区ETF,Y,include:name_etf,宽基,其他,股票型,中证杭州湾区指数收益率×100%,E,L,2019/2/22,,南华基金管理有限公司,fund_type/benchmark/name:index_candidate,,,,,,,
512910.SH,广发中证A100ETF,Y,include:name_etf,宽基,其他,股票型,中证A100指数收益率×100%,E,L,2019/7/1,,广发基金管理有限公司,fund_type/benchmark/name:index_candidate,,,,,,,
512980.SH,广发中证传媒ETF,Y,include:name_etf,科技,传媒,股票型,中证传媒指数×100%,E,L,2018/1/19,,广发基金管理有限公司,sw2021:index_classify,,801760.SI,传媒,L1,0,传媒,sw2021:industry_name
515090.SH,博时中证可持续发展100ETF,Y,include:name_etf,宽基,其他,股票型,中证可持续发展100指数收益率×100%,E,L,2020/2/20,,博时基金管理有限公司,fund_type/benchmark/name:index_candidate,,,,,,,
515110.SH,易方达中证国企一带一路ETF,Y,include:name_etf,宽基,其他,股票型,中证国企一带一路指数收益率×100%,E,L,2020/1/15,,易方达基金管理有限公司,fund_type/benchmark/name:index_candidate,,,,,,,
515150.SH,富国中证国企一带一路ETF,Y,include:name_etf,宽基,其他,股票型,中证国企一带一路指数收益率×100%,E,L,2020/1/15,,富国基金管理有限公司,fund_type/benchmark/name:index_candidate,,,,,,,
515170.SH,华夏中证细分食品饮料产业主题ETF,Y,include:name_etf,消费,食品饮料,股票型,中证细分食品饮料产业主题指数收益率×100%,E,L,2021/1/13,,华夏基金管理有限公司,sw2021:index_classify,,801120.SI,食品饮料,L1,0,食品饮料,sw2021:industry_name
515200.SH,申万菱信中证研发创新100ETF,Y,include:name_etf,宽基,其他,股票型,中证研发创新100指数×100%,E,L,2019/11/15,,申万菱信基金管理有限公司,fund_type/benchmark/name:index_candidate,,,,,,,
515400.SH,富国中证大数据产业ETF,Y,include:name_etf,科技,人工智能,股票型,中证大数据产业指数收益率×100%,E,L,2021/1/20,,富国基金管理有限公司,fund_type/benchmark/name:index_candidate,,,,,,,
515640.SH,华夏中证全指家用电器ETF,Y,include:name_etf,消费,家电,股票型,中证全指家用电器指数收益率×100%,E,L,2026/4/24,,华夏基金管理有限公司,sw2021:index_classify,,801110.SI,家用电器,L1,0,家用电器,sw2021:industry_name
515710.SH,华宝中证细分食品饮料产业主题ETF,Y,include:name_etf,消费,食品饮料,股票型,中证细分食品饮料产业主题指数收益率×100%,E,L,2021/1/7,,华宝基金管理有限公司,sw2021:index_classify,,801120.SI,食品饮料,L1,0,食品饮料,sw2021:industry_name
515730.SH,永赢中证家居家电ETF,Y,include:name_etf,消费,家电,股票型,中证家居家电指数收益率×100%,E,L,2025/11/25,,永赢基金管理有限公司,fund_type/benchmark/name:index_candidate,,,,,,,
515760.SH,华夏中证浙江国资创新发展ETF,Y,include:name_etf,宽基,其他,股票型,中证浙江国资创新发展指数收益率×100%,E,L,2020/10/12,,华夏基金管理有限公司,fund_type/benchmark/name:index_candidate,,,,,,,
515800.SH,汇添富中证800ETF,Y,include:name_etf,宽基,其他,股票型,中证800指数收益率×100%,E,L,2019/12/16,,汇添富基金管理股份有限公司,fund_type/benchmark/name:index_candidate,,,,,,,
515810.SH,易方达中证800ETF,Y,include:name_etf,宽基,其他,股票型,中证800指数收益率×100%,E,L,2019/10/25,,易方达基金管理有限公司,fund_type/benchmark/name:index_candidate,,,,,,,
515920.SH,博时中证智能消费主题ETF,Y,include:name_etf,消费,消费综合,股票型,中证智能消费主题指数×100%,E,L,2021/1/20,,博时基金管理有限公司,fund_type/benchmark/name:index_candidate,,,,,,,
515990.SH,汇添富中证国企一带一路ETF,Y,include:name_etf,宽基,其他,股票型,中证国企一带一路指数收益率×100%,E,L,2020/1/15,,汇添富基金管理股份有限公司,fund_type/benchmark/name:index_candidate,,,,,,,
516000.SH,华夏中证大数据产业ETF,Y,include:name_etf,科技,人工智能,股票型,中证大数据产业指数收益率×100%,E,L,2021/3/1,,华夏基金管理有限公司,fund_type/benchmark/name:index_candidate,,,,,,,
516010.SH,国泰中证动漫游戏ETF,Y,include:name_etf,科技,游戏,股票型,中证动漫游戏指数收益率×100%,E,L,2021/3/5,,国泰基金管理有限公司,sw2021:index_classify,,801764.SI,游戏Ⅱ,L2,720000,游戏,sw2021:industry_name_simplified
516020.SH,华宝中证细分化工产业主题ETF,Y,include:name_etf,周期,化工,股票型,中证细分化工产业主题指数收益率×100%,E,L,2021/3/8,,华宝基金管理有限公司,fund_type/benchmark/name:index_candidate,,,,,,,
516070.SH,易方达中证内地低碳经济主题ETF,Y,include:name_etf,新能源,碳中和,股票型,中证内地低碳经济主题指数收益率×100%,E,L,2021/4/23,,易方达基金管理有限公司,fund_type/benchmark/name:index_candidate,,,,,,,
516120.SH,富国中证细分化工产业主题ETF,Y,include:name_etf,周期,化工,股票型,中证细分化工产业主题指数收益率×100%,E,L,2021/3/9,,富国基金管理有限公司,fund_type/benchmark/name:index_candidate,,,,,,,
516130.SH,华宝中证消费龙头ETF,Y,include:name_etf,消费,消费综合,股票型,中证消费龙头指数收益率×100%,E,L,2021/10/13,,华宝基金管理有限公司,fund_type/benchmark/name:index_candidate,,,,,,,
516190.SH,华夏中证文娱传媒ETF,Y,include:name_etf,科技,传媒,股票型,中证文娱传媒指数收益率×100%,E,L,2021/9/17,,华夏基金管理有限公司,sw2021:index_classify,,801760.SI,传媒,L1,0,传媒,sw2021:industry_name
516220.SH,国泰中证细分化工产业主题ETF,Y,include:name_etf,周期,化工,股票型,中证细分化工产业主题指数收益率×100%,E,L,2021/3/10,,国泰基金管理有限公司,fund_type/benchmark/name:index_candidate,,,,,,,
516260.SH,华夏中证物联网主题ETF,Y,include:name_etf,科技,通信,股票型,中证物联网主题指数收益率×100%,E,L,2021/8/2,,华夏基金管理有限公司,fund_type/benchmark/name:index_candidate,,,,,,,
516330.SH,华泰柏瑞中证物联网主题ETF,Y,include:name_etf,科技,通信,股票型,中证物联网主题指数收益率×100%,E,L,2021/4/9,,华泰柏瑞基金管理有限公司,fund_type/benchmark/name:index_candidate,,,,,,,
516360.SH,华宝中证新材料主题ETF,Y,include:name_etf,周期,新材料,股票型,中证新材料主题指数收益率×100%,E,L,2021/5/13,,华宝基金管理有限公司,fund_type/benchmark/name:index_candidate,,,,,,,
516370.SH,汇添富中证全指电力公用事业ETF,Y,include:name_etf,公用事业,电力,股票型,中证全指电力公用事业指数收益率×100%,E,L,2026/4/3,,汇添富基金管理股份有限公司,sw2021:index_classify,,801160.SI,公用事业,L1,0,公用事业,sw2021:industry_name
516510.SH,易方达中证云计算与大数据主题ETF,Y,include:name_etf,科技,人工智能,股票型,中证云计算与大数据主题指数收益率×100%,E,L,2021/4/7,,易方达基金管理有限公司,fund_type/benchmark/name:index_candidate,,,,,,,
516530.SH,银华中证现代物流ETF,Y,include:name_etf,周期,物流,股票型,中证现代物流指数×100%,E,L,2022/1/17,,银华基金管理股份有限公司,sw2021:index_classify,,801178.SI,物流,L2,420000,物流,sw2021:industry_name
516550.SH,嘉实中证大农业ETF,Y,include:name_etf,消费,农牧,股票型,中证大农业指数收益率×100%,E,L,2021/4/8,,嘉实基金管理有限公司,fund_type/benchmark/name:index_candidate,,,,,,,
516560.SH,华宝中证养老产业ETF,Y,include:name_etf,消费,消费综合,股票型,中证养老产业指数收益率×100%,E,L,2021/9/16,,华宝基金管理有限公司,fund_type/benchmark/name:index_candidate,,,,,,,
516570.SH,易方达中证石化产业ETF,Y,include:name_etf,周期,化工,股票型,中证石化产业指数收益率×100%,E,L,2021/6/18,,易方达基金管理有限公司,fund_type/benchmark/name:index_candidate,,,,,,,
516600.SH,工银瑞信中证消费服务领先ETF,Y,include:name_etf,消费,消费综合,股票型,中证消费服务领先指数收益率×100%,E,L,2021/2/26,,工银瑞信基金管理有限公司,fund_type/benchmark/name:index_candidate,,,,,,,
516620.SH,国泰中证影视主题ETF,Y,include:name_etf,科技,传媒,股票型,中证影视主题指数收益率×100%,E,L,2021/11/5,,国泰基金管理有限公司,fund_type/benchmark/name:index_candidate,,,,,,,
516630.SH,华夏中证云计算与大数据主题ETF,Y,include:name_etf,科技,人工智能,股票型,中证云计算与大数据主题指数收益率×100%,E,L,2021/9/3,,华夏基金管理有限公司,fund_type/benchmark/name:index_candidate,,,,,,,
516670.SH,招商中证畜牧养殖ETF,Y,include:name_etf,消费,农牧,股票型,中证畜牧养殖指数收益率×100%,E,L,2021/3/26,,招商基金管理有限公司,fund_type/benchmark/name:index_candidate,,,,,,,
516700.SH,华宝中证大数据产业ETF,Y,include:name_etf,科技,人工智能,股票型,中证大数据产业指数收益率×100%,E,L,2021/5/19,,华宝基金管理有限公司,fund_type/benchmark/name:index_candidate,,,,,,,
516710.SH,华夏中证新材料主题ETF,Y,include:name_etf,周期,新材料,股票型,中证新材料主题指数收益率×100%,E,L,2021/8/17,,华夏基金管理有限公司,fund_type/benchmark/name:index_candidate,,,,,,,
516720.SH,浦银安盛中证ESG120策略ETF,Y,include:name_etf,宽基,其他,股票型,中证ESG120策略指数收益率×100%,E,L,2021/8/13,,浦银安盛基金管理有限公司,fund_type/benchmark/name:index_candidate,,,,,,,
516750.SH,富国中证全指建筑材料ETF,Y,include:name_etf,周期,建筑材料,股票型,中证全指建筑材料指数收益率×100%,E,L,2021/11/5,,富国基金管理有限公司,sw2021:index_classify,,801710.SI,建筑材料,L1,0,建筑材料,sw2021:industry_name
516760.SH,平安中证畜牧养殖ETF,Y,include:name_etf,消费,农牧,股票型,中证畜牧养殖指数收益率×100%,E,L,2021/3/12,,平安基金管理有限公司,fund_type/benchmark/name:index_candidate,,,,,,,
516770.SH,华泰柏瑞中证动漫游戏ETF,Y,include:name_etf,科技,游戏,股票型,中证动漫游戏指数收益率×100%,E,L,2021/3/5,,华泰柏瑞基金管理有限公司,sw2021:index_classify,,801764.SI,游戏Ⅱ,L2,720000,游戏,sw2021:industry_name_simplified
516810.SH,华夏中证农业主题ETF,Y,include:name_etf,消费,农牧,股票型,中证农业主题指数收益率×100%,E,L,2022/1/11,,华夏基金管理有限公司,fund_type/benchmark/name:index_candidate,,,,,,,
516890.SH,平安中证新材料主题ETF,Y,include:name_etf,周期,新材料,股票型,中证新材料主题指数收益率×100%,E,L,2021/7/28,,平安基金管理有限公司,fund_type/benchmark/name:index_candidate,,,,,,,
516900.SH,华安中证申万食品饮料ETF,Y,include:name_etf,消费,食品饮料,股票型,中证申万食品饮料指数收益率×100%,E,L,2021/4/28,,华安基金管理有限公司,sw2021:index_classify,,801120.SI,食品饮料,L1,0,食品饮料,sw2021:industry_name
516910.SH,富国中证现代物流ETF,Y,include:name_etf,周期,物流,股票型,中证现代物流指数×100%,E,L,2021/6/11,,富国基金管理有限公司,sw2021:index_classify,,801178.SI,物流,L2,420000,物流,sw2021:industry_name
516950.SH,银华中证基建ETF,Y,include:name_etf,周期,基建,股票型,中证基建指数×100%,E,L,2021/5/14,,银华基金管理股份有限公司,fund_type/benchmark/name:index_candidate,,,,,,,
516970.SH,广发中证基建工程ETF,Y,include:name_etf,周期,基建,股票型,中证基建工程指数收益率×100%,E,L,2021/7/5,,广发基金管理有限公司,fund_type/benchmark/name:index_candidate,,,,,,,
517090.SH,国泰富时中国国企开放共赢ETF,Y,include:name_etf,宽基,其他,股票型,富时中国国企开放共赢指数收益率×100%,E,L,2021/12/28,,国泰基金管理有限公司,fund_type/benchmark/name:index_candidate,,,,,,,
517160.SH,南方中证长江保护主题ETF,Y,include:name_etf,公用事业,公用事业,股票型,中证长江保护主题指数×100%,E,L,2022/1/5,,南方基金管理股份有限公司,fund_type/benchmark/name:index_candidate,,,,,,,
517180.SH,南方富时中国国企开放共赢ETF,Y,include:name_etf,宽基,其他,股票型,富时中国国企开放共赢指数收益率×100%,E,L,2021/12/28,,南方基金管理股份有限公司,fund_type/benchmark/name:index_candidate,,,,,,,
517330.SH,易方达中证长江保护主题ETF,Y,include:name_etf,公用事业,公用事业,股票型,中证长江保护主题指数×100%,E,L,2022/1/5,,易方达基金管理有限公司,fund_type/benchmark/name:index_candidate,,,,,,,
530060.SH,易方达上证综合ETF,Y,include:name_etf,宽基,上证综指,股票型,上证综合指数收益率×100%,E,L,2026/2/10,,易方达基金管理有限公司,fund_type/benchmark/name:broad_index,,,,,,,
530080.SH,天弘上证180ETF,Y,include:name_etf,宽基,上证180,股票型,上证180指数收益率×100%,E,L,2025/1/23,,天弘基金管理有限公司,fund_type/benchmark/name:broad_index,,,,,,,
530100.SH,易方达上证580ETF,Y,include:name_etf,宽基,其他,股票型,上证580指数收益率×100%,E,L,2025/10/22,,易方达基金管理有限公司,fund_type/benchmark/name:index_candidate,,,,,,,
530180.SH,易方达上证180ETF,Y,include:name_etf,宽基,上证180,股票型,上证180指数收益率×100%,E,L,2024/12/26,,易方达基金管理有限公司,fund_type/benchmark/name:broad_index,,,,,,,
530280.SH,平安上证180ETF,Y,include:name_etf,宽基,上证180,股票型,上证180指数收益率×100%,E,L,2025/1/24,,平安基金管理有限公司,fund_type/benchmark/name:broad_index,,,,,,,
530300.SH,华泰柏瑞上证180ETF,Y,include:name_etf,宽基,上证180,股票型,上证180指数收益率×100%,E,L,2025/1/10,,华泰柏瑞基金管理有限公司,fund_type/benchmark/name:broad_index,,,,,,,
530380.SH,易方达上证380ETF,Y,include:name_etf,宽基,其他,股票型,上证380指数收益率×100%,E,L,2025/9/30,,易方达基金管理有限公司,fund_type/benchmark/name:index_candidate,,,,,,,
530530.SH,华夏上证580ETF,Y,include:name_etf,宽基,其他,股票型,上证580指数收益率×100%,E,L,2025/8/29,,华夏基金管理有限公司,fund_type/benchmark/name:index_candidate,,,,,,,
530580.SH,南方上证180ETF,Y,include:name_etf,宽基,上证180,股票型,上证180指数收益率×100%,E,L,2025/1/8,,南方基金管理股份有限公司,fund_type/benchmark/name:broad_index,,,,,,,
530680.SH,兴业上证180ETF,Y,include:name_etf,宽基,上证180,股票型,上证180指数收益率×100%,E,L,2025/1/8,,兴业基金管理有限公司,fund_type/benchmark/name:broad_index,,,,,,,
530800.SH,银华上证180ETF,Y,include:name_etf,宽基,上证180,股票型,上证180指数收益率×100%,E,L,2025/1/27,,银华基金管理股份有限公司,fund_type/benchmark/name:broad_index,,,,,,,
560060.SH,汇添富中证上海环交所碳中和ETF,Y,include:name_etf,新能源,碳中和,股票型,中证上海环交所碳中和指数收益率×100%,E,L,2022/7/21,,汇添富基金管理股份有限公司,fund_type/benchmark/name:index_candidate,,,,,,,
560130.SH,鹏华中证全指食品ETF,Y,include:name_etf,消费,食品饮料,股票型,中证全指食品指数收益率×100%,E,L,2026/1/13,,鹏华基金管理有限公司,fund_type/benchmark/name:index_candidate,,,,,,,
560160.SH,易方达中证全指食品ETF,Y,include:name_etf,消费,食品饮料,股票型,中证全指食品指数收益率×100%,E,L,2026/1/27,,易方达基金管理有限公司,fund_type/benchmark/name:index_candidate,,,,,,,
560190.SH,鹏华中证全指公用事业ETF,Y,include:name_etf,公用事业,公用事业,股票型,中证全指公用事业指数收益率×100%,E,L,2025/1/6,,鹏华基金管理有限公司,sw2021:index_classify,,801160.SI,公用事业,L1,0,公用事业,sw2021:industry_name
560210.SH,景顺长城中证全指农牧渔ETF,Y,include:name_etf,消费,农牧,股票型,中证全指农牧渔指数收益率×100%,E,L,2026/3/20,,景顺长城基金管理有限公司,fund_type/benchmark/name:index_candidate,,,,,,,
560270.SH,工银瑞信中证全指电力公用事业ETF,Y,include:name_etf,公用事业,电力,股票型,中证全指电力公用事业指数收益率×100%,E,L,2026/3/6,,工银瑞信基金管理有限公司,sw2021:index_classify,,801160.SI,公用事业,L1,0,公用事业,sw2021:industry_name
560300.SH,汇添富中证电信主题ETF,Y,include:name_etf,科技,通信,股票型,中证电信主题指数收益率×100%,E,L,2023/12/18,,汇添富基金管理股份有限公司,fund_type/benchmark/name:index_candidate,,,,,,,
560320.SH,富国中证全指食品ETF,Y,include:name_etf,消费,食品饮料,股票型,中证全指食品指数收益率×100%,E,L,2026/5/13,,富国基金管理有限公司,fund_type/benchmark/name:index_candidate,,,,,,,
560380.SH,南方中证A100ETF,Y,include:name_etf,宽基,其他,股票型,中证A100指数收益率×100%,E,L,2024/12/27,,南方基金管理股份有限公司,fund_type/benchmark/name:index_candidate,,,,,,,
560420.SH,前海开源中证全指食品ETF,Y,include:name_etf,消费,食品饮料,股票型,中证全指食品指数收益率×100%,E,L,2026/5/19,,前海开源基金管理有限公司,fund_type/benchmark/name:index_candidate,,,,,,,
560450.SH,天弘中证全指电力公用事业ETF,Y,include:name_etf,公用事业,电力,股票型,中证全指电力公用事业指数收益率×100%,E,L,2026/4/30,,天弘基金管理有限公司,sw2021:index_classify,,801160.SI,公用事业,L1,0,公用事业,sw2021:industry_name
560460.SH,平安中证全指电力公用事业ETF,Y,include:name_etf,公用事业,电力,股票型,中证全指电力公用事业指数收益率×100%,E,L,2026/5/15,,平安基金管理有限公司,sw2021:index_classify,,801160.SI,公用事业,L1,0,公用事业,sw2021:industry_name
560480.SH,招商中证全指电力公用事业ETF,Y,include:name_etf,公用事业,电力,股票型,中证全指电力公用事业指数收益率×100%,E,L,2026/5/26,,招商基金管理有限公司,sw2021:index_classify,,801160.SI,公用事业,L1,0,公用事业,sw2021:industry_name
560550.SH,广发中证上海环交所碳中和ETF,Y,include:name_etf,新能源,碳中和,股票型,中证上海环交所碳中和指数收益率×100%,E,L,2022/7/19,,广发基金管理有限公司,fund_type/benchmark/name:index_candidate,,,,,,,
560560.SH,泰康中证内地低碳经济主题ETF,Y,include:name_etf,新能源,碳中和,股票型,中证内地低碳经济主题指数收益率×100%,E,L,2021/9/13,,泰康基金管理有限公司,fund_type/benchmark/name:index_candidate,,,,,,,
560580.SH,南方中证全指电力公用事业ETF,Y,include:name_etf,公用事业,电力,股票型,中证全指电力公用事业指数×100%,E,L,2023/5/12,,南方基金管理股份有限公司,sw2021:index_classify,,801160.SI,公用事业,L1,0,公用事业,sw2021:industry_name
560620.SH,万家中证全指公用事业ETF,Y,include:name_etf,公用事业,公用事业,股票型,中证全指公用事业指数收益率×100%,E,L,2024/10/9,,万家基金管理有限公司,sw2021:index_classify,,801160.SI,公用事业,L1,0,公用事业,sw2021:industry_name
560680.SH,广发中证主要消费ETF,Y,include:name_etf,消费,消费综合,股票型,中证主要消费指数×100%,E,L,2022/10/31,,广发基金管理有限公司,fund_type/benchmark/name:index_candidate,,,,,,,
560690.SH,鹏华中证电信主题ETF,Y,include:name_etf,科技,通信,股票型,中证电信主题指数收益率×100%,E,L,2024/4/22,,鹏华基金管理有限公司,fund_type/benchmark/name:index_candidate,,,,,,,
560710.SH,富国中证智选船舶产业ETF,Y,include:name_etf,国防军工,军工,股票型,中证智选船舶产业指数收益率×100%,E,L,2026/2/6,,富国基金管理有限公司,fund_type/benchmark/name:index_candidate,,,,,,,
560830.SH,华夏中证全指电力公用事业ETF,Y,include:name_etf,公用事业,电力,股票型,中证全指电力公用事业指数收益率×100%,E,L,2026/5/26,,华夏基金管理有限公司,sw2021:index_classify,,801160.SI,公用事业,L1,0,公用事业,sw2021:industry_name
560850.SH,汇添富中证信息技术应用创新产业ETF,Y,include:name_etf,科技,计算机,股票型,中证信息技术应用创新产业指数收益率×100%,E,L,2024/4/15,,汇添富基金管理股份有限公司,fund_type/benchmark/name:index_candidate,,,,,,,
560880.SH,广发中证全指家用电器ETF,Y,include:name_etf,消费,家电,股票型,中证全指家用电器指数收益率×100%,E,L,2022/4/12,,广发基金管理有限公司,sw2021:index_classify,,801110.SI,家用电器,L1,0,家用电器,sw2021:industry_name
560930.SH,易方达中证全指电力公用事业ETF,Y,include:name_etf,公用事业,电力,股票型,中证全指电力公用事业指数收益率×100%,E,L,2026/5/14,,易方达基金管理有限公司,sw2021:index_classify,,801160.SI,公用事业,L1,0,公用事业,sw2021:industry_name
561050.SH,易方达中证稀有金属主题ETF,Y,include:name_etf,周期,有色金属,股票型,中证稀有金属主题指数收益率×100%,E,L,2026/5/22,,易方达基金管理有限公司,fund_type/benchmark/name:index_candidate,,,,,,,
561120.SH,富国中证全指家用电器ETF,Y,include:name_etf,消费,家电,股票型,中证全指家用电器指数×100%,E,L,2022/2/15,,富国基金管理有限公司,sw2021:index_classify,,801110.SI,家用电器,L1,0,家用电器,sw2021:industry_name
561130.SH,富国中证新华社民族品牌工程ETF,Y,include:name_etf,消费,消费综合,股票型,中证新华社民族品牌工程指数收益率×100%,E,L,2021/10/18,,富国基金管理有限公司,fund_type/benchmark/name:index_candidate,,,,,,,
561170.SH,富国中证绿色电力ETF,Y,include:name_etf,公用事业,电力,股票型,中证绿色电力指数收益率×100%,E,L,2023/3/16,,富国基金管理有限公司,sw2021:index_classify,,801161.SI,电力,L2,410000,电力,sw2021:industry_name
561180.SH,富国中证A100ETF,Y,include:name_etf,宽基,其他,股票型,中证A100指数收益率×100%,E,L,2022/11/21,,富国基金管理有限公司,fund_type/benchmark/name:index_candidate,,,,,,,
561190.SH,富国中证上海环交所碳中和ETF,Y,include:name_etf,新能源,碳中和,股票型,中证上海环交所碳中和指数收益率×100%,E,L,2022/7/19,,富国基金管理有限公司,fund_type/benchmark/name:index_candidate,,,,,,,
561200.SH,工银瑞信中证A100ETF,Y,include:name_etf,宽基,其他,股票型,中证A100指数收益率×100%,E,L,2024/1/5,,工银瑞信基金管理有限公司,fund_type/benchmark/name:index_candidate,,,,,,,
561320.SH,国泰中证内地运输主题ETF,Y,include:name_etf,周期,交通运输,股票型,中证内地运输主题指数收益率×100%,E,L,2022/12/8,,国泰基金管理有限公司,fund_type/benchmark/name:index_candidate,,,,,,,
561560.SH,华泰柏瑞中证全指电力公用事业ETF,Y,include:name_etf,公用事业,电力,股票型,中证全指电力公用事业指数收益率×100%,E,L,2022/5/16,,华泰柏瑞基金管理有限公司,sw2021:index_classify,,801160.SI,公用事业,L1,0,公用事业,sw2021:industry_name
561660.SH,平安中证通用航空主题ETF,Y,include:name_etf,国防军工,航空航天,股票型,中证通用航空主题指数收益率×100%,E,L,2025/11/10,,平安基金管理有限公司,fund_type/benchmark/name:index_candidate,,,,,,,
561700.SH,博时中证全指电力公用事业ETF,Y,include:name_etf,公用事业,电力,股票型,中证全指电力公用事业指数收益率×100%,E,L,2022/7/15,,博时基金管理有限公司,sw2021:index_classify,,801160.SI,公用事业,L1,0,公用事业,sw2021:industry_name
561770.SH,博时中证A100ETF,Y,include:name_etf,宽基,其他,股票型,中证A100指数收益率×100%,E,L,2025/6/24,,博时基金管理有限公司,fund_type/benchmark/name:index_candidate,,,,,,,
561800.SH,华富中证稀有金属主题ETF,Y,include:name_etf,周期,有色金属,股票型,中证稀有金属主题指数收益率×100%,E,L,2021/8/24,,华富基金管理有限公司,fund_type/benchmark/name:index_candidate,,,,,,,
561880.SH,华富中证A100ETF,Y,include:name_etf,宽基,其他,股票型,中证A100指数收益率×100%,E,L,2025/1/24,,华富基金管理有限公司,fund_type/benchmark/name:index_candidate,,,,,,,
562000.SH,华宝中证A100ETF,Y,include:name_etf,宽基,其他,股票型,中证A100指数收益率×100%,E,L,2022/8/1,,华宝基金管理有限公司,fund_type/benchmark/name:index_candidate,,,,,,,
562010.SH,华宝中证绿色能源ETF,Y,include:name_etf,新能源,新能源综合,股票型,中证绿色能源指数收益率×100%,E,L,2023/1/3,,华宝基金管理有限公司,fund_type/benchmark/name:index_candidate,,,,,,,
562030.SH,华宝中证信息技术应用创新产业ETF,Y,include:name_etf,科技,计算机,股票型,中证信息技术应用创新产业指数收益率×100%,E,L,2023/10/12,,华宝基金管理有限公司,fund_type/benchmark/name:index_candidate,,,,,,,
562050.SH,华宝中证制药ETF,Y,include:name_etf,医药,医药综合,股票型,中证制药指数收益率×100%,E,L,2025/6/19,,华宝基金管理有限公司,fund_type/benchmark/name:index_candidate,,,,,,,
562300.SH,银华中证内地低碳经济主题ETF,Y,include:name_etf,新能源,碳中和,股票型,中证内地低碳经济主题指数×100%,E,L,2022/1/5,,银华基金管理股份有限公司,fund_type/benchmark/name:index_candidate,,,,,,,
562350.SH,银华中证全指电力公用事业ETF,Y,include:name_etf,公用事业,电力,股票型,中证全指电力公用事业指数收益率×100%,E,L,2022/7/12,,银华基金管理股份有限公司,sw2021:index_classify,,801160.SI,公用事业,L1,0,公用事业,sw2021:industry_name
562510.SH,华夏中证旅游主题ETF,Y,include:name_etf,消费,消费综合,股票型,中证旅游主题指数收益率×100%,E,L,2021/12/30,,华夏基金管理有限公司,fund_type/benchmark/name:index_candidate,,,,,,,
562520.SH,华夏中证智选1000成长创新策略ETF,Y,include:name_etf,宽基,其他,股票型,中证智选1000成长创新策略指数收益率×100%,E,L,2022/3/22,,华夏基金管理有限公司,fund_type/benchmark/name:index_candidate,,,,,,,
562550.SH,华夏中证绿色电力ETF,Y,include:name_etf,公用事业,电力,股票型,中证绿色电力指数收益率×100%,E,L,2023/3/27,,华夏基金管理有限公司,sw2021:index_classify,,801161.SI,电力,L2,410000,电力,sw2021:industry_name
562560.SH,华夏中证全指信息技术ETF,Y,include:name_etf,科技,计算机,股票型,中证全指信息技术指数收益率×100%,E,L,2024/4/12,,华夏基金管理有限公司,fund_type/benchmark/name:index_candidate,,,,,,,
562570.SH,华夏中证信息技术应用创新产业ETF,Y,include:name_etf,科技,计算机,股票型,中证信息技术应用创新产业指数收益率×100%,E,L,2024/4/30,,华夏基金管理有限公司,fund_type/benchmark/name:index_candidate,,,,,,,
562580.SH,华夏中证全指可选消费ETF,Y,include:name_etf,消费,消费综合,股票型,中证全指可选消费指数收益率×100%,E,L,2024/3/26,,华夏基金管理有限公司,fund_type/benchmark/name:index_candidate,,,,,,,
562800.SH,嘉实中证稀有金属主题ETF,Y,include:name_etf,周期,有色金属,股票型,中证稀有金属主题指数收益率×100%,E,L,2021/9/27,,嘉实基金管理有限公司,fund_type/benchmark/name:index_candidate,,,,,,,
562810.SH,嘉实上证综合增强策略ETF,Y,include:name_etf,宽基,上证综指,股票型,上证综合指数收益率×100%,E,L,2025/3/13,,嘉实基金管理有限公司,fund_type/benchmark/name:broad_index,,,,,,,
562820.SH,嘉实中证全指集成电路ETF,Y,include:name_etf,科技,半导体,股票型,中证全指集成电路指数收益率×100%,E,L,2024/4/22,,嘉实基金管理有限公司,fund_type/benchmark/name:index_candidate,,,,,,,
562900.SH,易方达中证现代农业主题ETF,Y,include:name_etf,消费,农牧,股票型,中证现代农业主题指数收益率×100%,E,L,2021/12/13,,易方达基金管理有限公司,fund_type/benchmark/name:index_candidate,,,,,,,
562920.SH,易方达中证信息安全主题ETF,Y,include:name_etf,科技,计算机,股票型,中证信息安全主题指数收益率×100%,E,L,2023/6/12,,易方达基金管理有限公司,fund_type/benchmark/name:index_candidate,,,,,,,
562960.SH,易方达中证绿色电力ETF,Y,include:name_etf,公用事业,电力,股票型,中证绿色电力指数收益率×100%,E,L,2023/4/12,,易方达基金管理有限公司,sw2021:index_classify,,801161.SI,电力,L2,410000,电力,sw2021:industry_name
562990.SH,易方达中证上海环交所碳中和ETF,Y,include:name_etf,新能源,碳中和,股票型,中证上海环交所碳中和指数收益率×100%,E,L,2022/7/19,,易方达基金管理有限公司,fund_type/benchmark/name:index_candidate,,,,,,,
563010.SH,易方达中证电信主题ETF,Y,include:name_etf,科技,通信,股票型,中证电信主题指数收益率×100%,E,L,2023/7/13,,易方达基金管理有限公司,fund_type/benchmark/name:index_candidate,,,,,,,
563230.SH,富国中证卫星产业ETF,Y,include:name_etf,国防军工,航空航天,股票型,中证卫星产业指数收益率×100%,E,L,2025/9/17,,富国基金管理有限公司,fund_type/benchmark/name:index_candidate,,,,,,,
563320.SH,华泰柏瑞中证通用航空主题ETF,Y,include:name_etf,国防军工,航空航天,股票型,中证通用航空主题指数收益率×100%,E,L,2025/9/3,,华泰柏瑞基金管理有限公司,fund_type/benchmark/name:index_candidate,,,,,,,
563330.SH,华泰柏瑞中证A股ETF,Y,include:name_etf,宽基,其他,股票型,中证A股指数收益率×100%,E,L,2023/11/7,,华泰柏瑞基金管理有限公司,fund_type/benchmark/name:index_candidate,,,,,,,
563380.SH,华泰柏瑞中证全指航空航天ETF,Y,include:name_etf,国防军工,航空航天,股票型,中证全指航空航天指数收益率×100%,E,L,2025/11/7,,华泰柏瑞基金管理有限公司,fund_type/benchmark/name:index_candidate,,,,,,,
563530.SH,易方达中证卫星产业ETF,Y,include:name_etf,国防军工,航空航天,股票型,中证卫星产业指数收益率×100%,E,L,2025/11/14,,易方达基金管理有限公司,fund_type/benchmark/name:index_candidate,,,,,,,
563790.SH,鹏华中证卫星产业ETF,Y,include:name_etf,国防军工,航空航天,股票型,中证卫星产业指数收益率×100%,E,L,2026/1/5,,鹏华基金管理有限公司,fund_type/benchmark/name:index_candidate,,,,,,,
563850.SH,广发中证全指食品ETF,Y,include:name_etf,消费,食品饮料,股票型,中证全指食品指数×100%,E,L,2025/12/19,,广发基金管理有限公司,fund_type/benchmark/name:index_candidate,,,,,,,
563870.SH,鹏华中证通用航空主题ETF,Y,include:name_etf,国防军工,航空航天,股票型,中证通用航空主题指数收益率×100%,E,L,2026/1/15,,鹏华基金管理有限公司,fund_type/benchmark/name:index_candidate,,,,,,,
563930.SH,招商上证综合增强策略ETF,Y,include:name_etf,宽基,上证综指,股票型,上证综合指数收益率×100%,E,L,2026/1/6,,招商基金管理有限公司,fund_type/benchmark/name:broad_index,,,,,,,
588010.SH,博时上证科创板新材料ETF,Y,include:name_etf,周期,新材料,股票型,上证科创板新材料指数收益率×100%,E,L,2022/10/26,,博时基金管理有限公司,fund_type/benchmark/name:index_candidate,,,,,,,
588020.SH,易方达上证科创板成长ETF,Y,include:name_etf,宽基,其他,股票型,上证科创板成长指数收益率×100%,E,L,2023/8/31,,易方达基金管理有限公司,fund_type/benchmark/name:index_candidate,,,,,,,
588030.SH,博时上证科创板100ETF,Y,include:name_etf,宽基,其他,股票型,上证科创板100指数收益率×100%,E,L,2023/9/15,,博时基金管理有限公司,fund_type/benchmark/name:index_candidate,,,,,,,
588070.SH,万家上证科创板成长ETF,Y,include:name_etf,宽基,其他,股票型,上证科创板成长指数收益率×100%,E,L,2024/11/14,,万家基金管理有限公司,fund_type/benchmark/name:index_candidate,,,,,,,
588100.SH,嘉实上证科创板新一代信息技术ETF,Y,include:name_etf,科技,计算机,股票型,上证科创板新一代信息技术指数收益率×100%,E,L,2022/5/27,,嘉实基金管理有限公司,fund_type/benchmark/name:index_candidate,,,,,,,
588110.SH,广发上证科创板成长ETF,Y,include:name_etf,宽基,其他,股票型,上证科创板成长指数收益率×100%,E,L,2023/8/31,,广发基金管理有限公司,fund_type/benchmark/name:index_candidate,,,,,,,
588120.SH,国泰上证科创板100ETF,Y,include:name_etf,宽基,其他,股票型,上证科创板100指数收益率×100%,E,L,2023/9/15,,国泰基金管理有限公司,fund_type/benchmark/name:index_candidate,,,,,,,
588140.SH,广发上证科创板200ETF,Y,include:name_etf,宽基,其他,股票型,上证科创板200指数收益率×100%,E,L,2025/10/15,,广发基金管理有限公司,fund_type/benchmark/name:index_candidate,,,,,,,
588160.SH,南方上证科创板新材料ETF,Y,include:name_etf,周期,新材料,股票型,上证科创板新材料指数×100%,E,L,2022/10/26,,南方基金管理股份有限公司,fund_type/benchmark/name:index_candidate,,,,,,,
588190.SH,银华上证科创板100ETF,Y,include:name_etf,宽基,其他,股票型,上证科创板100指数收益率×100%,E,L,2023/9/15,,银华基金管理股份有限公司,fund_type/benchmark/name:index_candidate,,,,,,,
588210.SH,易方达上证科创板100ETF,Y,include:name_etf,宽基,其他,股票型,上证科创板100指数收益率×100%,E,L,2023/11/16,,易方达基金管理有限公司,fund_type/benchmark/name:index_candidate,,,,,,,
588220.SH,鹏华上证科创板100ETF,Y,include:name_etf,宽基,其他,股票型,上证科创板100指数收益率×100%,E,L,2023/9/15,,鹏华基金管理有限公司,fund_type/benchmark/name:index_candidate,,,,,,,
588230.SH,华泰柏瑞上证科创板200ETF,Y,include:name_etf,宽基,其他,股票型,上证科创板200指数收益率×100%,E,L,2024/12/24,,华泰柏瑞基金管理有限公司,fund_type/benchmark/name:index_candidate,,,,,,,
588240.SH,鹏华上证科创板200ETF,Y,include:name_etf,宽基,其他,股票型,上证科创板200指数收益率×100%,E,L,2025/2/25,,鹏华基金管理有限公司,fund_type/benchmark/name:index_candidate,,,,,,,
588260.SH,华安上证科创板新一代信息技术ETF,Y,include:name_etf,科技,计算机,股票型,上证科创板新一代信息技术指数收益率×100%,E,L,2022/5/27,,华安基金管理有限公司,fund_type/benchmark/name:index_candidate,,,,,,,
588270.SH,易方达上证科创板200ETF,Y,include:name_etf,宽基,其他,股票型,上证科创板200指数收益率×100%,E,L,2025/6/16,,易方达基金管理有限公司,fund_type/benchmark/name:index_candidate,,,,,,,
588500.SH,易方达上证科创板100增强策略ETF,Y,include:name_etf,指数增强,科创板100,股票型,上证科创板100指数收益率×100%,E,L,2024/7/19,,易方达基金管理有限公司,fund_type/benchmark/name:index_candidate,,,,,,,
588520.SH,永赢上证科创板综合价格增强策略ETF,Y,include:name_etf,指数增强,科创板综合,股票型,上证科创板综合价格指数收益率×100%,E,L,2025/7/8,,永赢基金管理有限公司,fund_type/benchmark/name:index_candidate,,,,,,,
588550.SH,易方达上证科创板综合增强策略ETF,Y,include:name_etf,指数增强,科创板综合,股票型,上证科创板综合指数收益率×100%,E,L,2025/9/12,,易方达基金管理有限公司,fund_type/benchmark/name:index_candidate,,,,,,,
588670.SH,嘉实上证科创板综合增强策略ETF,Y,include:name_etf,指数增强,科创板综合,股票型,上证科创板综合指数收益率×100%,E,L,2025/6/13,,嘉实基金管理有限公司,fund_type/benchmark/name:index_candidate,,,,,,,
588680.SH,广发上证科创板100增强策略ETF,Y,include:name_etf,指数增强,科创板100,股票型,上证科创板100指数收益率×100%,E,L,2024/7/5,,广发基金管理有限公司,fund_type/benchmark/name:index_candidate,,,,,,,
588690.SH,银华上证科创板综合增强策略ETF,Y,include:name_etf,指数增强,科创板综合,股票型,上证科创板综合指数收益率×100%,E,L,2025/8/29,,银华基金管理股份有限公司,fund_type/benchmark/name:index_candidate,,,,,,,
588770.SH,摩根上证科创板新一代信息技术ETF,Y,include:name_etf,科技,计算机,股票型,上证科创板新一代信息技术指数收益率×100%,E,L,2025/3/24,,摩根基金管理(中国)有限公司,fund_type/benchmark/name:index_candidate,,,,,,,
588800.SH,华夏上证科创板100ETF,Y,include:name_etf,宽基,其他,股票型,上证科创板100指数收益率×100%,E,L,2023/11/16,,华夏基金管理有限公司,fund_type/benchmark/name:index_candidate,,,,,,,
588820.SH,华夏上证科创板200ETF,Y,include:name_etf,宽基,其他,股票型,上证科创板200指数收益率×100%,E,L,2025/1/6,,华夏基金管理有限公司,fund_type/benchmark/name:index_candidate,,,,,,,
588880.SH,华泰柏瑞上证科创板100ETF,Y,include:name_etf,宽基,其他,股票型,上证科创板100指数收益率×100%,E,L,2023/11/16,,华泰柏瑞基金管理有限公司,fund_type/benchmark/name:index_candidate,,,,,,,
588900.SH,南方上证科创板100ETF,Y,include:name_etf,宽基,其他,股票型,上证科创板100指数×100%,E,L,2023/12/18,,南方基金管理股份有限公司,fund_type/benchmark/name:index_candidate,,,,,,,
588980.SH,广发上证科创板100ETF,Y,include:name_etf,宽基,其他,股票型,上证科创板100指数收益率×100%,E,L,2025/8/1,,广发基金管理有限公司,fund_type/benchmark/name:index_candidate,,,,,,,
589000.SH,华夏上证科创板综合ETF,Y,include:name_etf,宽基,其他,股票型,上证科创板综合指数收益率×100%,E,L,2025/3/5,,华夏基金管理有限公司,fund_type/benchmark/name:index_candidate,,,,,,,
589050.SH,兴业上证科创板综合价格ETF,Y,include:name_etf,宽基,其他,股票型,上证科创板综合价格指数收益率×100%,E,L,2025/8/18,,兴业基金管理有限公司,fund_type/benchmark/name:index_candidate,,,,,,,
589060.SH,东财上证科创板综合价格ETF,Y,include:name_etf,宽基,其他,股票型,上证科创板综合价格指数收益率×100%,E,L,2025/3/27,,东财基金管理有限公司,fund_type/benchmark/name:index_candidate,,,,,,,
589080.SH,汇添富上证科创板综合ETF,Y,include:name_etf,宽基,其他,股票型,上证科创板综合指数收益率×100%,E,L,2025/3/5,,汇添富基金管理股份有限公司,fund_type/benchmark/name:index_candidate,,,,,,,
589180.SH,汇添富上证科创板新材料ETF,Y,include:name_etf,周期,新材料,股票型,上证科创板新材料指数收益率×100%,E,L,2025/6/16,,汇添富基金管理股份有限公司,fund_type/benchmark/name:index_candidate,,,,,,,
589200.SH,工银瑞信上证科创板200ETF,Y,include:name_etf,宽基,其他,股票型,上证科创板200指数收益率×100%,E,L,2025/8/8,,工银瑞信基金管理有限公司,fund_type/benchmark/name:index_candidate,,,,,,,
589220.SH,国泰上证科创板200ETF,Y,include:name_etf,宽基,其他,股票型,上证科创板200指数收益率×100%,E,L,2026/1/26,,国泰基金管理有限公司,fund_type/benchmark/name:index_candidate,,,,,,,
589270.SH,前海开源上证科创板100ETF,Y,include:name_etf,宽基,其他,股票型,上证科创板100指数收益率×100%,E,L,2026/4/28,,前海开源基金管理有限公司,fund_type/benchmark/name:index_candidate,,,,,,,
589280.SH,华宝上证科创板综合增强策略ETF,Y,include:name_etf,指数增强,科创板综合,股票型,上证科创板综合指数收益率×100%,E,L,2026/5/20,,华宝基金管理有限公司,fund_type/benchmark/name:index_candidate,,,,,,,
589300.SH,嘉实上证科创板综合ETF,Y,include:name_etf,宽基,其他,股票型,上证科创板综合指数收益率×100%,E,L,2025/4/17,,嘉实基金管理有限公司,fund_type/benchmark/name:index_candidate,,,,,,,
589320.SH,嘉实上证科创板200ETF,Y,include:name_etf,宽基,其他,股票型,上证科创板200指数收益率×100%,E,L,2026/5/28,,嘉实基金管理有限公司,fund_type/benchmark/name:index_candidate,,,,,,,
589330.SH,东财上证科创板200ETF,Y,include:name_etf,宽基,其他,股票型,上证科创板200指数收益率×100%,E,L,2026/5/29,,东财基金管理有限公司,fund_type/benchmark/name:index_candidate,,,,,,,
589500.SH,工银瑞信上证科创板综合价格ETF,Y,include:name_etf,宽基,其他,股票型,上证科创板综合价格指数收益率×100%,E,L,2025/3/3,,工银瑞信基金管理有限公司,fund_type/benchmark/name:index_candidate,,,,,,,
589580.SH,兴银上证科创板综合价格ETF,Y,include:name_etf,宽基,其他,股票型,上证科创板综合价格指数收益率×100%,E,L,2025/6/11,,兴银基金管理有限责任公司,fund_type/benchmark/name:index_candidate,,,,,,,
589600.SH,富国上证科创板综合价格ETF,Y,include:name_etf,宽基,其他,股票型,上证科创板综合价格指数收益率×100%,E,L,2025/3/7,,富国基金管理有限公司,fund_type/benchmark/name:index_candidate,,,,,,,
589630.SH,国泰上证科创板综合ETF,Y,include:name_etf,宽基,其他,股票型,上证科创板综合指数收益率×100%,E,L,2025/3/12,,国泰基金管理有限公司,fund_type/benchmark/name:index_candidate,,,,,,,
589660.SH,南方上证科创板综合ETF,Y,include:name_etf,宽基,其他,股票型,上证科创板综合指数收益率×100%,E,L,2025/3/5,,南方基金管理股份有限公司,fund_type/benchmark/name:index_candidate,,,,,,,
589680.SH,鹏华上证科创板综合ETF,Y,include:name_etf,宽基,其他,股票型,上证科创板综合指数收益率×100%,E,L,2025/3/5,,鹏华基金管理有限公司,fund_type/benchmark/name:index_candidate,,,,,,,
589700.SH,南方上证科创板成长ETF,Y,include:name_etf,宽基,其他,股票型,上证科创板成长指数收益率×100%,E,L,2025/6/5,,南方基金管理股份有限公司,fund_type/benchmark/name:index_candidate,,,,,,,
589770.SH,招商上证科创板综合ETF,Y,include:name_etf,宽基,其他,股票型,上证科创板综合指数收益率×100%,E,L,2025/3/5,,招商基金管理有限公司,fund_type/benchmark/name:index_candidate,,,,,,,
589780.SH,富国上证科创板200ETF,Y,include:name_etf,宽基,其他,股票型,上证科创板200指数收益率×100%,E,L,2025/9/26,,富国基金管理有限公司,fund_type/benchmark/name:index_candidate,,,,,,,
589800.SH,易方达上证科创板综合ETF,Y,include:name_etf,宽基,其他,股票型,上证科创板综合指数收益率×100%,E,L,2025/3/4,,易方达基金管理有限公司,fund_type/benchmark/name:index_candidate,,,,,,,
589820.SH,建信上证科创板200ETF,Y,include:name_etf,宽基,其他,股票型,上证科创板200指数收益率×100%,E,L,2025/9/15,,建信基金管理有限责任公司,fund_type/benchmark/name:index_candidate,,,,,,,
589860.SH,天弘上证科创板综合ETF,Y,include:name_etf,宽基,其他,股票型,上证科创板综合指数收益率×100%,E,L,2025/3/5,,天弘基金管理有限公司,fund_type/benchmark/name:index_candidate,,,,,,,
589880.SH,建信上证科创板综合ETF,Y,include:name_etf,宽基,其他,股票型,上证科创板综合指数收益率×100%,E,L,2025/2/28,,建信基金管理有限责任公司,fund_type/benchmark/name:index_candidate,,,,,,,
589890.SH,景顺长城上证科创板综合价格ETF,Y,include:name_etf,宽基,其他,股票型,上证科创板综合价格指数收益率×100%,E,L,2025/3/5,,景顺长城基金管理有限公司,fund_type/benchmark/name:index_candidate,,,,,,,
589900.SH,博时上证科创板综合ETF,Y,include:name_etf,宽基,其他,股票型,上证科创板综合指数收益率×100%,E,L,2025/3/5,,博时基金管理有限公司,fund_type/benchmark/name:index_candidate,,,,,,,
589950.SH,富国上证科创板100ETF,Y,include:name_etf,宽基,其他,股票型,上证科创板100指数收益率×100%,E,L,2025/10/17,,富国基金管理有限公司,fund_type/benchmark/name:index_candidate,,,,,,,
589980.SH,汇添富上证科创板100ETF,Y,include:name_etf,宽基,其他,股票型,上证科创板100指数收益率×100%,E,L,2025/5/12,,汇添富基金管理股份有限公司,fund_type/benchmark/name:index_candidate,,,,,,,
589990.SH,华泰柏瑞上证科创板综合ETF,Y,include:name_etf,宽基,其他,股票型,上证科创板综合指数收益率×100%,E,L,2025/3/5,,华泰柏瑞基金管理有限公司,fund_type/benchmark/name:index_candidate,,,,,,,
159106.SZ,前海开源中证民企300ETF,Y,include:name_etf,宽基,沪深300,股票型,中证民企300指数收益率×100%,E,L,2025/10/22,,前海开源基金管理有限公司,fund_type/benchmark/name:broad_index,,,,,,,
159238.SZ,景顺长城沪深300增强策略ETF,Y,include:name_etf,宽基,沪深300,股票型,沪深300指数收益率×100%,E,L,2025/6/9,,景顺长城基金管理有限公司,fund_type/benchmark/name:broad_index,,,,,,,
159300.SZ,富国沪深300ETF,Y,include:name_etf,宽基,沪深300,股票型,沪深300指数收益率×100%,E,L,2024/6/5,,富国基金管理有限公司,fund_type/benchmark/name:broad_index,,,,,,,
159330.SZ,东财沪深300ETF,Y,include:name_etf,宽基,沪深300,股票型,沪深300指数收益率×100%,E,L,2024/8/19,,东财基金管理有限公司,fund_type/benchmark/name:broad_index,,,,,,,
159393.SZ,万家沪深300ETF,Y,include:name_etf,宽基,沪深300,股票型,沪深300指数收益率×100%,E,L,2025/3/10,,万家基金管理有限公司,fund_type/benchmark/name:broad_index,,,,,,,
159653.SZ,国联安国证ESG300ETF,Y,include:name_etf,宽基,沪深300,股票型,国证ESG300指数收益率×100%,E,L,2023/3/24,,国联安基金管理有限公司,fund_type/benchmark/name:broad_index,,,,,,,
159656.SZ,万家沪深300成长ETF,Y,include:name_etf,宽基,沪深300,股票型,沪深300成长指数收益率×100%,E,L,2023/1/16,,万家基金管理有限公司,fund_type/benchmark/name:broad_index,,,,,,,
159673.SZ,鹏华沪深300ETF,Y,include:name_etf,宽基,沪深300,股票型,沪深300指数收益率×100%,E,L,2023/7/17,,鹏华基金管理有限公司,fund_type/benchmark/name:broad_index,,,,,,,
159717.SZ,鹏华国证ESG300ETF,Y,include:name_etf,宽基,沪深300,股票型,国证ESG300指数收益率×100%,E,L,2021/9/29,,鹏华基金管理有限公司,fund_type/benchmark/name:broad_index,,,,,,,
159791.SZ,华夏沪深300ESG基准ETF,Y,include:name_etf,宽基,沪深300,股票型,沪深300ESG基准指数收益率×100%,E,L,2022/3/8,,华夏基金管理有限公司,fund_type/benchmark/name:broad_index,,,,,,,
159836.SZ,天弘创业板300ETF,Y,include:name_etf,宽基,沪深300,股票型,创业板300指数收益率×100%,E,L,2021/5/25,,天弘基金管理有限公司,fund_type/benchmark/name:broad_index,,,,,,,
159912.SZ,汇添富深证300ETF,Y,include:name_etf,宽基,沪深300,股票型,深证300价格指数×100%,E,L,2011/11/24,,汇添富基金管理股份有限公司,fund_type/benchmark/name:broad_index,,,,,,,
159919.SZ,嘉实沪深300ETF,Y,include:name_etf,宽基,沪深300,股票型,沪深300指数×100%,E,L,2012/5/28,,嘉实基金管理有限公司,fund_type/benchmark/name:broad_index,,,,,,,
159925.SZ,南方沪深300ETF,Y,include:name_etf,宽基,沪深300,股票型,沪深300指数×100%,E,L,2013/4/11,,南方基金管理股份有限公司,fund_type/benchmark/name:broad_index,,,,,,,
510300.SH,华泰柏瑞沪深300ETF,Y,include:name_etf,宽基,沪深300,股票型,沪深300指数×100%,E,L,2012/5/28,,华泰柏瑞基金管理有限公司,fund_type/benchmark/name:broad_index,,,,,,,
510310.SH,易方达沪深300ETF,Y,include:name_etf,宽基,沪深300,股票型,沪深300指数×100%,E,L,2013/3/25,,易方达基金管理有限公司,fund_type/benchmark/name:broad_index,,,,,,,
510320.SH,中金沪深300ETF,Y,include:name_etf,宽基,沪深300,股票型,沪深300指数收益率×100%,E,L,2025/4/25,,中金基金管理有限公司,fund_type/benchmark/name:broad_index,,,,,,,
510330.SH,华夏沪深300ETF,Y,include:name_etf,宽基,沪深300,股票型,沪深300指数×100%,E,L,2013/1/16,,华夏基金管理有限公司,fund_type/benchmark/name:broad_index,,,,,,,
510350.SH,工银瑞信沪深300ETF,Y,include:name_etf,宽基,沪深300,股票型,沪深300指数收益率×100%,E,L,2019/8/16,,工银瑞信基金管理有限公司,fund_type/benchmark/name:broad_index,,,,,,,
510360.SH,广发沪深300ETF,Y,include:name_etf,宽基,沪深300,股票型,沪深300指数×100%,E,L,2015/9/9,,广发基金管理有限公司,fund_type/benchmark/name:broad_index,,,,,,,
510370.SH,兴业沪深300ETF,Y,include:name_etf,宽基,沪深300,股票型,沪深300指数收益率×100%,E,L,2020/10/27,,兴业基金管理有限公司,fund_type/benchmark/name:broad_index,,,,,,,
510380.SH,国寿安保沪深300ETF,Y,include:name_etf,宽基,沪深300,股票型,沪深300指数×100%,E,L,2018/2/7,,国寿安保基金管理有限公司,fund_type/benchmark/name:broad_index,,,,,,,
510390.SH,平安沪深300ETF,Y,include:name_etf,宽基,沪深300,股票型,沪深300指数×100%,E,L,2018/1/26,,平安基金管理有限公司,fund_type/benchmark/name:broad_index,,,,,,,
515130.SH,博时沪深300ETF,Y,include:name_etf,宽基,沪深300,股票型,沪深300指数收益率×100%,E,L,2020/5/11,,博时基金管理有限公司,fund_type/benchmark/name:broad_index,,,,,,,
515310.SH,汇添富沪深300ETF,Y,include:name_etf,宽基,沪深300,股票型,沪深300指数收益率×100%,E,L,2019/12/25,,汇添富基金管理股份有限公司,fund_type/benchmark/name:broad_index,,,,,,,
515330.SH,天弘沪深300ETF,Y,include:name_etf,宽基,沪深300,股票型,沪深300指数收益率×100%,E,L,2019/12/26,,天弘基金管理有限公司,fund_type/benchmark/name:broad_index,,,,,,,
515350.SH,民生加银沪深300ETF,Y,include:name_etf,宽基,沪深300,股票型,沪深300指数收益率×100%,E,L,2020/2/7,,民生加银基金管理有限公司,fund_type/benchmark/name:broad_index,,,,,,,
515360.SH,方正富邦沪深300ETF,Y,include:name_etf,宽基,沪深300,股票型,沪深300指数收益率×100%,E,L,2019/11/1,,方正富邦基金管理有限公司,fund_type/benchmark/name:broad_index,,,,,,,
515380.SH,泰康沪深300ETF,Y,include:name_etf,宽基,沪深300,股票型,沪深300指数收益率×100%,E,L,2020/3/23,,泰康基金管理有限公司,fund_type/benchmark/name:broad_index,,,,,,,
515390.SH,华安沪深300ETF,Y,include:name_etf,宽基,沪深300,股票型,沪深300指数收益率×100%,E,L,2020/1/10,,华安基金管理有限公司,fund_type/benchmark/name:broad_index,,,,,,,
515660.SH,国联安沪深300ETF,Y,include:name_etf,宽基,沪深300,股票型,沪深300指数收益率×100%,E,L,2019/12/24,,国联安基金管理有限公司,fund_type/benchmark/name:broad_index,,,,,,,
516830.SH,富国沪深300ESG基准ETF,Y,include:name_etf,宽基,沪深300,股票型,沪深300ESG基准指数×100%,E,L,2021/7/5,,富国基金管理有限公司,fund_type/benchmark/name:broad_index,,,,,,,
560180.SH,南方沪深300ESG基准ETF,Y,include:name_etf,宽基,沪深300,股票型,沪深300ESG基准指数×100%,E,L,2023/4/21,,南方基金管理股份有限公司,fund_type/benchmark/name:broad_index,,,,,,,
561000.SH,华安沪深300增强策略ETF,Y,include:name_etf,宽基,沪深300,股票型,沪深300指数收益率×100%,E,L,2023/1/11,,华安基金管理有限公司,fund_type/benchmark/name:broad_index,,,,,,,
561300.SH,国泰沪深300增强策略ETF,Y,include:name_etf,宽基,沪深300,股票型,沪深300指数×100%,E,L,2021/12/10,,国泰基金管理有限公司,fund_type/benchmark/name:broad_index,,,,,,,
561900.SH,招商沪深300ESG基准ETF,Y,include:name_etf,宽基,沪深300,股票型,沪深300ESG基准指数收益率×100%,E,L,2021/7/15,,招商基金管理有限公司,fund_type/benchmark/name:broad_index,,,,,,,
561930.SH,招商沪深300ETF,Y,include:name_etf,宽基,沪深300,股票型,沪深300指数收益率×100%,E,L,2024/9/20,,招商基金管理有限公司,fund_type/benchmark/name:broad_index,,,,,,,
561990.SH,招商沪深300增强策略ETF,Y,include:name_etf,宽基,沪深300,股票型,沪深300指数收益率×100%,E,L,2021/12/10,,招商基金管理有限公司,fund_type/benchmark/name:broad_index,,,,,,,
562070.SH,华宝沪深300增强策略ETF,Y,include:name_etf,宽基,沪深300,股票型,沪深300指数收益率×100%,E,L,2025/12/25,,华宝基金管理有限公司,fund_type/benchmark/name:broad_index,,,,,,,
562310.SH,银华沪深300成长ETF,Y,include:name_etf,宽基,沪深300,股票型,沪深300成长指数收益率×100%,E,L,2022/9/9,,银华基金管理股份有限公司,fund_type/benchmark/name:broad_index,,,,,,,
563520.SH,永赢沪深300ETF,Y,include:name_etf,宽基,沪深300,股票型,沪深300指数收益率×100%,E,L,2024/11/18,,永赢基金管理有限公司,fund_type/benchmark/name:broad_index,,,,,,,
563960.SH,兴全沪深300质量ETF,Y,include:name_etf,宽基,沪深300,股票型,沪深300质量指数收益率×100%,E,L,2026/1/8,,兴证全球基金管理有限公司,fund_type/benchmark/name:broad_index,,,,,,,
159211.SZ,富国深证100ETF,Y,include:name_etf,宽基,深证100,股票型,深证100指数收益率×100%,E,L,2025/4/14,,富国基金管理有限公司,fund_type/benchmark/name:broad_index,,,,,,,
159212.SZ,南方深证100ETF,Y,include:name_etf,宽基,深证100,股票型,深证100指数收益率×100%,E,L,2025/4/9,,南方基金管理股份有限公司,fund_type/benchmark/name:broad_index,,,,,,,
159216.SZ,大成深证100ETF,Y,include:name_etf,宽基,深证100,股票型,深证100指数收益率×100%,E,L,2025/4/11,,大成基金管理有限公司,fund_type/benchmark/name:broad_index,,,,,,,
159219.SZ,融通深证100ETF,Y,include:name_etf,宽基,深证100,股票型,深证100指数收益率×100%,E,L,2025/5/13,,融通基金管理有限公司,fund_type/benchmark/name:broad_index,,,,,,,
159576.SZ,广发深证100ETF,Y,include:name_etf,宽基,深证100,股票型,深证100指数收益率×100%,E,L,2024/1/3,,广发基金管理有限公司,fund_type/benchmark/name:broad_index,,,,,,,
159706.SZ,华安深证100ETF,Y,include:name_etf,宽基,深证100,股票型,深证100指数收益率×100%,E,L,2021/12/20,,华安基金管理有限公司,fund_type/benchmark/name:broad_index,,,,,,,
159716.SZ,华宝深证100ETF,Y,include:name_etf,宽基,深证100,股票型,深证100指数收益率×100%,E,L,2021/6/28,,华宝基金管理有限公司,fund_type/benchmark/name:broad_index,,,,,,,
159721.SZ,永赢深证100ETF,Y,include:name_etf,宽基,深证100,股票型,深证100指数收益率×100%,E,L,2021/6/25,,永赢基金管理有限公司,fund_type/benchmark/name:broad_index,,,,,,,
159901.SZ,易方达深证100ETF,Y,include:name_etf,宽基,深证100,股票型,深证100指数(价格)×100%,E,L,2006/4/24,,易方达基金管理有限公司,fund_type/benchmark/name:broad_index,,,,,,,
159961.SZ,方正富邦深证100ETF,Y,include:name_etf,宽基,深证100,股票型,深证100价格指数收益率×100%,E,L,2018/12/19,,方正富邦基金管理有限公司,fund_type/benchmark/name:broad_index,,,,,,,
159970.SZ,工银瑞信深证100ETF,Y,include:name_etf,宽基,深证100,股票型,深证100指数收益率×100%,E,L,2020/1/10,,工银瑞信基金管理有限公司,fund_type/benchmark/name:broad_index,,,,,,,
159975.SZ,招商深证100ETF,Y,include:name_etf,宽基,深证100,股票型,深证100指数(价格)收益率×100%,E,L,2020/1/2,,招商基金管理有限公司,fund_type/benchmark/name:broad_index,,,,,,,
588000.SH,华夏上证科创板50成份ETF,Y,include:name_etf,宽基,科创50,股票型,上证科创板50成份指数收益率×100%,E,L,2020/11/16,,华夏基金管理有限公司,fund_type/benchmark/name:broad_index,,,,,,,
588040.SH,鹏华上证科创板50成份ETF,Y,include:name_etf,宽基,科创50,股票型,上证科创板50成份指数收益率×100%,E,L,2025/4/14,,鹏华基金管理有限公司,fund_type/benchmark/name:broad_index,,,,,,,
588050.SH,工银瑞信上证科创板50成份ETF,Y,include:name_etf,宽基,科创50,股票型,上证科创板50成份指数收益率×100%,E,L,2020/11/16,,工银瑞信基金管理有限公司,fund_type/benchmark/name:broad_index,,,,,,,
588060.SH,广发上证科创板50成份ETF,Y,include:name_etf,宽基,科创50,股票型,上证科创板50成份指数收益率×100%,E,L,2021/7/29,,广发基金管理有限公司,fund_type/benchmark/name:broad_index,,,,,,,
588080.SH,易方达上证科创板50成份ETF,Y,include:name_etf,宽基,科创50,股票型,上证科创板50成份指数收益率×100%,E,L,2020/11/16,,易方达基金管理有限公司,fund_type/benchmark/name:broad_index,,,,,,,
588090.SH,华泰柏瑞上证科创板50成份ETF,Y,include:name_etf,宽基,科创50,股票型,上证科创板50成份指数收益率×100%,E,L,2020/11/16,,华泰柏瑞基金管理有限公司,fund_type/benchmark/name:broad_index,,,,,,,
588150.SH,南方上证科创板50成份ETF,Y,include:name_etf,宽基,科创50,股票型,上证科创板50成份指数×100%,E,L,2021/12/20,,南方基金管理股份有限公司,fund_type/benchmark/name:broad_index,,,,,,,
588180.SH,国联安上证科创板50成份ETF,Y,include:name_etf,宽基,科创50,股票型,上证科创板50成份指数收益率×100%,E,L,2021/7/1,,国联安基金管理有限公司,fund_type/benchmark/name:broad_index,,,,,,,
588280.SH,华安上证科创板50成份ETF,Y,include:name_etf,宽基,科创50,股票型,上证科创板50成份指数收益率×100%,E,L,2021/10/29,,华安基金管理有限公司,fund_type/benchmark/name:broad_index,,,,,,,
588370.SH,南方上证科创板50成份增强策略ETF,Y,include:name_etf,宽基,科创50,股票型,上证科创板50成份指数收益率×100%,E,L,2022/12/13,,南方基金管理股份有限公司,fund_type/benchmark/name:broad_index,,,,,,,
588450.SH,招商上证科创板50成份增强策略ETF,Y,include:name_etf,宽基,科创50,股票型,上证科创板50成份指数收益率×100%,E,L,2024/5/22,,招商基金管理有限公司,fund_type/benchmark/name:broad_index,,,,,,,
588460.SH,鹏华上证科创板50成份增强策略ETF,Y,include:name_etf,宽基,科创50,股票型,上证科创板50成份指数收益率×100%,E,L,2023/1/5,,鹏华基金管理有限公司,fund_type/benchmark/name:broad_index,,,,,,,
588720.SH,中银上证科创板50成份ETF,Y,include:name_etf,宽基,科创50,股票型,上证科创板50成份指数收益率×100%,E,L,2025/4/15,,中银基金管理有限公司,fund_type/benchmark/name:broad_index,,,,,,,
588840.SH,万家上证科创板50成份ETF,Y,include:name_etf,宽基,科创50,股票型,上证科创板50成份指数收益率×100%,E,L,2025/3/10,,万家基金管理有限公司,fund_type/benchmark/name:broad_index,,,,,,,
588870.SH,汇添富上证科创板50成份ETF,Y,include:name_etf,宽基,科创50,股票型,上证科创板50成份指数收益率×100%,E,L,2025/1/27,,汇添富基金管理股份有限公司,fund_type/benchmark/name:broad_index,,,,,,,
588940.SH,富国上证科创板50成份ETF,Y,include:name_etf,宽基,科创50,股票型,上证科创板50成份指数收益率×100%,E,L,2025/6/3,,富国基金管理有限公司,fund_type/benchmark/name:broad_index,,,,,,,
588950.SH,景顺长城上证科创板50成份ETF,Y,include:name_etf,宽基,科创50,股票型,上证科创板50成份指数收益率×100%,E,L,2025/1/24,,景顺长城基金管理有限公司,fund_type/benchmark/name:broad_index,,,,,,,
589150.SH,平安上证科创板50成份ETF,Y,include:name_etf,宽基,科创50,股票型,上证科创板50成份指数收益率×100%,E,L,2026/1/6,,平安基金管理有限公司,fund_type/benchmark/name:broad_index,,,,,,,
589360.SH,国泰上证科创板50成份ETF,Y,include:name_etf,宽基,科创50,股票型,上证科创板50成份指数收益率×100%,E,L,2026/6/26,,国泰基金管理有限公司,fund_type/benchmark/name:broad_index,,,,,,,
589850.SH,东财上证科创板50成份ETF,Y,include:name_etf,宽基,科创50,股票型,上证科创板50成份指数收益率×100%,E,L,2025/8/11,,东财基金管理有限公司,fund_type/benchmark/name:broad_index,,,,,,,
159009.SZ,易方达创业板新能源ETF,Y,include:name_etf,宽基,创业板,股票型,创业板新能源指数收益率×100%,E,L,2026/4/14,,易方达基金管理有限公司,fund_type/benchmark/name:broad_index,,,,,,,
159039.SZ,华安国证机器人产业ETF,Y,include:name_etf,科技,机器人,股票型,国证机器人产业指数收益率×100%,E,L,2026/6/18,,华安基金管理有限公司,sw2021:index_classify,,850781.SI,机器人,L3,640700,机器人,sw2021:industry_name
159048.SZ,大成国证机器人产业ETF,Y,include:name_etf,科技,机器人,股票型,国证机器人产业指数收益率×100%,E,L,2026/6/10,,大成基金管理有限公司,sw2021:index_classify,,850781.SI,机器人,L3,640700,机器人,sw2021:industry_name
159050.SZ,广发国证机器人产业ETF,Y,include:name_etf,科技,机器人,股票型,国证机器人产业指数收益率×100%,E,L,2026/6/9,,广发基金管理有限公司,sw2021:index_classify,,850781.SI,机器人,L3,640700,机器人,sw2021:industry_name
159052.SZ,嘉实国证新能源电池ETF,Y,include:name_etf,新能源,电池储能,股票型,国证新能源电池指数收益率×100%,E,L,2026/6/11,,嘉实基金管理有限公司,sw2021:index_classify,,801737.SI,电池,L2,630000,电池,sw2021:industry_name
159065.SZ,景顺长城中证工程机械主题ETF,Y,include:name_etf,周期,工程机械,股票型,中证工程机械主题指数收益率×100%,E,L,2026/6/26,,景顺长城基金管理有限公司,sw2021:index_classify,,801077.SI,工程机械,L2,640000,工程机械,sw2021:industry_name
159070.SZ,嘉实中证工程机械主题ETF,Y,include:name_etf,周期,工程机械,股票型,中证工程机械主题指数收益率×100%,E,L,2026/6/26,,嘉实基金管理有限公司,sw2021:index_classify,,801077.SI,工程机械,L2,640000,工程机械,sw2021:industry_name
159071.SZ,华宝国证新能源电池ETF,Y,include:name_etf,新能源,电池储能,股票型,国证新能源电池指数收益率×100%,E,L,2026/6/18,,华宝基金管理有限公司,sw2021:index_classify,,801737.SI,电池,L2,630000,电池,sw2021:industry_name
159122.SZ,富国创业板新能源ETF,Y,include:name_etf,宽基,创业板,股票型,创业板新能源指数收益率×100%,E,L,2025/11/3,,富国基金管理有限公司,fund_type/benchmark/name:broad_index,,,,,,,
159123.SZ,嘉实中证光伏产业ETF,Y,include:name_etf,新能源,光伏,股票型,中证光伏产业指数收益率×100%,E,L,2025/11/27,,嘉实基金管理有限公司,sw2021:index_classify,,801735.SI,光伏设备,L2,630000,光伏产业,sw2021:alias
159138.SZ,易方达中证工程机械主题ETF,Y,include:name_etf,周期,工程机械,股票型,中证工程机械主题指数收益率×100%,E,L,2026/1/13,,易方达基金管理有限公司,sw2021:index_classify,,801077.SI,工程机械,L2,640000,工程机械,sw2021:industry_name
159147.SZ,南方中证电池主题ETF,Y,include:name_etf,新能源,电池储能,股票型,中证电池主题指数×100%,E,L,2026/1/23,,南方基金管理股份有限公司,sw2021:index_classify,,801737.SI,电池,L2,630000,电池,sw2021:industry_name
159149.SZ,工银瑞信创业板新能源ETF,Y,include:name_etf,宽基,创业板,股票型,创业板新能源指数收益率×100%,E,L,2026/1/20,,工银瑞信基金管理有限公司,fund_type/benchmark/name:broad_index,,,,,,,
159155.SZ,大成中证电池主题ETF,Y,include:name_etf,新能源,电池储能,股票型,中证电池主题指数收益率×100%,E,L,2026/1/21,,大成基金管理有限公司,sw2021:index_classify,,801737.SI,电池,L2,630000,电池,sw2021:industry_name
159156.SZ,万家国证新能源车电池ETF,Y,include:name_etf,新能源,电池储能,股票型,国证新能源车电池指数收益率×100%,E,L,2026/2/12,,万家基金管理有限公司,sw2021:index_classify,,801093.SI,汽车零部件,L2,280000,新能源车,sw2021:alias
159160.SZ,东财中证电池主题ETF,Y,include:name_etf,新能源,电池储能,股票型,中证电池主题指数收益率×100%,E,L,2026/3/27,,东财基金管理有限公司,sw2021:index_classify,,801737.SI,电池,L2,630000,电池,sw2021:industry_name
159175.SZ,易方达中证电池主题ETF,Y,include:name_etf,新能源,电池储能,股票型,中证电池主题指数×100%,E,L,2026/3/5,,易方达基金管理有限公司,sw2021:index_classify,,801737.SI,电池,L2,630000,电池,sw2021:industry_name
159177.SZ,鹏华中证工程机械主题ETF,Y,include:name_etf,周期,工程机械,股票型,中证工程机械主题指数收益率×100%,E,L,2026/4/2,,鹏华基金管理有限公司,sw2021:index_classify,,801077.SI,工程机械,L2,640000,工程机械,sw2021:industry_name
159183.SZ,招商中证新能源汽车ETF,Y,include:name_etf,新能源,新能源车,股票型,中证新能源汽车指数收益率×100%,E,L,2026/3/24,,招商基金管理有限公司,sw2021:index_classify,,801093.SI,汽车零部件,L2,280000,新能源汽车,sw2021:alias
159187.SZ,景顺长城创业板新能源ETF,Y,include:name_etf,宽基,创业板,股票型,创业板新能源指数收益率×100%,E,L,2026/4/1,,景顺长城基金管理有限公司,fund_type/benchmark/name:broad_index,,,,,,,
159190.SZ,天弘创业板新能源ETF,Y,include:name_etf,宽基,创业板,股票型,创业板新能源指数收益率×100%,E,L,2026/3/30,,天弘基金管理有限公司,fund_type/benchmark/name:broad_index,,,,,,,
159193.SZ,银华国证新能源电池ETF,Y,include:name_etf,新能源,电池储能,股票型,国证新能源电池指数收益率×100%,E,L,2026/5/6,,银华基金管理股份有限公司,sw2021:index_classify,,801737.SI,电池,L2,630000,电池,sw2021:industry_name
159213.SZ,汇添富中证机器人ETF,Y,include:name_etf,科技,机器人,股票型,中证机器人指数收益率×100%,E,L,2025/4/30,,汇添富基金管理股份有限公司,sw2021:index_classify,,850781.SI,机器人,L3,640700,机器人,sw2021:industry_name
159258.SZ,南方中证机器人ETF,Y,include:name_etf,科技,机器人,股票型,中证机器人指数收益率×100%,E,L,2025/8/1,,南方基金管理股份有限公司,sw2021:index_classify,,850781.SI,机器人,L3,640700,机器人,sw2021:industry_name
159261.SZ,鹏华创业板新能源ETF,Y,include:name_etf,宽基,创业板,股票型,创业板新能源指数收益率×100%,E,L,2025/7/7,,鹏华基金管理有限公司,fund_type/benchmark/name:broad_index,,,,,,,
159272.SZ,富国国证机器人产业ETF,Y,include:name_etf,科技,机器人,股票型,国证机器人产业指数收益率×100%,E,L,2025/9/19,,富国基金管理有限公司,sw2021:index_classify,,850781.SI,机器人,L3,640700,机器人,sw2021:industry_name
159278.SZ,鹏华国证机器人产业ETF,Y,include:name_etf,科技,机器人,股票型,国证机器人产业指数×100%,E,L,2025/8/12,,鹏华基金管理有限公司,sw2021:index_classify,,850781.SI,机器人,L3,640700,机器人,sw2021:industry_name
159305.SZ,广发国证新能源电池ETF,Y,include:name_etf,新能源,电池储能,股票型,国证新能源电池指数收益率×100%,E,L,2024/9/27,,广发基金管理有限公司,sw2021:index_classify,,801737.SI,电池,L2,630000,电池,sw2021:industry_name
159306.SZ,平安中证汽车零部件主题ETF,Y,include:name_etf,消费,汽车,股票型,中证汽车零部件主题指数收益率×100%,E,L,2024/5/14,,平安基金管理有限公司,sw2021:index_classify,,801093.SI,汽车零部件,L2,280000,汽车零部件,sw2021:industry_name
159368.SZ,华夏创业板新能源ETF,Y,include:name_etf,宽基,创业板,股票型,创业板新能源指数收益率×100%,E,L,2025/3/24,,华夏基金管理有限公司,fund_type/benchmark/name:broad_index,,,,,,,
159387.SZ,国泰创业板新能源ETF,Y,include:name_etf,宽基,创业板,股票型,创业板新能源指数收益率×100%,E,L,2025/6/10,,国泰基金管理有限公司,fund_type/benchmark/name:broad_index,,,,,,,
159512.SZ,广发中证全指汽车ETF,Y,include:name_etf,消费,汽车,股票型,中证全指汽车指数×100%,E,L,2023/7/25,,广发基金管理有限公司,sw2021:index_classify,,801880.SI,汽车,L1,0,汽车,sw2021:industry_name
159526.SZ,嘉实中证机器人ETF,Y,include:name_etf,科技,机器人,股票型,中证机器人指数收益率×100%,E,L,2024/4/24,,嘉实基金管理有限公司,sw2021:index_classify,,850781.SI,机器人,L3,640700,机器人,sw2021:industry_name
159530.SZ,易方达国证机器人产业ETF,Y,include:name_etf,科技,机器人,股票型,国证机器人产业指数收益率×100%,E,L,2024/1/18,,易方达基金管理有限公司,sw2021:index_classify,,850781.SI,机器人,L3,640700,机器人,sw2021:industry_name
159542.SZ,大成中证工程机械主题ETF,Y,include:name_etf,周期,工程机械,股票型,中证工程机械主题指数收益率×100%,E,L,2024/6/7,,大成基金管理有限公司,sw2021:index_classify,,801077.SI,工程机械,L2,640000,工程机械,sw2021:industry_name
159551.SZ,国泰中证机器人ETF,Y,include:name_etf,科技,机器人,股票型,中证机器人指数收益率×100%,E,L,2023/11/16,,国泰基金管理有限公司,sw2021:index_classify,,850781.SI,机器人,L3,640700,机器人,sw2021:industry_name
159559.SZ,景顺长城国证机器人产业ETF,Y,include:name_etf,科技,机器人,股票型,国证机器人产业指数收益率×100%,E,L,2023/12/12,,景顺长城基金管理有限公司,sw2021:index_classify,,850781.SI,机器人,L3,640700,机器人,sw2021:industry_name
159565.SZ,易方达中证汽车零部件主题ETF,Y,include:name_etf,消费,汽车,股票型,中证汽车零部件主题指数收益率×100%,E,L,2024/2/26,,易方达基金管理有限公司,sw2021:index_classify,,801093.SI,汽车零部件,L2,280000,汽车零部件,sw2021:industry_name
159566.SZ,易方达国证新能源电池ETF,Y,include:name_etf,新能源,电池储能,股票型,国证新能源电池指数收益率×100%,E,L,2024/2/8,,易方达基金管理有限公司,sw2021:index_classify,,801737.SI,电池,L2,630000,电池,sw2021:industry_name
159609.SZ,浦银安盛中证光伏产业ETF,Y,include:name_etf,新能源,光伏,股票型,中证光伏产业指数收益率×100%,E,L,2022/7/8,,浦银安盛基金管理有限公司,sw2021:index_classify,,801735.SI,光伏设备,L2,630000,光伏产业,sw2021:alias
159618.SZ,华安中证光伏产业ETF,Y,include:name_etf,新能源,光伏,股票型,中证光伏产业指数收益率×100%,E,L,2022/4/22,,华安基金管理有限公司,sw2021:index_classify,,801735.SI,光伏设备,L2,630000,光伏产业,sw2021:alias
159637.SZ,东财中证新能源汽车ETF,Y,include:name_etf,新能源,新能源车,股票型,中证新能源汽车指数收益率×100%,E,L,2022/9/1,,东财基金管理有限公司,sw2021:index_classify,,801093.SI,汽车零部件,L2,280000,新能源汽车,sw2021:alias
159638.SZ,嘉实中证高端装备细分50ETF,Y,include:name_etf,周期,高端制造,股票型,中证高端装备细分50指数收益率×100%,E,L,2022/8/12,,嘉实基金管理有限公司,fund_type/benchmark/name:advanced_manufacturing,,,,,,,
159713.SZ,富国中证稀土产业ETF,Y,include:name_etf,周期,有色金属,股票型,中证稀土产业指数收益率×100%,E,L,2021/8/16,,富国基金管理有限公司,sw2021:index_classify,,850541.SI,稀土,L3,240500,稀土,sw2021:industry_name
159715.SZ,易方达中证稀土产业ETF,Y,include:name_etf,周期,有色金属,股票型,中证稀土产业指数收益率×100%,E,L,2021/9/10,,易方达基金管理有限公司,sw2021:index_classify,,850541.SI,稀土,L3,240500,稀土,sw2021:industry_name
159720.SZ,泰康中证智能电动汽车ETF,Y,include:name_etf,新能源,新能源车,股票型,中证智能电动汽车指数收益率×100%,E,L,2021/7/20,,泰康基金管理有限公司,sw2021:index_classify,,801880.SI,汽车,L1,0,汽车,sw2021:industry_name
159752.SZ,申万菱信中证内地新能源主题ETF,Y,include:name_etf,新能源,新能源综合,股票型,中证内地新能源主题指数收益率×100%,E,L,2021/7/28,,申万菱信基金管理有限公司,fund_type/benchmark/name:advanced_manufacturing,,,,,,,
159755.SZ,广发国证新能源车电池ETF,Y,include:name_etf,新能源,电池储能,股票型,国证新能源车电池指数收益率×100%,E,L,2021/6/24,,广发基金管理有限公司,sw2021:index_classify,,801093.SI,汽车零部件,L2,280000,新能源车,sw2021:alias
159757.SZ,景顺长城国证新能源车电池ETF,Y,include:name_etf,新能源,电池储能,股票型,国证新能源车电池指数收益率×100%,E,L,2021/8/9,,景顺长城基金管理有限公司,sw2021:index_classify,,801093.SI,汽车零部件,L2,280000,新能源车,sw2021:alias
159767.SZ,兴银国证新能源车电池ETF,Y,include:name_etf,新能源,电池储能,股票型,国证新能源车电池指数收益率×100%,E,L,2021/8/23,,兴银基金管理有限责任公司,sw2021:index_classify,,801093.SI,汽车零部件,L2,280000,新能源车,sw2021:alias
159770.SZ,天弘中证机器人ETF,Y,include:name_etf,科技,机器人,股票型,中证机器人指数×100%,E,L,2021/11/8,,天弘基金管理有限公司,sw2021:index_classify,,850781.SI,机器人,L3,640700,机器人,sw2021:industry_name
159775.SZ,建信国证新能源车电池ETF,Y,include:name_etf,新能源,电池储能,股票型,国证新能源车电池指数收益率×100%,E,L,2022/1/24,,建信基金管理有限责任公司,sw2021:index_classify,,801093.SI,汽车零部件,L2,280000,新能源车,sw2021:alias
159795.SZ,汇添富中证智能汽车主题ETF,Y,include:name_etf,新能源,新能源车,股票型,中证智能汽车主题指数×100%,E,L,2022/2/14,,汇添富基金管理股份有限公司,sw2021:index_classify,,801880.SI,汽车,L1,0,汽车,sw2021:industry_name
159796.SZ,汇添富中证电池主题ETF,Y,include:name_etf,新能源,电池储能,股票型,中证电池主题指数收益率×100%,E,L,2022/3/14,,汇添富基金管理股份有限公司,sw2021:index_classify,,801737.SI,电池,L2,630000,电池,sw2021:industry_name
159806.SZ,国泰中证新能源汽车ETF,Y,include:name_etf,新能源,新能源车,股票型,中证新能源汽车指数收益率×100%,E,L,2020/3/20,,国泰基金管理有限公司,sw2021:index_classify,,801093.SI,汽车零部件,L2,280000,新能源汽车,sw2021:alias
159824.SZ,博时中证新能源汽车ETF,Y,include:name_etf,新能源,新能源车,股票型,中证新能源汽车指数收益率×100%,E,L,2021/1/11,,博时基金管理有限公司,sw2021:index_classify,,801093.SI,汽车零部件,L2,280000,新能源汽车,sw2021:alias
159840.SZ,工银瑞信国证新能源车电池ETF,Y,include:name_etf,新能源,电池储能,股票型,国证新能源车电池指数收益率×100%,E,L,2021/8/20,,工银瑞信基金管理有限公司,sw2021:index_classify,,801093.SI,汽车零部件,L2,280000,新能源车,sw2021:alias
159857.SZ,天弘中证光伏产业ETF,Y,include:name_etf,新能源,光伏,股票型,中证光伏产业指数×100%,E,L,2021/2/24,,天弘基金管理有限公司,sw2021:index_classify,,801735.SI,光伏设备,L2,630000,光伏产业,sw2021:alias
159863.SZ,鹏华中证光伏产业ETF,Y,include:name_etf,新能源,光伏,股票型,中证光伏产业指数收益率×100%,E,L,2021/3/11,,鹏华基金管理有限公司,sw2021:index_classify,,801735.SI,光伏设备,L2,630000,光伏产业,sw2021:alias
159864.SZ,国泰中证光伏产业ETF,Y,include:name_etf,新能源,光伏,股票型,中证光伏产业指数收益率×100%,E,L,2021/8/10,,国泰基金管理有限公司,sw2021:index_classify,,801735.SI,光伏设备,L2,630000,光伏产业,sw2021:alias
159875.SZ,嘉实中证新能源ETF,Y,include:name_etf,新能源,新能源综合,股票型,中证新能源指数收益率×100%,E,L,2021/8/17,,嘉实基金管理有限公司,fund_type/benchmark/name:advanced_manufacturing,,,,,,,
159886.SZ,富国中证细分机械设备产业主题ETF,Y,include:name_etf,周期,机械设备,股票型,中证细分机械设备产业主题指数收益率×100%,E,L,2021/4/28,,富国基金管理有限公司,sw2021:index_classify,,801890.SI,机械设备,L1,0,机械设备,sw2021:industry_name
159888.SZ,华夏中证智能汽车主题ETF,Y,include:name_etf,新能源,新能源车,股票型,中证智能汽车主题指数收益率×100%,E,L,2021/5/21,,华夏基金管理有限公司,sw2021:index_classify,,801880.SI,汽车,L1,0,汽车,sw2021:industry_name
159889.SZ,国泰中证智能汽车主题ETF,Y,include:name_etf,新能源,新能源车,股票型,中证智能汽车主题指数收益率×100%,E,L,2021/9/9,,国泰基金管理有限公司,sw2021:index_classify,,801880.SI,汽车,L1,0,汽车,sw2021:industry_name
512460.SH,华夏中证电池主题ETF,Y,include:name_etf,新能源,电池储能,股票型,中证电池主题指数收益率×100%,E,L,2026/3/20,,华夏基金管理有限公司,sw2021:index_classify,,801737.SI,电池,L2,630000,电池,sw2021:industry_name
512560.SH,易方达中证军工ETF,Y,include:name_etf,国防军工,军工,股票型,中证军工指数×100%,E,L,2017/7/28,,易方达基金管理有限公司,sw2021:index_classify,,801745.SI,军工电子Ⅱ,L2,650000,军工,sw2021:alias
512660.SH,国泰中证军工ETF,Y,include:name_etf,国防军工,军工,股票型,中证军工指数×100%,E,L,2016/8/8,,国泰基金管理有限公司,sw2021:index_classify,,801745.SI,军工电子Ⅱ,L2,650000,军工,sw2021:alias
512680.SH,广发中证军工ETF,Y,include:name_etf,国防军工,军工,股票型,中证军工指数×100%,E,L,2016/10/14,,广发基金管理有限公司,sw2021:index_classify,,801745.SI,军工电子Ⅱ,L2,650000,军工,sw2021:alias
512710.SH,富国中证军工龙头ETF,Y,include:name_etf,国防军工,军工,股票型,中证军工龙头指数收益率×100%,E,L,2019/8/26,,富国基金管理有限公司,sw2021:index_classify,,801745.SI,军工电子Ⅱ,L2,650000,军工,sw2021:alias
512810.SH,华宝中证军工ETF,Y,include:name_etf,国防军工,军工,股票型,中证军工指数×100%,E,L,2016/8/22,,华宝基金管理有限公司,sw2021:index_classify,,801745.SI,军工电子Ⅱ,L2,650000,军工,sw2021:alias
515030.SH,华夏中证新能源汽车ETF,Y,include:name_etf,新能源,新能源车,股票型,中证新能源汽车指数收益率×100%,E,L,2020/3/4,,华夏基金管理有限公司,sw2021:index_classify,,801093.SI,汽车零部件,L2,280000,新能源汽车,sw2021:alias
515250.SH,富国中证智能汽车主题ETF,Y,include:name_etf,新能源,新能源车,股票型,中证智能汽车主题指数×100%,E,L,2021/1/8,,富国基金管理有限公司,sw2021:index_classify,,801880.SI,汽车,L1,0,汽车,sw2021:industry_name
515370.SH,华夏中证光伏产业ETF,Y,include:name_etf,新能源,光伏,股票型,中证光伏产业指数收益率×100%,E,L,2025/11/18,,华夏基金管理有限公司,sw2021:index_classify,,801735.SI,光伏设备,L2,630000,光伏产业,sw2021:alias
515700.SH,平安中证新能源汽车产业ETF,Y,include:name_etf,新能源,新能源车,股票型,中证新能源汽车产业指数收益率×100%,E,L,2020/2/10,,平安基金管理有限公司,sw2021:index_classify,,801093.SI,汽车零部件,L2,280000,新能源汽车,sw2021:alias
515790.SH,华泰柏瑞中证光伏产业ETF,Y,include:name_etf,新能源,光伏,股票型,中证光伏产业指数收益率×100%,E,L,2020/12/18,,华泰柏瑞基金管理有限公司,sw2021:index_classify,,801735.SI,光伏设备,L2,630000,光伏产业,sw2021:alias
515970.SH,华夏中证工程机械主题ETF,Y,include:name_etf,周期,工程机械,股票型,中证工程机械主题指数收益率×100%,E,L,2026/2/12,,华夏基金管理有限公司,sw2021:index_classify,,801077.SI,工程机械,L2,640000,工程机械,sw2021:industry_name
516090.SH,易方达中证新能源ETF,Y,include:name_etf,新能源,新能源综合,股票型,中证新能源指数收益率×100%,E,L,2021/3/19,,易方达基金管理有限公司,fund_type/benchmark/name:advanced_manufacturing,,,,,,,
516110.SH,国泰中证800汽车与零部件ETF,Y,include:name_etf,消费,汽车,股票型,中证800汽车与零部件指数收益率×100%,E,L,2021/5/7,,国泰基金管理有限公司,sw2021:index_classify,,801880.SI,汽车,L1,0,汽车,sw2021:industry_name
516150.SH,嘉实中证稀土产业ETF,Y,include:name_etf,周期,有色金属,股票型,中证稀土产业指数收益率×100%,E,L,2021/3/17,,嘉实基金管理有限公司,sw2021:index_classify,,850541.SI,稀土,L3,240500,稀土,sw2021:industry_name
516160.SH,南方中证新能源ETF,Y,include:name_etf,新能源,新能源综合,股票型,中证新能源指数收益率×100%,E,L,2021/2/4,,南方基金管理股份有限公司,fund_type/benchmark/name:advanced_manufacturing,,,,,,,
516180.SH,平安中证光伏产业ETF,Y,include:name_etf,新能源,光伏,股票型,中证光伏产业指数收益率×100%,E,L,2021/3/3,,平安基金管理有限公司,sw2021:index_classify,,801735.SI,光伏设备,L2,630000,光伏产业,sw2021:alias
516230.SH,招商中证光伏产业ETF,Y,include:name_etf,新能源,光伏,股票型,中证光伏产业指数收益率×100%,E,L,2026/2/3,,招商基金管理有限公司,sw2021:index_classify,,801735.SI,光伏设备,L2,630000,光伏产业,sw2021:alias
516250.SH,富国中证工程机械主题ETF,Y,include:name_etf,周期,工程机械,股票型,中证工程机械主题指数×100%,E,L,2025/12/22,,富国基金管理有限公司,sw2021:index_classify,,801077.SI,工程机械,L2,640000,工程机械,sw2021:industry_name
516270.SH,华安中证内地新能源主题ETF,Y,include:name_etf,新能源,新能源综合,股票型,中证内地新能源主题指数收益率×100%,E,L,2021/7/23,,华安基金管理有限公司,fund_type/benchmark/name:advanced_manufacturing,,,,,,,
516290.SH,汇添富中证光伏产业ETF,Y,include:name_etf,新能源,光伏,股票型,中证光伏产业指数收益率×100%,E,L,2021/8/23,,汇添富基金管理股份有限公司,sw2021:index_classify,,801735.SI,光伏设备,L2,630000,光伏产业,sw2021:alias
516320.SH,华夏中证装备产业ETF,Y,include:name_etf,周期,高端制造,股票型,中证装备产业指数收益率×100%,E,L,2021/6/8,,华夏基金管理有限公司,fund_type/benchmark/name:advanced_manufacturing,,,,,,,
516380.SH,华宝中证智能电动汽车ETF,Y,include:name_etf,新能源,新能源车,股票型,中证智能电动汽车指数收益率×100%,E,L,2021/6/18,,华宝基金管理有限公司,sw2021:index_classify,,801880.SI,汽车,L1,0,汽车,sw2021:industry_name
516390.SH,汇添富中证新能源汽车产业ETF,Y,include:name_etf,新能源,新能源车,股票型,中证新能源汽车产业指数收益率×100%,E,L,2021/6/18,,汇添富基金管理股份有限公司,sw2021:index_classify,,801093.SI,汽车零部件,L2,280000,新能源汽车,sw2021:alias
516520.SH,华泰柏瑞中证智能汽车主题ETF,Y,include:name_etf,新能源,新能源车,股票型,中证智能汽车主题指数收益率×100%,E,L,2021/3/1,,华泰柏瑞基金管理有限公司,sw2021:index_classify,,801880.SI,汽车,L1,0,汽车,sw2021:industry_name
516580.SH,博时中证新能源ETF,Y,include:name_etf,新能源,新能源综合,股票型,中证新能源指数收益率×100%,E,L,2021/7/26,,博时基金管理有限公司,fund_type/benchmark/name:advanced_manufacturing,,,,,,,
516590.SH,易方达中证智能电动汽车ETF,Y,include:name_etf,新能源,新能源车,股票型,中证智能电动汽车指数收益率×100%,E,L,2021/5/12,,易方达基金管理有限公司,sw2021:index_classify,,801880.SI,汽车,L1,0,汽车,sw2021:industry_name
516660.SH,华安中证新能源汽车ETF,Y,include:name_etf,新能源,新能源车,股票型,中证新能源汽车指数收益率×100%,E,L,2021/2/26,,华安基金管理有限公司,sw2021:index_classify,,801093.SI,汽车零部件,L2,280000,新能源汽车,sw2021:alias
516780.SH,华泰柏瑞中证稀土产业ETF,Y,include:name_etf,周期,有色金属,股票型,中证稀土产业指数×100%,E,L,2021/3/8,,华泰柏瑞基金管理有限公司,sw2021:index_classify,,850541.SI,稀土,L3,240500,稀土,sw2021:industry_name
516800.SH,华宝中证智能制造主题ETF,Y,include:name_etf,周期,高端制造,股票型,中证智能制造主题指数收益率×100%,E,L,2021/2/19,,华宝基金管理有限公司,fund_type/benchmark/name:advanced_manufacturing,,,,,,,
516840.SH,南方中证全指汽车ETF,Y,include:name_etf,消费,汽车,股票型,中证全指汽车指数×100%,E,L,2026/5/13,,南方基金管理股份有限公司,sw2021:index_classify,,801880.SI,汽车,L1,0,汽车,sw2021:industry_name
516850.SH,华夏中证新能源ETF,Y,include:name_etf,新能源,新能源综合,股票型,中证新能源指数收益率×100%,E,L,2021/3/19,,华夏基金管理有限公司,fund_type/benchmark/name:advanced_manufacturing,,,,,,,
516880.SH,银华中证光伏产业ETF,Y,include:name_etf,新能源,光伏,股票型,中证光伏产业指数收益率×100%,E,L,2021/1/18,,银华基金管理股份有限公司,sw2021:index_classify,,801735.SI,光伏设备,L2,630000,光伏产业,sw2021:alias
516960.SH,国泰中证细分机械设备产业主题ETF,Y,include:name_etf,周期,机械设备,股票型,中证细分机械设备产业主题指数收益率×100%,E,L,2021/5/7,,国泰基金管理有限公司,sw2021:index_classify,,801890.SI,机械设备,L1,0,机械设备,sw2021:industry_name
560230.SH,富国中证光伏产业ETF,Y,include:name_etf,新能源,光伏,股票型,中证光伏产业指数收益率×100%,E,L,2026/2/6,,富国基金管理有限公司,sw2021:index_classify,,801735.SI,光伏设备,L2,630000,光伏产业,sw2021:alias
560280.SH,广发中证工程机械主题ETF,Y,include:name_etf,周期,工程机械,股票型,中证工程机械主题指数收益率×100%,E,L,2023/10/30,,广发基金管理有限公司,sw2021:index_classify,,801077.SI,工程机械,L2,640000,工程机械,sw2021:industry_name
560310.SH,博时中证光伏产业ETF,Y,include:name_etf,新能源,光伏,股票型,中证光伏产业指数收益率×100%,E,L,2026/3/2,,博时基金管理有限公司,sw2021:index_classify,,801735.SI,光伏设备,L2,630000,光伏产业,sw2021:alias
560410.SH,鹏华中证电池主题ETF,Y,include:name_etf,新能源,电池储能,股票型,中证电池主题指数收益率×100%,E,L,2026/4/17,,鹏华基金管理有限公司,sw2021:index_classify,,801737.SI,电池,L2,630000,电池,sw2021:industry_name
560630.SH,万家中证机器人ETF,Y,include:name_etf,科技,机器人,股票型,中证机器人指数收益率×100%,E,L,2025/4/1,,万家基金管理有限公司,sw2021:index_classify,,850781.SI,机器人,L3,640700,机器人,sw2021:industry_name
560770.SH,招商中证机器人ETF,Y,include:name_etf,科技,机器人,股票型,中证机器人指数收益率×100%,E,L,2025/9/1,,招商基金管理有限公司,sw2021:index_classify,,850781.SI,机器人,L3,640700,机器人,sw2021:industry_name
560910.SH,华泰柏瑞中证电池主题ETF,Y,include:name_etf,新能源,电池储能,股票型,中证电池主题指数收益率×100%,E,L,2026/5/21,,华泰柏瑞基金管理有限公司,sw2021:index_classify,,801737.SI,电池,L2,630000,电池,sw2021:industry_name
560920.SH,招商中证工程机械主题ETF,Y,include:name_etf,周期,工程机械,股票型,中证工程机械主题指数收益率×100%,E,L,,,招商基金管理有限公司,sw2021:index_classify,,801077.SI,工程机械,L2,640000,工程机械,sw2021:industry_name
560980.SH,广发中证光伏龙头30ETF,Y,include:name_etf,新能源,光伏,股票型,中证光伏龙头30指数收益率×100%,E,L,2022/11/29,,广发基金管理有限公司,sw2021:index_classify,,801735.SI,光伏设备,L2,630000,光伏,sw2021:alias
561030.SH,华泰柏瑞中证工程机械主题ETF,Y,include:name_etf,周期,工程机械,股票型,中证工程机械主题指数收益率×100%,E,L,2026/5/29,,华泰柏瑞基金管理有限公司,sw2021:index_classify,,801077.SI,工程机械,L2,640000,工程机械,sw2021:industry_name
561160.SH,富国中证电池主题ETF,Y,include:name_etf,新能源,电池储能,股票型,中证电池主题指数收益率×100%,E,L,2022/7/8,,富国基金管理有限公司,sw2021:index_classify,,801737.SI,电池,L2,630000,电池,sw2021:industry_name
561910.SH,招商中证电池主题ETF,Y,include:name_etf,新能源,电池储能,股票型,中证电池主题指数收益率×100%,E,L,2021/8/12,,招商基金管理有限公司,sw2021:index_classify,,801737.SI,电池,L2,630000,电池,sw2021:industry_name
562360.SH,银华中证机器人ETF,Y,include:name_etf,科技,机器人,股票型,中证机器人指数×100%,E,L,2021/10/15,,银华基金管理股份有限公司,sw2021:index_classify,,850781.SI,机器人,L3,640700,机器人,sw2021:industry_name
562500.SH,华夏中证机器人ETF,Y,include:name_etf,科技,机器人,股票型,中证机器人指数收益率×100%,E,L,2021/12/29,,华夏基金管理有限公司,sw2021:index_classify,,850781.SI,机器人,L3,640700,机器人,sw2021:industry_name
562700.SH,华夏中证汽车零部件主题ETF,Y,include:name_etf,消费,汽车,股票型,中证汽车零部件主题指数收益率×100%,E,L,2024/5/14,,华夏基金管理有限公司,sw2021:index_classify,,801093.SI,汽车零部件,L2,280000,汽车零部件,sw2021:industry_name
562880.SH,嘉实中证电池主题ETF,Y,include:name_etf,新能源,电池储能,股票型,中证电池主题指数收益率×100%,E,L,2021/7/20,,嘉实基金管理有限公司,sw2021:index_classify,,801737.SI,电池,L2,630000,电池,sw2021:industry_name
562910.SH,易方达中证装备产业ETF,Y,include:name_etf,周期,高端制造,股票型,中证装备产业指数收益率×100%,E,L,2022/1/10,,易方达基金管理有限公司,fund_type/benchmark/name:advanced_manufacturing,,,,,,,
562970.SH,易方达中证光伏产业ETF,Y,include:name_etf,新能源,光伏,股票型,中证光伏产业指数收益率×100%,E,L,2024/11/7,,易方达基金管理有限公司,sw2021:index_classify,,801735.SI,光伏设备,L2,630000,光伏产业,sw2021:alias
588830.SH,鹏华上证科创板新能源ETF,Y,include:name_etf,新能源,新能源综合,股票型,上证科创板新能源指数收益率×100%,E,L,2024/8/9,,鹏华基金管理有限公司,fund_type/benchmark/name:advanced_manufacturing,,,,,,,
588850.SH,嘉实上证科创板工业机械ETF,Y,include:name_etf,周期,工程机械,股票型,上证科创板工业机械指数收益率×100%,E,L,2025/4/24,,嘉实基金管理有限公司,fund_type/benchmark/name:advanced_manufacturing,,,,,,,
588960.SH,富国上证科创板新能源ETF,Y,include:name_etf,新能源,新能源综合,股票型,上证科创板新能源指数收益率×100%,E,L,2025/2/19,,富国基金管理有限公司,fund_type/benchmark/name:advanced_manufacturing,,,,,,,
589960.SH,易方达上证科创板新能源ETF,Y,include:name_etf,新能源,新能源综合,股票型,上证科创板新能源指数收益率×100%,E,L,2025/9/22,,易方达基金管理有限公司,fund_type/benchmark/name:advanced_manufacturing,,,,,,,
159010.SZ,博时恒生港股通科技主题ETF,Y,include:name_etf,港股,港股科技,股票型,恒生港股通科技主题指数收益率×100%,E,L,2026/5/13,,博时基金管理有限公司,fund_type/benchmark/name:hong_kong,,,,,,,
159015.SZ,国联恒生港股通科技主题ETF,Y,include:name_etf,港股,港股科技,股票型,恒生港股通科技主题指数收益率×100%,E,L,2026/5/8,,国联基金管理有限公司,fund_type/benchmark/name:hong_kong,,,,,,,
159028.SZ,天弘恒生港股通汽车主题ETF,Y,include:name_etf,港股,港股汽车,股票型,恒生港股通汽车主题指数收益率(经估值汇率调整)×100%,E,L,2026/5/14,,天弘基金管理有限公司,fund_type/benchmark/name:hong_kong,,,,,,,
159040.SZ,鹏华中证港股通互联网ETF,Y,include:name_etf,港股,港股科技,股票型,中证港股通互联网指数(港元)收益率×100%,E,L,2026/6/26,,鹏华基金管理有限公司,fund_type/benchmark/name:hong_kong,,,,,,,
159100.SZ,华夏布拉德斯科巴西伊博维斯帕ETF(QDII),Y,include:name_etf,海外,海外,股票型,经估值汇率调整后的巴西伊博维斯帕指数收益率×100%,E,L,2025/11/13,,华夏基金管理有限公司,fund_type/benchmark/name:overseas,,,,,,,
159101.SZ,华夏国证港股通科技ETF,Y,include:name_etf,港股,港股科技,股票型,经估值汇率调整后的国证港股通科技指数收益率×100%,E,L,2025/9/3,,华夏基金管理有限公司,fund_type/benchmark/name:hong_kong,,,,,,,
159102.SZ,华安恒生生物科技ETF,Y,include:name_etf,港股,港股科技,股票型,恒生生物科技指数收益率(经汇率调整)×100%,E,L,2025/9/16,,华安基金管理有限公司,fund_type/benchmark/name:hong_kong,,,,,,,
159105.SZ,易方达恒生生物科技ETF,Y,include:name_etf,港股,港股科技,股票型,恒生生物科技指数收益率(使用估值汇率折算)×100%,E,L,2025/11/3,,易方达基金管理有限公司,fund_type/benchmark/name:hong_kong,,,,,,,
159109.SZ,景顺长城恒生港股通50ETF,Y,include:name_etf,港股,港股宽基,股票型,恒生港股通50指数收益率×100%,E,L,2025/10/10,,景顺长城基金管理有限公司,fund_type/benchmark/name:hong_kong,,,,,,,
159117.SZ,鹏华标普港股通低波红利ETF,Y,include:name_etf,港股,港股红利,股票型,标普港股通低波红利指数收益率(经汇率调整后)×100%,E,L,2025/10/17,,鹏华基金管理有限公司,fund_type/benchmark/name:hong_kong,,,,,,,
159118.SZ,华夏标普港股通低波红利ETF,Y,include:name_etf,港股,港股红利,股票型,经估值汇率调整后的标普港股通低波红利指数收益率×100%,E,L,2025/11/27,,华夏基金管理有限公司,fund_type/benchmark/name:hong_kong,,,,,,,
159120.SZ,国联安恒生港股通科技主题ETF,Y,include:name_etf,港股,港股科技,股票型,经估值汇率折算后的恒生港股通科技主题指数收益率×100%,E,L,2025/11/13,,国联安基金管理有限公司,fund_type/benchmark/name:hong_kong,,,,,,,
159121.SZ,易方达恒生港股通汽车主题ETF,Y,include:name_etf,港股,港股汽车,股票型,恒生港股通汽车主题指数收益率(使用估值汇率折算)×100%,E,L,2025/11/24,,易方达基金管理有限公司,fund_type/benchmark/name:hong_kong,,,,,,,
159125.SZ,招商国证港股通科技ETF,Y,include:name_etf,港股,港股科技,股票型,经汇率调整后的国证港股通科技指数收益率×100%,E,L,2025/11/6,,招商基金管理有限公司,fund_type/benchmark/name:hong_kong,,,,,,,
159126.SZ,南方中证港股通50ETF,Y,include:name_etf,港股,港股宽基,股票型,中证港股通50指数收益率×100%,E,L,2025/11/3,,南方基金管理股份有限公司,fund_type/benchmark/name:hong_kong,,,,,,,
159127.SZ,南方中证港股通高股息投资ETF,Y,include:name_etf,港股,港股红利,股票型,中证港股通高股息投资指数(经估值汇率调整后)收益率×100%,E,L,2025/11/20,,南方基金管理股份有限公司,fund_type/benchmark/name:hong_kong,,,,,,,
159128.SZ,天弘国证港股通科技ETF,Y,include:name_etf,港股,港股科技,股票型,国证港股通科技指数收益率(经估值汇率调整)×100%,E,L,2025/11/13,,天弘基金管理有限公司,fund_type/benchmark/name:hong_kong,,,,,,,
159130.SZ,鹏华恒生生物科技ETF,Y,include:name_etf,港股,港股科技,股票型,恒生生物科技指数收益率(经汇率调整后)×100%,E,L,2025/11/27,,鹏华基金管理有限公司,fund_type/benchmark/name:hong_kong,,,,,,,
159131.SZ,华宝中证港股通信息技术综合ETF,Y,include:name_etf,港股,港股科技,股票型,经人民币汇率调整的中证港股通信息技术综合指数收益率×100%,E,L,2025/11/13,,华宝基金管理有限公司,fund_type/benchmark/name:hong_kong,,,,,,,
159132.SZ,富国恒生生物科技ETF,Y,include:name_etf,港股,港股科技,股票型,恒生生物科技指数×100%,E,L,2026/1/8,,富国基金管理有限公司,fund_type/benchmark/name:hong_kong,,,,,,,
159135.SZ,前海开源恒生港股通科技主题ETF,Y,include:name_etf,港股,港股科技,股票型,恒生港股通科技主题指数收益率(经估值汇率调整)×100%,E,L,2026/2/11,,前海开源基金管理有限公司,fund_type/benchmark/name:hong_kong,,,,,,,
159137.SZ,华宝中证港股通医疗主题ETF,Y,include:name_etf,港股,港股医药,股票型,经人民币汇率调整的中证港股通医疗主题指数收益率×100%,E,L,2026/1/12,,华宝基金管理有限公司,fund_type/benchmark/name:hong_kong,,,,,,,
159143.SZ,平安恒生港股通中国央企红利ETF,Y,include:name_etf,港股,港股红利,股票型,恒生港股通中国央企红利指数收益率(经汇率调整)×100%,E,L,2026/1/12,,平安基金管理有限公司,fund_type/benchmark/name:hong_kong,,,,,,,
159152.SZ,平安恒生港股通科技主题ETF,Y,include:name_etf,港股,港股科技,股票型,恒生港股通科技主题指数收益率(经汇率调整)×100%,E,L,2026/2/3,,平安基金管理有限公司,fund_type/benchmark/name:hong_kong,,,,,,,
159167.SZ,工银瑞信中证港股通医疗主题ETF,Y,include:name_etf,港股,港股医药,股票型,经汇率调整后的中证港股通医疗主题指数收益率×100%,E,L,2026/2/12,,工银瑞信基金管理有限公司,fund_type/benchmark/name:hong_kong,,,,,,,
159169.SZ,广发恒生生物科技ETF,Y,include:name_etf,港股,港股科技,股票型,恒生生物科技指数收益率(使用估值汇率折算)×100%,E,L,2026/3/4,,广发基金管理有限公司,fund_type/benchmark/name:hong_kong,,,,,,,
159170.SZ,永赢国证港股通互联网ETF,Y,include:name_etf,港股,港股科技,股票型,国证港股通互联网指数收益率(按照估值汇率折算)×100%,E,L,2026/3/19,,永赢基金管理有限公司,fund_type/benchmark/name:hong_kong,,,,,,,
159179.SZ,工银瑞信中证港股通互联网ETF,Y,include:name_etf,港股,港股科技,股票型,经汇率调整后的中证港股通互联网指数收益率×100%,E,L,2026/4/3,,工银瑞信基金管理有限公司,fund_type/benchmark/name:hong_kong,,,,,,,
159185.SZ,鹏华中证港股通信息技术综合ETF,Y,include:name_etf,港股,港股科技,股票型,中证港股通信息技术综合指数(港元)收益率×100%,E,L,2026/4/24,,鹏华基金管理有限公司,fund_type/benchmark/name:hong_kong,,,,,,,
159186.SZ,鹏华恒生港股通汽车主题ETF,Y,include:name_etf,港股,港股汽车,股票型,恒生港股通汽车主题指数(港元)收益率×100%,E,L,2026/4/20,,鹏华基金管理有限公司,fund_type/benchmark/name:hong_kong,,,,,,,
159188.SZ,景顺长城标普中国A股红利100ETF,Y,include:name_etf,海外,海外,股票型,标普中国A股红利100指数收益率×100%,E,L,2026/4/10,,景顺长城基金管理有限公司,fund_type/benchmark/name:overseas,,,,,,,
159191.SZ,易方达国证港股通科技ETF,Y,include:name_etf,港股,港股科技,股票型,国证港股通科技指数收益率(使用估值汇率折算)×100%,E,L,2026/3/26,,易方达基金管理有限公司,fund_type/benchmark/name:hong_kong,,,,,,,
159196.SZ,易方达中证港股通信息技术综合ETF,Y,include:name_etf,港股,港股科技,股票型,中证港股通信息技术综合指数(港元)收益率×100%,E,L,2026/4/2,,易方达基金管理有限公司,fund_type/benchmark/name:hong_kong,,,,,,,
159198.SZ,富国中证港股通信息技术综合ETF,Y,include:name_etf,港股,港股科技,股票型,中证港股通信息技术综合指数收益率×100%,E,L,2026/4/3,,富国基金管理有限公司,fund_type/benchmark/name:hong_kong,,,,,,,
159202.SZ,万家恒生互联网科技业ETF(QDII),Y,include:name_etf,港股,港股科技,股票型,恒生互联网科技业指数收益率(经估值汇率调整)×100%,E,L,2025/4/16,,万家基金管理有限公司,fund_type/benchmark/name:hong_kong,,,,,,,
159210.SZ,汇添富中证港股通汽车产业主题ETF,Y,include:name_etf,港股,港股汽车,股票型,中证港股通汽车产业主题指数收益率(经估值汇率调整后)×100%,E,L,2025/6/4,,汇添富基金管理股份有限公司,fund_type/benchmark/name:hong_kong,,,,,,,
159217.SZ,工银瑞信国证港股通创新药ETF,Y,include:name_etf,港股,港股医药,股票型,国证港股通创新药指数收益率(经汇率调整后)×100%,E,L,2025/4/3,,工银瑞信基金管理有限公司,fund_type/benchmark/name:hong_kong,,,,,,,
159220.SZ,华宝标普港股通低波红利ETF,Y,include:name_etf,港股,港股红利,股票型,经人民币汇率调整的标普港股通低波红利指数收益率×100%,E,L,2025/5/12,,华宝基金管理有限公司,fund_type/benchmark/name:hong_kong,,,,,,,
159237.SZ,工银瑞信中证港股通汽车产业主题ETF,Y,include:name_etf,港股,港股汽车,股票型,经汇率调整后的中证港股通汽车产业主题指数收益率×100%,E,L,2025/7/7,,工银瑞信基金管理有限公司,fund_type/benchmark/name:hong_kong,,,,,,,
159239.SZ,富国恒生港股通汽车主题ETF,Y,include:name_etf,港股,港股汽车,股票型,恒生港股通汽车主题指数收益率(使用估值汇率折算)×100%,E,L,2025/5/28,,富国基金管理有限公司,fund_type/benchmark/name:hong_kong,,,,,,,
159245.SZ,富国国证港股通消费主题ETF,Y,include:name_etf,港股,港股消费,股票型,国证港股通消费主题指数收益率(使用估值汇率折算)×100%,E,L,2025/6/19,,富国基金管理有限公司,fund_type/benchmark/name:hong_kong,,,,,,,
159251.SZ,万家国证港股通科技ETF,Y,include:name_etf,港股,港股科技,股票型,经汇率调整后的国证港股通科技指数收益率×100%,E,L,2025/7/24,,万家基金管理有限公司,fund_type/benchmark/name:hong_kong,,,,,,,
159262.SZ,广发恒生港股通科技主题ETF,Y,include:name_etf,港股,港股科技,股票型,恒生港股通科技主题指数×100%,E,L,2025/7/7,,广发基金管理有限公司,fund_type/benchmark/name:hong_kong,,,,,,,
159265.SZ,鹏华国证港股通消费主题ETF,Y,include:name_etf,港股,港股消费,股票型,国证港股通消费主题指数收益率(经汇率调整后)×100%,E,L,2025/7/2,,鹏华基金管理有限公司,fund_type/benchmark/name:hong_kong,,,,,,,
159266.SZ,永赢中证港股通央企红利ETF,Y,include:name_etf,港股,港股红利,股票型,中证港股通央企红利指数收益率(按照估值汇率折算)×100%,E,L,2025/8/1,,永赢基金管理有限公司,fund_type/benchmark/name:hong_kong,,,,,,,
159268.SZ,汇添富国证港股通消费主题ETF,Y,include:name_etf,港股,港股消费,股票型,国证港股通消费主题指数收益率(经估值汇率调整后)×100%,E,L,2025/7/21,,汇添富基金管理股份有限公司,fund_type/benchmark/name:hong_kong,,,,,,,
159269.SZ,南方中证港股通科技ETF,Y,include:name_etf,港股,港股科技,股票型,中证港股通科技指数(人民币)收益率×100%,E,L,2025/7/10,,南方基金管理股份有限公司,fund_type/benchmark/name:hong_kong,,,,,,,
159271.SZ,鹏华恒生ETF,Y,include:name_etf,港股,港股宽基,股票型,香港恒生指数×100%,E,L,2025/8/11,,鹏华基金管理有限公司,fund_type/benchmark/name:hong_kong,,,,,,,
159273.SZ,汇添富中证沪港深云计算产业ETF,Y,include:name_etf,港股,港股科技,股票型,中证沪港深云计算产业指数收益率×100%,E,L,2025/8/6,,汇添富基金管理股份有限公司,fund_type/benchmark/name:hong_kong,,,,,,,
159277.SZ,富国中证港股通高股息投资ETF,Y,include:name_etf,港股,港股红利,股票型,中证港股通高股息投资指数收益率×100%,E,L,2025/8/14,,富国基金管理有限公司,fund_type/benchmark/name:hong_kong,,,,,,,
159280.SZ,汇添富国证港股通互联网ETF,Y,include:name_etf,港股,港股科技,股票型,国证港股通互联网指数收益率(经估值汇率调整后)×100%,E,L,2025/8/18,,汇添富基金管理股份有限公司,fund_type/benchmark/name:hong_kong,,,,,,,
159281.SZ,天弘中证港股通央企红利ETF,Y,include:name_etf,港股,港股红利,股票型,中证港股通央企红利指数收益率(经估值汇率调整)×100%,E,L,2025/9/2,,天弘基金管理有限公司,fund_type/benchmark/name:hong_kong,,,,,,,
159285.SZ,华安国证港股通消费主题ETF,Y,include:name_etf,港股,港股消费,股票型,国证港股通消费主题指数收益率(经汇率调整)×100%,E,L,2025/10/20,,华安基金管理有限公司,fund_type/benchmark/name:hong_kong,,,,,,,
159286.SZ,鹏华国证港股通创新药ETF,Y,include:name_etf,港股,港股医药,股票型,国证港股通创新药指数收益率(经汇率调整后)×100%,E,L,2025/9/2,,鹏华基金管理有限公司,fund_type/benchmark/name:hong_kong,,,,,,,
159297.SZ,南方国证港股通创新药ETF,Y,include:name_etf,港股,港股医药,股票型,国证港股通创新药指数(经估值汇率调整后)收益率×100%,E,L,2025/9/22,,南方基金管理股份有限公司,fund_type/benchmark/name:hong_kong,,,,,,,
159302.SZ,银华中证港股通高股息投资ETF,Y,include:name_etf,港股,港股红利,股票型,中证港股通高股息投资指数收益率(经估值汇率调整)×100%,E,L,2024/9/2,,银华基金管理股份有限公司,fund_type/benchmark/name:hong_kong,,,,,,,
159303.SZ,大成恒生医疗保健ETF(QDII),Y,include:name_etf,港股,港股医药,股票型,恒生医疗保健指数收益率×100%,E,L,2024/6/27,,大成基金管理有限公司,fund_type/benchmark/name:hong_kong,,,,,,,
159312.SZ,广发恒指港股通ETF,Y,include:name_etf,港股,港股宽基,股票型,恒指港股通指数收益率×100%,E,L,2024/11/8,,广发基金管理有限公司,fund_type/benchmark/name:hong_kong,,,,,,,
159316.SZ,易方达恒生港股通创新药ETF,Y,include:name_etf,港股,港股医药,股票型,恒生港股通创新药指数收益率(使用估值汇率折算)×100%,E,L,2025/3/26,,易方达基金管理有限公司,fund_type/benchmark/name:hong_kong,,,,,,,
159318.SZ,银华恒指港股通ETF,Y,include:name_etf,港股,港股宽基,股票型,恒指港股通指数收益率(经估值汇率调整)×100%,E,L,2024/6/21,,银华基金管理股份有限公司,fund_type/benchmark/name:hong_kong,,,,,,,
159320.SZ,广发恒生A股电网设备ETF,Y,include:name_etf,港股,港股新能源,股票型,恒生A股电网设备指数收益率×100%,E,L,2024/12/24,,广发基金管理有限公司,fund_type/benchmark/name:hong_kong,,,,,,,
159323.SZ,华夏中证港股通汽车产业主题ETF,Y,include:name_etf,港股,港股汽车,股票型,中证港股通汽车产业主题指数收益率×100%,E,L,2025/1/8,,华夏基金管理有限公司,fund_type/benchmark/name:hong_kong,,,,,,,
159329.SZ,南方基金南方东英沙特阿拉伯ETF(QDII),Y,include:name_etf,海外,海外,股票型,富时沙特阿拉伯指数×100%,E,L,2024/7/16,,南方基金管理股份有限公司,fund_type/benchmark/name:overseas,,,,,,,
159331.SZ,国泰中证港股通高股息投资ETF,Y,include:name_etf,港股,港股红利,股票型,中证港股通高股息投资指数收益率(经估值汇率调整)×100%,E,L,2024/8/1,,国泰基金管理有限公司,fund_type/benchmark/name:hong_kong,,,,,,,
159333.SZ,万家中证港股通央企红利ETF,Y,include:name_etf,港股,港股红利,股票型,中证港股通央企红利指数收益率(经估值汇率调整)×100%,E,L,2024/9/3,,万家基金管理有限公司,fund_type/benchmark/name:hong_kong,,,,,,,
159365.SZ,富国恒指港股通ETF,Y,include:name_etf,港股,港股宽基,股票型,恒指港股通指数收益率(使用估值汇率折算)×100%,E,L,2025/6/30,,富国基金管理有限公司,fund_type/benchmark/name:hong_kong,,,,,,,
159366.SZ,永赢中证港股通医疗主题ETF,Y,include:name_etf,港股,港股医药,股票型,中证港股通医疗主题指数收益率(按照估值汇率折算)×100%,E,L,2025/4/14,,永赢基金管理有限公司,fund_type/benchmark/name:hong_kong,,,,,,,
159501.SZ,嘉实纳斯达克100ETF(QDII),Y,include:name_etf,海外,海外,股票型,经估值汇率调整后的纳斯达克100指数收益率×100%,E,L,2023/6/14,,嘉实基金管理有限公司,fund_type/benchmark/name:overseas,,,,,,,
159502.SZ,嘉实标普生物科技精选行业ETF(QDII),Y,include:name_etf,海外,海外,股票型,标普生物科技精选行业指数收益率(经估值汇率调整)×100%,E,L,2024/1/10,,嘉实基金管理有限公司,fund_type/benchmark/name:overseas,,,,,,,
159506.SZ,富国恒生港股通创新药及医疗保健ETF,Y,include:name_etf,港股,港股医药,股票型,恒生港股通创新药及医疗保健指数收益率(使用估值汇率折算)×100%,E,L,2023/7/3,,富国基金管理有限公司,fund_type/benchmark/name:hong_kong,,,,,,,
159509.SZ,景顺长城纳斯达克科技市值加权ETF(QDII),Y,include:name_etf,海外,海外,股票型,纳斯达克科技市值加权指数收益率(使用估值汇率调整)×100%,E,L,2023/8/8,,景顺长城基金管理有限公司,fund_type/benchmark/name:overseas,,,,,,,
159513.SZ,大成纳斯达克100ETF(QDII),Y,include:name_etf,海外,海外,股票型,纳斯达克100指数收益率(经汇率调整)×100%,E,L,2023/7/28,,大成基金管理有限公司,fund_type/benchmark/name:overseas,,,,,,,
159519.SZ,国泰中证香港内地国有企业ETF(QDII),Y,include:name_etf,港股,港股综合,股票型,中证香港内地国有企业指数收益率(经估值汇率调整)×100%,E,L,2023/8/31,,国泰基金管理有限公司,fund_type/benchmark/name:hong_kong,,,,,,,
159529.SZ,景顺长城标普消费精选ETF(QDII),Y,include:name_etf,海外,海外,股票型,标普500消费精选指数收益率×100%,E,L,2024/2/2,,景顺长城基金管理有限公司,fund_type/benchmark/name:overseas,,,,,,,
159545.SZ,易方达恒生港股通高股息低波动ETF,Y,include:name_etf,港股,港股红利,股票型,恒生港股通高股息低波动指数收益率(使用估值汇率折算)×100%,E,L,2024/4/15,,易方达基金管理有限公司,fund_type/benchmark/name:hong_kong,,,,,,,
159550.SZ,东财中证沪港深互联网ETF,Y,include:name_etf,港股,港股科技,股票型,中证沪港深互联网指数收益率×100%,E,L,2025/6/27,,东财基金管理有限公司,fund_type/benchmark/name:hong_kong,,,,,,,
159557.SZ,嘉实恒生医疗保健ETF(QDII),Y,include:name_etf,港股,港股医药,股票型,恒生医疗保健指数收益率×100%,E,L,2024/5/22,,嘉实基金管理有限公司,fund_type/benchmark/name:hong_kong,,,,,,,
159561.SZ,嘉实德国DAXETF(QDII),Y,include:name_etf,海外,海外,股票型,经估值汇率调整后的德国DAX指数收益率×100%,E,L,2024/4/30,,嘉实基金管理有限公司,fund_type/benchmark/name:overseas,,,,,,,
159567.SZ,银华国证港股通创新药ETF,Y,include:name_etf,港股,港股医药,股票型,国证港股通创新药指数收益率(经估值汇率调整)×100%,E,L,2024/1/11,,银华基金管理股份有限公司,fund_type/benchmark/name:hong_kong,,,,,,,
159568.SZ,博时中证港股通互联网ETF,Y,include:name_etf,港股,港股科技,股票型,中证港股通互联网指数收益率(经汇率调整后)×100%,E,L,2024/2/27,,博时基金管理有限公司,fund_type/benchmark/name:hong_kong,,,,,,,
159569.SZ,景顺长城国证港股通红利低波动率ETF,Y,include:name_etf,港股,港股红利,股票型,国证港股通红利低波动率指数收益率(使用估值汇率折算)×100%,E,L,2024/8/22,,景顺长城基金管理有限公司,fund_type/benchmark/name:hong_kong,,,,,,,
159570.SZ,汇添富国证港股通创新药ETF,Y,include:name_etf,港股,港股医药,股票型,国证港股通创新药指数收益率(经估值汇率调整后)×100%,E,L,2024/1/22,,汇添富基金管理股份有限公司,fund_type/benchmark/name:hong_kong,,,,,,,
159577.SZ,汇添富MSCI美国50ETF(QDII),Y,include:name_etf,海外,海外,股票型,经人民币汇率调整的MSCI美国50指数收益率×100%,E,L,2024/2/23,,汇添富基金管理股份有限公司,fund_type/benchmark/name:overseas,,,,,,,
159605.SZ,广发中证海外中国互联网30ETF(QDII),Y,include:name_etf,海外,海外,股票型,中证海外中国互联网30指数(同期人民币计价)×100%,E,L,2021/12/2,,广发基金管理有限公司,fund_type/benchmark/name:overseas,,,,,,,
159607.SZ,嘉实中证海外中国互联网30ETF(QDII),Y,include:name_etf,海外,海外,股票型,中证海外中国互联网30指数收益率(经估值汇率调整后)×100%,E,L,2021/12/2,,嘉实基金管理有限公司,fund_type/benchmark/name:overseas,,,,,,,
159612.SZ,国泰标普500ETF(QDII),Y,include:name_etf,海外,海外,股票型,标普500指数收益率×100%,E,L,2022/5/20,,国泰基金管理有限公司,fund_type/benchmark/name:overseas,,,,,,,
159615.SZ,南方恒生生物科技ETF(QDII),Y,include:name_etf,港股,港股科技,股票型,经估值汇率调整后的恒生生物科技指数收益率×100%,E,L,2022/6/28,,南方基金管理股份有限公司,fund_type/benchmark/name:hong_kong,,,,,,,
159622.SZ,东财中证沪港深创新药产业ETF,Y,include:name_etf,港股,港股医药,股票型,中证沪港深创新药产业指数收益率×100%,E,L,2023/5/9,,东财基金管理有限公司,fund_type/benchmark/name:hong_kong,,,,,,,
159632.SZ,华安纳斯达克100ETF(QDII),Y,include:name_etf,海外,海外,股票型,纳斯达克100指数收益率(经估值汇率调整)×100%,E,L,2022/8/3,,华安基金管理有限公司,fund_type/benchmark/name:overseas,,,,,,,
159636.SZ,工银瑞信国证港股通科技ETF,Y,include:name_etf,港股,港股科技,股票型,经汇率调整后的国证港股通科技指数收益率×100%,E,L,2022/7/20,,工银瑞信基金管理有限公司,fund_type/benchmark/name:hong_kong,,,,,,,
159655.SZ,华夏标普500ETF(QDII),Y,include:name_etf,海外,海外,股票型,经估值汇率调整后的标普500指数收益率×100%,E,L,2022/10/25,,华夏基金管理有限公司,fund_type/benchmark/name:overseas,,,,,,,
159659.SZ,招商纳斯达克100ETF(QDII),Y,include:name_etf,海外,海外,股票型,纳斯达克100指数收益率×100%,E,L,2023/4/25,,招商基金管理有限公司,fund_type/benchmark/name:overseas,,,,,,,
159660.SZ,汇添富纳斯达克100ETF(QDII),Y,include:name_etf,海外,海外,股票型,经人民币汇率调整的纳斯达克100指数收益率×100%,E,L,2023/4/17,,汇添富基金管理股份有限公司,fund_type/benchmark/name:overseas,,,,,,,
159687.SZ,南方基金南方东英富时亚太精选ETF(QDII),Y,include:name_etf,海外,海外,股票型,经估值汇率调整的富时亚太精选指数(FTSEAsiaPacificSelectIndex)收益率×100%,E,L,2022/12/30,,南方基金管理股份有限公司,fund_type/benchmark/name:overseas,,,,,,,
159688.SZ,华安恒生互联网科技业ETF(QDII),Y,include:name_etf,港股,港股科技,股票型,恒生互联网科技业指数收益率(经汇率调整)×100%,E,L,2023/2/15,,华安基金管理有限公司,fund_type/benchmark/name:hong_kong,,,,,,,
159691.SZ,工银瑞信中证港股通高股息精选ETF,Y,include:name_etf,港股,港股红利,股票型,经汇率调整后的中证港股通高股息精选指数收益率×100%,E,L,2023/4/21,,工银瑞信基金管理有限公司,fund_type/benchmark/name:hong_kong,,,,,,,
159696.SZ,易方达纳斯达克100ETF(QDII),Y,include:name_etf,海外,海外,股票型,纳斯达克100指数收益率(使用估值汇率折算)×100%,E,L,2023/8/25,,易方达基金管理有限公司,fund_type/benchmark/name:overseas,,,,,,,
159699.SZ,广发恒生消费ETF(QDII),Y,include:name_etf,港股,港股消费,股票型,恒生消费指数收益率(人民币计价)×100%,E,L,2023/8/23,,广发基金管理有限公司,fund_type/benchmark/name:hong_kong,,,,,,,
159711.SZ,华夏中证港股通50ETF,Y,include:name_etf,港股,港股宽基,股票型,中证港股通50指数收益率×100%,E,L,2021/12/28,,华夏基金管理有限公司,fund_type/benchmark/name:hong_kong,,,,,,,
159712.SZ,国泰中证港股通50ETF,Y,include:name_etf,港股,港股宽基,股票型,中证港股通50指数收益率(经估值汇率调整)×100%,E,L,2021/11/11,,国泰基金管理有限公司,fund_type/benchmark/name:hong_kong,,,,,,,
159718.SZ,平安中证港股通医药卫生综合ETF,Y,include:name_etf,港股,港股医药,股票型,中证港股通医药卫生综合指数(经汇率调整)×100%,E,L,2021/12/28,,平安基金管理有限公司,fund_type/benchmark/name:hong_kong,,,,,,,
159723.SZ,汇添富中证沪港深科技龙头ETF,Y,include:name_etf,港股,港股科技,股票型,中证沪港深科技龙头指数收益率×100%,E,L,2021/10/15,,汇添富基金管理股份有限公司,fund_type/benchmark/name:hong_kong,,,,,,,
159726.SZ,华夏恒生港股通中国内地企业高股息率ETF,Y,include:name_etf,港股,港股红利,股票型,经估值汇率调整后的恒生港股通中国内地企业高股息率指数收益率×100%,E,L,2021/11/23,,华夏基金管理有限公司,fund_type/benchmark/name:hong_kong,,,,,,,
159729.SZ,汇添富中证沪港深互联网ETF,Y,include:name_etf,港股,港股科技,股票型,中证沪港深互联网指数收益率×100%,E,L,2021/7/21,,汇添富基金管理股份有限公司,fund_type/benchmark/name:hong_kong,,,,,,,
159735.SZ,银华中证港股通消费主题ETF,Y,include:name_etf,港股,港股消费,股票型,中证港股通消费主题指数收益率×100%,E,L,2021/6/4,,银华基金管理股份有限公司,fund_type/benchmark/name:hong_kong,,,,,,,
159738.SZ,华泰柏瑞中证沪港深云计算产业ETF,Y,include:name_etf,港股,港股科技,股票型,中证沪港深云计算产业指数收益率×100%,E,L,2022/1/28,,华泰柏瑞基金管理有限公司,fund_type/benchmark/name:hong_kong,,,,,,,
159740.SZ,大成恒生科技ETF(QDII),Y,include:name_etf,港股,港股科技,股票型,恒生科技指数收益率×100%,E,L,2021/5/27,,大成基金管理有限公司,fund_type/benchmark/name:hong_kong,,,,,,,
159741.SZ,嘉实恒生科技ETF(QDII),Y,include:name_etf,港股,港股科技,股票型,恒生科技指数收益率(使用估值汇率折算)×100%,E,L,2021/6/3,,嘉实基金管理有限公司,fund_type/benchmark/name:hong_kong,,,,,,,
159742.SZ,博时恒生科技ETF(QDII),Y,include:name_etf,港股,港股科技,股票型,恒生科技指数×100%,E,L,2021/5/25,,博时基金管理有限公司,fund_type/benchmark/name:hong_kong,,,,,,,
159747.SZ,南方中证香港科技ETF(QDII),Y,include:name_etf,港股,港股科技,股票型,中证香港科技指数×100%,E,L,2021/7/14,,南方基金管理股份有限公司,fund_type/benchmark/name:hong_kong,,,,,,,
159748.SZ,富国中证沪港深创新药产业ETF,Y,include:name_etf,港股,港股医药,股票型,中证沪港深创新药产业指数×100%,E,L,2021/12/3,,富国基金管理有限公司,fund_type/benchmark/name:hong_kong,,,,,,,
159750.SZ,招商中证香港科技ETF(QDII),Y,include:name_etf,港股,港股科技,股票型,中证香港科技指数收益率(经汇率调整后)×100%,E,L,2022/2/14,,招商基金管理有限公司,fund_type/benchmark/name:hong_kong,,,,,,,
159751.SZ,鹏华中证港股通科技ETF,Y,include:name_etf,港股,港股科技,股票型,中证港股通科技指数收益率×100%,E,L,2021/12/28,,鹏华基金管理有限公司,fund_type/benchmark/name:hong_kong,,,,,,,
159776.SZ,银华中证港股通医药卫生综合ETF,Y,include:name_etf,港股,港股医药,股票型,中证港股通医药卫生综合指数收益率(经估值汇率调整)×100%,E,L,2022/3/25,,银华基金管理股份有限公司,fund_type/benchmark/name:hong_kong,,,,,,,
159788.SZ,易方达中证港股通中国100ETF,Y,include:name_etf,港股,港股综合,股票型,中证港股通中国100指数(使用估值汇率折算)收益率×100%,E,L,2022/3/2,,易方达基金管理有限公司,fund_type/benchmark/name:hong_kong,,,,,,,
159792.SZ,富国中证港股通互联网ETF,Y,include:name_etf,港股,港股科技,股票型,中证港股通互联网指数收益率×100%,E,L,2021/9/28,,富国基金管理有限公司,fund_type/benchmark/name:hong_kong,,,,,,,
159793.SZ,平安中证沪港深线上消费主题ETF,Y,include:name_etf,港股,港股消费,股票型,中证沪港深线上消费主题指数收益率×100%,E,L,2021/11/24,,平安基金管理有限公司,fund_type/benchmark/name:hong_kong,,,,,,,
159822.SZ,银华工银南方东英标普中国新经济行业ETF(QDII),Y,include:name_etf,海外,海外,股票型,经估值汇率调整的标普中国新经济行业(A股上限)指数×100%,E,L,2020/10/23,,银华基金管理股份有限公司,fund_type/benchmark/name:overseas,,,,,,,
159850.SZ,华夏恒生中国企业ETF(QDII),Y,include:name_etf,港股,港股央企,股票型,恒生中国企业指数收益率(使用估值汇率折算)×100%,E,L,2021/2/19,,华夏基金管理有限公司,fund_type/benchmark/name:hong_kong,,,,,,,
159856.SZ,工银瑞信中证沪港深互联网ETF,Y,include:name_etf,港股,港股科技,股票型,中证沪港深互联网指数收益率×100%,E,L,2021/2/1,,工银瑞信基金管理有限公司,fund_type/benchmark/name:hong_kong,,,,,,,
159866.SZ,工银瑞信大和日经225ETF(QDII),Y,include:name_etf,海外,海外,股票型,日经225指数收益率(经汇率调整后)×100%,E,L,2021/4/8,,工银瑞信基金管理有限公司,fund_type/benchmark/name:overseas,,,,,,,
159892.SZ,华夏恒生生物科技ETF(QDII),Y,include:name_etf,港股,港股科技,股票型,恒生生物科技指数收益率(使用估值汇率折算)×100%,E,L,2021/10/19,,华夏基金管理有限公司,fund_type/benchmark/name:hong_kong,,,,,,,
159920.SZ,华夏恒生ETF(QDII),Y,include:name_etf,港股,港股宽基,股票型,香港恒生指数×100%,E,L,2012/10/22,,华夏基金管理有限公司,fund_type/benchmark/name:hong_kong,,,,,,,
159941.SZ,广发纳斯达克100ETF(QDII),Y,include:name_etf,海外,海外,股票型,纳斯达克100指数×100%,E,L,2015/7/13,,广发基金管理有限公司,fund_type/benchmark/name:overseas,,,,,,,
159954.SZ,南方恒生中国企业ETF(QDII),Y,include:name_etf,港股,港股央企,股票型,恒生中国企业指数×100%,E,L,2018/3/15,,南方基金管理股份有限公司,fund_type/benchmark/name:hong_kong,,,,,,,
159960.SZ,平安港股通恒生中国企业ETF,Y,include:name_etf,港股,港股央企,股票型,恒生中国企业指数×100%,E,L,2018/10/22,,平安基金管理有限公司,fund_type/benchmark/name:hong_kong,,,,,,,
159976.SZ,工银瑞信粤港澳大湾区创新100ETF,Y,include:name_etf,宽基,其他,股票型,粤港澳大湾区创新100指数收益率×100%,E,L,2020/1/17,,工银瑞信基金管理有限公司,fund_type/benchmark/name:index_candidate,,,,,,,
510900.SH,易方达恒生中国企业ETF(QDII),Y,include:name_etf,港股,港股央企,股票型,恒生中国企业指数×100%,E,L,2012/10/22,,易方达基金管理有限公司,fund_type/benchmark/name:hong_kong,,,,,,,
512970.SH,平安中证粤港澳大湾区发展主题ETF,Y,include:name_etf,宽基,其他,股票型,中证粤港澳大湾区发展主题指数收益率×100%,E,L,2019/11/11,,平安基金管理有限公司,fund_type/benchmark/name:index_candidate,,,,,,,
513000.SH,易方达奥明日经225ETF(QDII),Y,include:name_etf,海外,海外,股票型,日经225指数收益率×100%,E,L,2019/6/25,,易方达基金管理有限公司,fund_type/benchmark/name:overseas,,,,,,,
513010.SH,易方达恒生科技ETF(QDII),Y,include:name_etf,港股,港股科技,股票型,恒生科技指数收益率×100%,E,L,2021/5/25,,易方达基金管理有限公司,fund_type/benchmark/name:hong_kong,,,,,,,
513020.SH,国泰中证港股通科技ETF,Y,include:name_etf,港股,港股科技,股票型,中证港股通科技指数(经估值汇率调整)收益率×100%,E,L,2022/2/8,,国泰基金管理有限公司,fund_type/benchmark/name:hong_kong,,,,,,,
513030.SH,华安国际龙头(DAX)ETF(QDII),Y,include:name_etf,海外,海外,股票型,德国法兰克福DAX指数×100%,E,L,2014/9/5,,华安基金管理有限公司,fund_type/benchmark/name:overseas,,,,,,,
513040.SH,易方达中证港股通互联网ETF,Y,include:name_etf,港股,港股科技,股票型,中证港股通互联网指数收益率(使用估值汇率折算)×100%,E,L,2023/6/12,,易方达基金管理有限公司,fund_type/benchmark/name:hong_kong,,,,,,,
513050.SH,易方达中证海外中国互联网50ETF(QDII),Y,include:name_etf,海外,海外,股票型,中证海外中国互联网50指数(人民币)×100%,E,L,2017/1/18,,易方达基金管理有限公司,fund_type/benchmark/name:overseas,,,,,,,
513060.SH,博时恒生医疗保健ETF(QDII),Y,include:name_etf,港股,港股医药,股票型,恒生医疗保健指数×100%,E,L,2021/3/29,,博时基金管理有限公司,fund_type/benchmark/name:hong_kong,,,,,,,
513070.SH,易方达中证港股通消费主题ETF,Y,include:name_etf,港股,港股消费,股票型,中证港股通消费主题指数收益率(使用估值汇率折算)×100%,E,L,2022/3/24,,易方达基金管理有限公司,fund_type/benchmark/name:hong_kong,,,,,,,
513080.SH,华安法国CAC40ETF(QDII),Y,include:name_etf,海外,海外,股票型,法国CAC40指数收益率(经汇率调整后)×100%,E,L,2020/6/12,,华安基金管理有限公司,fund_type/benchmark/name:overseas,,,,,,,
513090.SH,易方达中证香港证券投资主题ETF,Y,include:name_etf,港股,港股金融,股票型,中证香港证券投资主题指数收益率(使用估值汇率折算)×100%,E,L,2020/3/26,,易方达基金管理有限公司,fund_type/benchmark/name:hong_kong,,,,,,,
513100.SH,国泰纳斯达克100ETF(QDII),Y,include:name_etf,海外,海外,股票型,纳斯达克100指数×100%,E,L,2013/5/15,,国泰基金管理有限公司,fund_type/benchmark/name:overseas,,,,,,,
513110.SH,华泰柏瑞纳斯达克100ETF(QDII),Y,include:name_etf,海外,海外,股票型,纳斯达克100指数收益率(使用估值汇率折算)×100%,E,L,2023/3/20,,华泰柏瑞基金管理有限公司,fund_type/benchmark/name:overseas,,,,,,,
513120.SH,广发中证香港创新药ETF(QDII),Y,include:name_etf,港股,港股医药,股票型,中证香港创新药指数收益率×100%,E,L,2022/7/12,,广发基金管理有限公司,fund_type/benchmark/name:hong_kong,,,,,,,
513130.SH,华泰柏瑞南方东英恒生科技指数ETF(QDII),Y,include:name_etf,港股,港股科技,股票型,恒生科技指数收益率(使用估值汇率折算)×100%,E,L,2021/6/1,,华泰柏瑞基金管理有限公司,fund_type/benchmark/name:hong_kong,,,,,,,
513140.SH,华泰柏瑞中证港股通金融服务ETF(QDII),Y,include:name_etf,港股,港股金融,股票型,中证港股通金融服务指数收益率(使用估值汇率折算)×100%,E,L,2023/1/12,,华泰柏瑞基金管理有限公司,fund_type/benchmark/name:hong_kong,,,,,,,
513150.SH,华泰柏瑞中证港股通科技ETF,Y,include:name_etf,港股,港股科技,股票型,中证港股通科技指数收益率(使用估值汇率折算)×100%,E,L,2022/2/11,,华泰柏瑞基金管理有限公司,fund_type/benchmark/name:hong_kong,,,,,,,
513160.SH,银华恒生港股通中国科技ETF,Y,include:name_etf,港股,港股科技,股票型,恒生港股通中国科技指数收益率(经估值汇率调整)×100%,E,L,2022/2/9,,银华基金管理股份有限公司,fund_type/benchmark/name:hong_kong,,,,,,,
513170.SH,鹏华恒生中国央企ETF(QDII),Y,include:name_etf,港股,港股央企,股票型,恒生中国央企指数收益率(经汇率调整后)×100%,E,L,2024/4/19,,鹏华基金管理有限公司,fund_type/benchmark/name:hong_kong,,,,,,,
513180.SH,华夏恒生科技ETF(QDII),Y,include:name_etf,港股,港股科技,股票型,恒生科技指数收益率(使用估值汇率折算)×100%,E,L,2021/5/25,,华夏基金管理有限公司,fund_type/benchmark/name:hong_kong,,,,,,,
513190.SH,华夏中证港股通内地金融ETF,Y,include:name_etf,港股,港股金融,股票型,经估值汇率调整后的中证港股通内地金融指数收益率×100%,E,L,2023/10/11,,华夏基金管理有限公司,fund_type/benchmark/name:hong_kong,,,,,,,
513200.SH,易方达中证港股通医药卫生综合ETF,Y,include:name_etf,港股,港股医药,股票型,中证港股通医药卫生综合指数收益率(使用估值汇率折算)×100%,E,L,2022/2/11,,易方达基金管理有限公司,fund_type/benchmark/name:hong_kong,,,,,,,
513210.SH,易方达恒生ETF(QDII),Y,include:name_etf,港股,港股宽基,股票型,恒生指数收益率(使用估值汇率折算)×100%,E,L,2024/4/22,,易方达基金管理有限公司,fund_type/benchmark/name:hong_kong,,,,,,,
513220.SH,招商中证全球中国互联网ETF(QDII),Y,include:name_etf,海外,海外,股票型,中证全球中国互联网指数(人民币)收益率×100%,E,L,2022/7/15,,招商基金管理有限公司,fund_type/benchmark/name:overseas,,,,,,,
513230.SH,华夏中证港股通消费主题ETF,Y,include:name_etf,港股,港股消费,股票型,经估值汇率调整后的中证港股通消费主题指数收益率×100%,E,L,2022/1/24,,华夏基金管理有限公司,fund_type/benchmark/name:hong_kong,,,,,,,
513240.SH,华安中证港股通信息技术综合ETF,Y,include:name_etf,港股,港股科技,股票型,中证港股通信息技术综合指数(港元)收益率×100%,E,L,2026/5/8,,华安基金管理有限公司,fund_type/benchmark/name:hong_kong,,,,,,,
513260.SH,汇添富恒生科技ETF(QDII),Y,include:name_etf,港股,港股科技,股票型,经人民币汇率调整的恒生科技指数收益率×100%,E,L,2022/9/13,,汇添富基金管理股份有限公司,fund_type/benchmark/name:hong_kong,,,,,,,
513280.SH,汇添富恒生生物科技ETF(QDII),Y,include:name_etf,港股,港股科技,股票型,经人民币汇率调整的恒生生物科技指数收益率×100%,E,L,2022/7/18,,汇添富基金管理股份有限公司,fund_type/benchmark/name:hong_kong,,,,,,,
513290.SH,汇添富纳斯达克生物科技ETF(QDII),Y,include:name_etf,海外,海外,股票型,经人民币汇率调整的纳斯达克生物科技指数收益率×100%,E,L,2022/8/29,,汇添富基金管理股份有限公司,fund_type/benchmark/name:overseas,,,,,,,
513300.SH,华夏纳斯达克100ETF(QDII),Y,include:name_etf,海外,海外,股票型,经估值汇率调整后的纳斯达克100指数收益率×100%,E,L,2020/11/5,,华夏基金管理有限公司,fund_type/benchmark/name:overseas,,,,,,,
513310.SH,华泰柏瑞中证韩交所中韩半导体ETF(QDII),Y,include:name_etf,海外,海外,股票型,中证韩交所中韩半导体指数收益率×100%,E,L,2022/12/22,,华泰柏瑞基金管理有限公司,fund_type/benchmark/name:overseas,,,,,,,
513320.SH,易方达恒生港股通新经济ETF,Y,include:name_etf,港股,港股综合,股票型,恒生港股通新经济指数收益率(使用估值汇率折算)×100%,E,L,2022/3/21,,易方达基金管理有限公司,fund_type/benchmark/name:hong_kong,,,,,,,
513330.SH,华夏恒生互联网科技业ETF(QDII),Y,include:name_etf,港股,港股科技,股票型,恒生互联网科技业指数收益率(使用估值汇率折算)×100%,E,L,2021/2/8,,华夏基金管理有限公司,fund_type/benchmark/name:hong_kong,,,,,,,
513360.SH,博时中证全球中国教育主题ETF(QDII),Y,include:name_etf,海外,海外,股票型,中证全球中国教育主题指数×100%,E,L,2021/6/17,,博时基金管理有限公司,fund_type/benchmark/name:overseas,,,,,,,
513380.SH,广发恒生科技ETF(QDII),Y,include:name_etf,港股,港股科技,股票型,同期恒生科技指数收益率(人民币计价)×100%,E,L,2022/5/12,,广发基金管理有限公司,fund_type/benchmark/name:hong_kong,,,,,,,
513390.SH,博时纳斯达克100ETF(QDII),Y,include:name_etf,海外,海外,股票型,纳斯达克100指数收益率(经估值汇率调整)×100%,E,L,2023/5/8,,博时基金管理有限公司,fund_type/benchmark/name:overseas,,,,,,,
513400.SH,鹏华道琼斯工业平均ETF(QDII),Y,include:name_etf,海外,海外,股票型,道琼斯工业平均指数收益率(经汇率调整后)×100%,E,L,2024/2/2,,鹏华基金管理有限公司,fund_type/benchmark/name:overseas,,,,,,,
513500.SH,博时标普500ETF(QDII),Y,include:name_etf,海外,海外,股票型,标普500指数×100%,E,L,2014/1/15,,博时基金管理有限公司,fund_type/benchmark/name:overseas,,,,,,,
513520.SH,华夏野村日经225ETF(QDII),Y,include:name_etf,海外,海外,股票型,日经225指数收益率×100%,E,L,2019/6/25,,华夏基金管理有限公司,fund_type/benchmark/name:overseas,,,,,,,
513530.SH,华泰柏瑞中证港股通高股息投资ETF(QDII),Y,include:name_etf,港股,港股红利,股票型,中证港股通高股息投资指数收益率×100%,E,L,2022/4/25,,华泰柏瑞基金管理有限公司,fund_type/benchmark/name:hong_kong,,,,,,,
513550.SH,华泰柏瑞中证港股通50ETF,Y,include:name_etf,港股,港股宽基,股票型,中证港股通50指数收益率(使用估值汇率折算)×100%,E,L,2021/1/13,,华泰柏瑞基金管理有限公司,fund_type/benchmark/name:hong_kong,,,,,,,
513560.SH,兴银中证港股通科技ETF,Y,include:name_etf,港股,港股科技,股票型,中证港股通科技指数收益率×100%,E,L,2023/2/13,,兴银基金管理有限责任公司,fund_type/benchmark/name:hong_kong,,,,,,,
513580.SH,华安恒生科技ETF(QDII),Y,include:name_etf,港股,港股科技,股票型,恒生科技指数收益率×100%,E,L,2021/5/27,,华安基金管理有限公司,fund_type/benchmark/name:hong_kong,,,,,,,
513590.SH,鹏华中证港股通消费主题ETF,Y,include:name_etf,港股,港股消费,股票型,中证港股通消费主题指数收益率×100%,E,L,2021/8/19,,鹏华基金管理有限公司,fund_type/benchmark/name:hong_kong,,,,,,,
513600.SH,南方恒生ETF(QDII),Y,include:name_etf,港股,港股宽基,股票型,香港恒生指数×100%,E,L,2015/1/26,,南方基金管理股份有限公司,fund_type/benchmark/name:hong_kong,,,,,,,
513620.SH,银华中证港股通医疗主题ETF,Y,include:name_etf,港股,港股医药,股票型,中证港股通医疗主题指数(港元)收益率×100%,E,L,2026/5/18,,银华基金管理股份有限公司,fund_type/benchmark/name:hong_kong,,,,,,,
513630.SH,摩根标普港股通低波红利ETF,Y,include:name_etf,港股,港股红利,股票型,标普港股通低波红利指数×100%,E,L,2023/12/8,,摩根基金管理(中国)有限公司,fund_type/benchmark/name:hong_kong,,,,,,,
513650.SH,南方标普500ETF(QDII),Y,include:name_etf,海外,海外,股票型,标普500指数收益率×100%,E,L,2023/4/4,,南方基金管理股份有限公司,fund_type/benchmark/name:overseas,,,,,,,
513660.SH,华夏沪港通恒生ETF,Y,include:name_etf,港股,港股宽基,股票型,香港恒生指数×100%,E,L,2015/1/26,,华夏基金管理有限公司,fund_type/benchmark/name:hong_kong,,,,,,,
513690.SH,博时恒生港股通高股息率ETF,Y,include:name_etf,港股,港股红利,股票型,恒生港股通高股息率指数收益率(经估值汇率调整后)×100%,E,L,2021/5/20,,博时基金管理有限公司,fund_type/benchmark/name:hong_kong,,,,,,,
513700.SH,鹏华中证港股通医药卫生综合ETF,Y,include:name_etf,港股,港股医药,股票型,中证港股通医药卫生综合指数收益率×100%,E,L,2021/8/6,,鹏华基金管理有限公司,fund_type/benchmark/name:hong_kong,,,,,,,
513720.SH,国泰中证港股通互联网ETF,Y,include:name_etf,港股,港股科技,股票型,中证港股通互联网指数收益率(经汇率调整)×100%,E,L,2026/1/9,,国泰基金管理有限公司,fund_type/benchmark/name:hong_kong,,,,,,,
513730.SH,华泰柏瑞南方东英新交所泛东南亚科技ETF(QDII),Y,include:name_etf,海外,海外,股票型,新交所泛东南亚科技指数收益率(使用估值汇率折算)×100%,E,L,2023/12/1,,华泰柏瑞基金管理有限公司,fund_type/benchmark/name:overseas,,,,,,,
513750.SH,广发中证港股通非银行金融主题ETF,Y,include:name_etf,港股,港股金融,股票型,中证港股通非银行金融主题指数收益率×100%,E,L,2023/11/27,,广发基金管理有限公司,fund_type/benchmark/name:hong_kong,,,,,,,
513770.SH,华宝中证港股通互联网ETF,Y,include:name_etf,港股,港股科技,股票型,中证港股通互联网指数收益率×100%,E,L,2022/2/18,,华宝基金管理有限公司,fund_type/benchmark/name:hong_kong,,,,,,,
513780.SH,景顺长城中证港股通创新药ETF,Y,include:name_etf,港股,港股医药,股票型,中证港股通创新药指数收益率(使用估值汇率调整)×100%,E,L,2024/10/25,,景顺长城基金管理有限公司,fund_type/benchmark/name:hong_kong,,,,,,,
513800.SH,南方顶峰TOPIXETF(QDII),Y,include:name_etf,海外,海外,股票型,经估值汇率调整的东证指数收益率×100%,E,L,2019/6/25,,南方基金管理股份有限公司,fund_type/benchmark/name:overseas,,,,,,,
513810.SH,华夏中证香港内地国有企业ETF(QDII),Y,include:name_etf,港股,港股综合,股票型,中证香港内地国有企业指数收益率(使用估值汇率折算)×100%,E,L,2023/9/1,,华夏基金管理有限公司,fund_type/benchmark/name:hong_kong,,,,,,,
513820.SH,汇添富中证港股通高股息投资ETF,Y,include:name_etf,港股,港股红利,股票型,中证港股通高股息投资指数收益率(经估值汇率调整后)×100%,E,L,2024/5/16,,汇添富基金管理股份有限公司,fund_type/benchmark/name:hong_kong,,,,,,,
513830.SH,嘉实中证港股通高股息投资ETF,Y,include:name_etf,港股,港股红利,股票型,经估值汇率调整后的中证港股通高股息投资指数收益率×100%,E,L,2025/3/7,,嘉实基金管理有限公司,fund_type/benchmark/name:hong_kong,,,,,,,
513850.SH,易方达MSCI美国50ETF(QDII),Y,include:name_etf,海外,海外,股票型,MSCI美国50指数收益率(使用估值汇率折算)×100%,E,L,2023/11/17,,易方达基金管理有限公司,fund_type/benchmark/name:overseas,,,,,,,
513860.SH,海富通中证港股通科技ETF,Y,include:name_etf,港股,港股科技,股票型,中证港股通科技指数收益率×100%,E,L,2021/7/2,,海富通基金管理有限公司,fund_type/benchmark/name:hong_kong,,,,,,,
513870.SH,富国纳斯达克100ETF(QDII),Y,include:name_etf,海外,海外,股票型,纳斯达克100指数收益率(经汇率调整后)×100%,E,L,2023/11/2,,富国基金管理有限公司,fund_type/benchmark/name:overseas,,,,,,,
513880.SH,华安三菱日联日经225ETF(QDII),Y,include:name_etf,海外,海外,股票型,日经225指数收益率(经汇率调整后)×100%,E,L,2019/6/25,,华安基金管理有限公司,fund_type/benchmark/name:overseas,,,,,,,
513890.SH,摩根恒生科技ETF(QDII),Y,include:name_etf,港股,港股科技,股票型,恒生科技指数(HSTECH)(经估值汇率调整)收益率×100%,E,L,2022/1/21,,摩根基金管理(中国)有限公司,fund_type/benchmark/name:hong_kong,,,,,,,
513900.SH,华安CES港股通精选100ETF,Y,include:name_etf,港股,港股综合,股票型,中华交易服务港股通精选100指数收益率(经汇率调整)×100%,E,L,2018/5/25,,华安基金管理有限公司,fund_type/benchmark/name:hong_kong,,,,,,,
513910.SH,华夏中证港股通央企红利ETF,Y,include:name_etf,港股,港股红利,股票型,经估值汇率调整后的中证港股通央企红利指数收益率×100%,E,L,2024/3/4,,华夏基金管理有限公司,fund_type/benchmark/name:hong_kong,,,,,,,
513920.SH,华安恒生港股通中国央企红利ETF,Y,include:name_etf,港股,港股红利,股票型,恒生港股通中国央企红利指数收益率(经汇率调整)×100%,E,L,2024/1/5,,华安基金管理有限公司,fund_type/benchmark/name:hong_kong,,,,,,,
513930.SH,华泰柏瑞恒生生物科技ETF,Y,include:name_etf,港股,港股科技,股票型,恒生生物科技指数收益率(使用估值汇率折算)×100%,E,L,2026/3/18,,华泰柏瑞基金管理有限公司,fund_type/benchmark/name:hong_kong,,,,,,,
513950.SH,富国恒生港股通高股息低波动ETF(QDII),Y,include:name_etf,港股,港股红利,股票型,恒生港股通高股息低波动指数收益率(使用估值汇率折算)×100%,E,L,2023/4/28,,富国基金管理有限公司,fund_type/benchmark/name:hong_kong,,,,,,,
513970.SH,景顺长城恒生消费ETF(QDII),Y,include:name_etf,港股,港股消费,股票型,恒生消费指数收益率(使用估值汇率折算)×100%,E,L,2023/4/21,,景顺长城基金管理有限公司,fund_type/benchmark/name:hong_kong,,,,,,,
513980.SH,景顺长城中证港股通科技ETF,Y,include:name_etf,港股,港股科技,股票型,中证港股通科技指数收益率(使用估值汇率折算)×100%,E,L,2021/7/2,,景顺长城基金管理有限公司,fund_type/benchmark/name:hong_kong,,,,,,,
513990.SH,招商上证港股通ETF,Y,include:name_etf,港股,港股综合,股票型,上证港股通指数收益率×100%,E,L,2020/8/18,,招商基金管理有限公司,fund_type/benchmark/name:hong_kong,,,,,,,
515450.SH,南方标普中国A股大盘红利低波50ETF,Y,include:name_etf,海外,海外,股票型,标普中国A股大盘红利低波50指数×100%,E,L,2020/2/26,,南方基金管理股份有限公司,fund_type/benchmark/name:overseas,,,,,,,
517000.SH,银华中证沪港深500ETF,Y,include:name_etf,港股,港股宽基,股票型,中证沪港深500指数收益率×100%,E,L,2021/3/5,,银华基金管理股份有限公司,fund_type/benchmark/name:hong_kong,,,,,,,
517010.SH,易方达中证沪港深500ETF,Y,include:name_etf,港股,港股宽基,股票型,中证沪港深500指数收益率×100%,E,L,2021/8/12,,易方达基金管理有限公司,fund_type/benchmark/name:hong_kong,,,,,,,
517030.SH,易方达中证沪港深300ETF,Y,include:name_etf,港股,港股宽基,股票型,中证沪港深300指数收益率×100%,E,L,2021/9/27,,易方达基金管理有限公司,fund_type/benchmark/name:hong_kong,,,,,,,
517050.SH,华泰柏瑞中证沪港深互联网ETF,Y,include:name_etf,港股,港股科技,股票型,中证沪港深互联网指数收益率×100%,E,L,2021/2/8,,华泰柏瑞基金管理有限公司,fund_type/benchmark/name:hong_kong,,,,,,,
517080.SH,汇添富中证沪港深500ETF,Y,include:name_etf,港股,港股宽基,股票型,中证沪港深500指数收益率×100%,E,L,2021/2/22,,汇添富基金管理股份有限公司,fund_type/benchmark/name:hong_kong,,,,,,,
517100.SH,富国中证沪港深500ETF,Y,include:name_etf,港股,港股宽基,股票型,中证沪港深500指数收益率×100%,E,L,2021/3/2,,富国基金管理有限公司,fund_type/benchmark/name:hong_kong,,,,,,,
517110.SH,国泰中证沪港深创新药产业ETF,Y,include:name_etf,港股,港股医药,股票型,中证沪港深创新药产业指数收益率×100%,E,L,2021/9/30,,国泰基金管理有限公司,fund_type/benchmark/name:hong_kong,,,,,,,
517120.SH,华泰柏瑞中证沪港深创新药产业ETF,Y,include:name_etf,港股,港股医药,股票型,中证沪港深创新药产业指数×100%,E,L,2021/7/19,,华泰柏瑞基金管理有限公司,fund_type/benchmark/name:hong_kong,,,,,,,
517130.SH,嘉实中证沪港深云计算产业ETF,Y,include:name_etf,港股,港股科技,股票型,中证沪港深云计算产业指数(人民币)收益率×100%,E,L,2026/6/1,,嘉实基金管理有限公司,fund_type/benchmark/name:hong_kong,,,,,,,
517170.SH,华夏中证沪港深500ETF,Y,include:name_etf,港股,港股宽基,股票型,中证沪港深500指数收益率×100%,E,L,2021/4/20,,华夏基金管理有限公司,fund_type/benchmark/name:hong_kong,,,,,,,
517200.SH,嘉实中证沪港深互联网ETF,Y,include:name_etf,港股,港股科技,股票型,中证沪港深互联网指数收益率×100%,E,L,2021/2/8,,嘉实基金管理有限公司,fund_type/benchmark/name:hong_kong,,,,,,,
517300.SH,国寿安保中证沪港深300ETF,Y,include:name_etf,港股,港股宽基,股票型,中证沪港深300指数×100%,E,L,2021/2/24,,国寿安保基金管理有限公司,fund_type/benchmark/name:hong_kong,,,,,,,
517350.SH,广发中证沪港深科技龙头ETF,Y,include:name_etf,港股,港股科技,股票型,中证沪港深科技龙头指数×100%,E,L,2021/6/3,,广发基金管理有限公司,fund_type/benchmark/name:hong_kong,,,,,,,
517360.SH,华安中证沪港深科技100ETF,Y,include:name_etf,港股,港股科技,股票型,中证沪港深科技100指数收益率×100%,E,L,2021/7/5,,华安基金管理有限公司,fund_type/benchmark/name:hong_kong,,,,,,,
517380.SH,天弘恒生沪深港创新药精选50ETF,Y,include:name_etf,港股,港股医药,股票型,恒生沪深港创新药精选50指数收益率×100%,E,L,2021/8/9,,天弘基金管理有限公司,fund_type/benchmark/name:hong_kong,,,,,,,
517390.SH,天弘中证沪港深云计算产业ETF,Y,include:name_etf,港股,港股科技,股票型,中证沪港深云计算产业指数×100%,E,L,2021/12/23,,天弘基金管理有限公司,fund_type/benchmark/name:hong_kong,,,,,,,
517550.SH,招商中证沪港深消费龙头ETF,Y,include:name_etf,港股,港股消费,股票型,中证沪港深消费龙头指数(人民币)收益率×100%,E,L,2022/2/8,,招商基金管理有限公司,fund_type/benchmark/name:hong_kong,,,,,,,
517660.SH,天弘中证沪港深物联网主题ETF,Y,include:name_etf,港股,港股科技,股票型,中证沪港深物联网主题指数×100%,E,L,2021/10/25,,天弘基金管理有限公司,fund_type/benchmark/name:hong_kong,,,,,,,
517770.SH,浦银安盛中证沪港深游戏及文化传媒ETF,Y,include:name_etf,港股,港股消费,股票型,中证沪港深游戏及文化传媒指数收益率×100%,E,L,2021/12/3,,浦银安盛基金管理有限公司,fund_type/benchmark/name:hong_kong,,,,,,,
517800.SH,方正富邦中证沪港深人工智能50ETF,Y,include:name_etf,港股,港股科技,股票型,中证沪港深人工智能50指数收益率×100%,E,L,2021/8/26,,方正富邦基金管理有限公司,fund_type/benchmark/name:hong_kong,,,,,,,
517850.SH,汇添富中证沪港深张江自主创新50ETF,Y,include:name_etf,港股,港股综合,股票型,中证沪港深张江自主创新50指数收益率×100%,E,L,2022/5/16,,汇添富基金管理股份有限公司,fund_type/benchmark/name:hong_kong,,,,,,,
517880.SH,华泰柏瑞中证沪港深品牌消费50ETF,Y,include:name_etf,港股,港股消费,股票型,中证沪港深品牌消费50指数收益率×100%,E,L,2021/12/1,,华泰柏瑞基金管理有限公司,fund_type/benchmark/name:hong_kong,,,,,,,
517950.SH,交银中证智选沪深港科技50ETF,Y,include:name_etf,科技,科技综合,股票型,中证智选沪深港科技50指数收益率×100%,E,L,2025/12/18,,交银施罗德基金管理有限公司,fund_type/benchmark/name:technology,,,,,,,
517990.SH,招商中证沪港深500医药卫生ETF,Y,include:name_etf,港股,港股医药,股票型,中证沪港深500医药卫生指数(人民币)收益率×100%,E,L,2022/5/19,,招商基金管理有限公司,fund_type/benchmark/name:hong_kong,,,,,,,
520500.SH,华泰柏瑞恒生创新药ETF(QDII),Y,include:name_etf,港股,港股医药,股票型,恒生创新药指数收益率×100%,E,L,2024/12/27,,华泰柏瑞基金管理有限公司,fund_type/benchmark/name:hong_kong,,,,,,,
520510.SH,华夏中证港股通医疗主题ETF,Y,include:name_etf,港股,港股医药,股票型,中证港股通医疗主题指数收益率×100%,E,L,2025/8/7,,华夏基金管理有限公司,fund_type/benchmark/name:hong_kong,,,,,,,
520520.SH,华泰柏瑞恒生消费ETF(QDII),Y,include:name_etf,港股,港股消费,股票型,恒生消费指数收益率(使用估值汇率折算)×100%,E,L,2024/11/1,,华泰柏瑞基金管理有限公司,fund_type/benchmark/name:hong_kong,,,,,,,
520530.SH,东财中证港股通科技ETF,Y,include:name_etf,港股,港股科技,股票型,中证港股通科技指数收益率×100%,E,L,2025/12/8,,东财基金管理有限公司,fund_type/benchmark/name:hong_kong,,,,,,,
520550.SH,招商恒生港股通高股息低波动ETF,Y,include:name_etf,港股,港股红利,股票型,恒生港股通高股息低波动指数收益率(经汇率调整后)×100%,E,L,2025/1/24,,招商基金管理有限公司,fund_type/benchmark/name:hong_kong,,,,,,,
520560.SH,华宝港股通恒生中国(香港上市)30ETF,Y,include:name_etf,港股,港股综合,股票型,经人民币汇率调整的恒生中国(香港上市)30指数收益率×100%,E,L,2025/10/13,,华宝基金管理有限公司,fund_type/benchmark/name:hong_kong,,,,,,,
520570.SH,南方恒生科技ETF(QDII),Y,include:name_etf,港股,港股科技,股票型,恒生科技指数×100%,E,L,2025/11/17,,南方基金管理股份有限公司,fund_type/benchmark/name:hong_kong,,,,,,,
520580.SH,招商利安新兴亚洲精选ETF(QDII),Y,include:name_etf,海外,海外,股票型,新交所新兴亚洲精选50指数收益率(经估值汇率调整)×100%,E,L,2025/2/20,,招商基金管理有限公司,fund_type/benchmark/name:overseas,,,,,,,
520590.SH,鹏华恒生科技ETF(QDII),Y,include:name_etf,港股,港股科技,股票型,恒生科技指数收益率×100%,E,L,2025/12/1,,鹏华基金管理有限公司,fund_type/benchmark/name:hong_kong,,,,,,,
520600.SH,广发中证港股通汽车产业主题ETF,Y,include:name_etf,港股,港股汽车,股票型,中证港股通汽车产业主题指数收益率(使用估值汇率折算)×100%,E,L,2024/12/30,,广发基金管理有限公司,fund_type/benchmark/name:hong_kong,,,,,,,
520610.SH,银华标普港股通低波红利ETF,Y,include:name_etf,港股,港股红利,股票型,标普港股通低波红利指数×100%,E,L,2026/2/9,,银华基金管理股份有限公司,fund_type/benchmark/name:hong_kong,,,,,,,
520620.SH,嘉实恒生消费ETF,Y,include:name_etf,港股,港股消费,股票型,经估值汇率调整后的恒生消费指数收益率×100%,E,L,2025/8/19,,嘉实基金管理有限公司,fund_type/benchmark/name:hong_kong,,,,,,,
520630.SH,广发中证港股通互联网ETF,Y,include:name_etf,港股,港股科技,股票型,中证港股通互联网指数收益率(使用估值汇率折算)×100%,E,L,2025/12/22,,广发基金管理有限公司,fund_type/benchmark/name:hong_kong,,,,,,,
520650.SH,南方中证港股通互联网ETF,Y,include:name_etf,港股,港股科技,股票型,中证港股通互联网指数(经估值汇率调整后)收益率×100%,E,L,2025/11/10,,南方基金管理股份有限公司,fund_type/benchmark/name:hong_kong,,,,,,,
520660.SH,南方中证国新港股通央企红利ETF,Y,include:name_etf,港股,港股红利,股票型,中证国新港股通央企红利指数(人民币中间价)收益率×100%,E,L,2024/7/10,,南方基金管理股份有限公司,fund_type/benchmark/name:hong_kong,,,,,,,
520670.SH,嘉实恒生港股通科技主题ETF,Y,include:name_etf,港股,港股科技,股票型,经估值汇率调整后的恒生港股通科技主题指数收益率×100%,E,L,2025/8/19,,嘉实基金管理有限公司,fund_type/benchmark/name:hong_kong,,,,,,,
520680.SH,南方中证港股通汽车产业主题ETF,Y,include:name_etf,港股,港股汽车,股票型,中证港股通汽车产业主题指数(人民币)收益率×100%,E,L,2026/3/26,,南方基金管理股份有限公司,fund_type/benchmark/name:hong_kong,,,,,,,
520690.SH,博时恒生港股通创新药精选ETF,Y,include:name_etf,港股,港股医药,股票型,恒生港股通创新药精选指数收益率(经估值汇率调整后)×100%,E,L,2025/8/1,,博时基金管理有限公司,fund_type/benchmark/name:hong_kong,,,,,,,
520700.SH,万家中证港股通创新药ETF,Y,include:name_etf,港股,港股医药,股票型,中证港股通创新药指数收益率(经估值汇率调整)×100%,E,L,2024/10/14,,万家基金管理有限公司,fund_type/benchmark/name:hong_kong,,,,,,,
520710.SH,广发中证港股通信息技术综合ETF,Y,include:name_etf,港股,港股科技,股票型,中证港股通信息技术综合指数(港元)收益率×100%,E,L,2026/6/1,,广发基金管理有限公司,fund_type/benchmark/name:hong_kong,,,,,,,
520720.SH,国泰中证港股通汽车产业主题ETF,Y,include:name_etf,港股,港股汽车,股票型,中证港股通汽车产业主题指数收益率(经估值汇率调整)×100%,E,L,2025/9/25,,国泰基金管理有限公司,fund_type/benchmark/name:hong_kong,,,,,,,
520730.SH,万家恒生港股通汽车主题ETF,Y,include:name_etf,港股,港股汽车,股票型,恒生港股通汽车主题指数收益率×100%,E,L,2026/5/15,,万家基金管理有限公司,fund_type/benchmark/name:hong_kong,,,,,,,
520760.SH,摩根恒生生物科技ETF,Y,include:name_etf,港股,港股科技,股票型,恒生生物科技指数收益率(经汇率调整后)×100%,E,L,2026/3/2,,摩根基金管理(中国)有限公司,fund_type/benchmark/name:hong_kong,,,,,,,
520770.SH,建信恒指港股通ETF,Y,include:name_etf,港股,港股宽基,股票型,恒指港股通指数收益率(经汇率调整)×100%,E,L,2026/1/26,,建信基金管理有限责任公司,fund_type/benchmark/name:hong_kong,,,,,,,
520780.SH,华宝中证港股通汽车产业主题ETF,Y,include:name_etf,港股,港股汽车,股票型,经人民币汇率调整的中证港股通汽车产业主题指数收益率×100%,E,L,2025/12/29,,华宝基金管理有限公司,fund_type/benchmark/name:hong_kong,,,,,,,
520790.SH,兴业中证港股通互联网ETF,Y,include:name_etf,港股,港股科技,股票型,中证港股通互联网指数收益率(经汇率调整)×100%,E,L,2026/3/30,,兴业基金管理有限公司,fund_type/benchmark/name:hong_kong,,,,,,,
520810.SH,易方达中证港股通高股息投资ETF,Y,include:name_etf,港股,港股红利,股票型,中证港股通高股息投资指数收益率(使用估值汇率折算)×100%,E,L,2026/1/12,,易方达基金管理有限公司,fund_type/benchmark/name:hong_kong,,,,,,,
520820.SH,汇添富恒指港股通ETF,Y,include:name_etf,港股,港股宽基,股票型,恒指港股通指数收益率(经估值汇率调整后)×100%,E,L,2025/12/15,,汇添富基金管理股份有限公司,fund_type/benchmark/name:hong_kong,,,,,,,
520830.SH,华泰柏瑞南方东英沙特阿拉伯ETF(QDII),Y,include:name_etf,海外,海外,股票型,富时沙特阿拉伯指数收益率(使用估值汇率折算)×100%,E,L,2024/7/16,,华泰柏瑞基金管理有限公司,fund_type/benchmark/name:overseas,,,,,,,
520840.SH,华安恒生港股通科技主题ETF,Y,include:name_etf,港股,港股科技,股票型,恒生港股通科技主题指数收益率(经汇率调整)×100%,E,L,2025/8/25,,华安基金管理有限公司,fund_type/benchmark/name:hong_kong,,,,,,,
520850.SH,易方达中证港股通医疗主题ETF,Y,include:name_etf,港股,港股医药,股票型,中证港股通医疗主题指数收益率(使用估值汇率折算)×100%,E,L,2026/1/19,,易方达基金管理有限公司,fund_type/benchmark/name:hong_kong,,,,,,,
520860.SH,富国中证港股通科技ETF,Y,include:name_etf,港股,港股科技,股票型,中证港股通科技指数收益率(使用估值汇率折算)×100%,E,L,2025/7/25,,富国基金管理有限公司,fund_type/benchmark/name:hong_kong,,,,,,,
520870.SH,易方达伊塔乌巴西IBOVESPAETF(QDII),Y,include:name_etf,海外,海外,股票型,巴西IBOVESPA指数收益率(使用估值汇率折算)×100%,E,L,2025/11/13,,易方达基金管理有限公司,fund_type/benchmark/name:overseas,,,,,,,
520880.SH,华宝恒生港股通创新药精选ETF,Y,include:name_etf,港股,港股医药,股票型,人民币汇率调整的恒生港股通创新药精选指数收益率×100%,E,L,2025/7/7,,华宝基金管理有限公司,fund_type/benchmark/name:hong_kong,,,,,,,
520890.SH,华泰柏瑞恒生港股通高股息低波动ETF,Y,include:name_etf,港股,港股红利,股票型,恒生港股通高股息低波动指数收益率(使用估值汇率折算)×100%,E,L,2024/9/20,,华泰柏瑞基金管理有限公司,fund_type/benchmark/name:hong_kong,,,,,,,
520900.SH,广发中证国新港股通央企红利ETF,Y,include:name_etf,港股,港股红利,股票型,中证国新港股通央企红利指数同期收益率(使用估值汇率折算)×100%,E,L,2024/7/10,,广发基金管理有限公司,fund_type/benchmark/name:hong_kong,,,,,,,
520910.SH,华夏中证港股通互联网ETF,Y,include:name_etf,港股,港股科技,股票型,中证港股通互联网指数收益率(经汇率调整)×100%,E,L,2026/2/2,,华夏基金管理有限公司,fund_type/benchmark/name:hong_kong,,,,,,,
520920.SH,天弘恒生科技ETF(QDII),Y,include:name_etf,港股,港股科技,股票型,恒生科技指数收益率(经估值汇率调整)×100%,E,L,2025/9/30,,天弘基金管理有限公司,fund_type/benchmark/name:hong_kong,,,,,,,
520930.SH,国泰恒生生物科技ETF,Y,include:name_etf,港股,港股科技,股票型,恒生生物科技指数收益率×100%,E,L,2026/2/24,,国泰基金管理有限公司,fund_type/benchmark/name:hong_kong,,,,,,,
520940.SH,华安恒指港股通ETF,Y,include:name_etf,港股,港股宽基,股票型,恒指港股通指数收益率(经汇率调整)×100%,E,L,2025/6/9,,华安基金管理有限公司,fund_type/benchmark/name:hong_kong,,,,,,,
520950.SH,摩根恒生港股通50ETF,Y,include:name_etf,港股,港股宽基,股票型,恒生港股通50指数收益率(经汇率调整后)×100%,E,L,2025/11/25,,摩根基金管理(中国)有限公司,fund_type/benchmark/name:hong_kong,,,,,,,
520960.SH,嘉实恒指港股通ETF,Y,include:name_etf,港股,港股宽基,股票型,经估值汇率调整后的恒指港股通指数收益率×100%,E,L,2025/10/31,,嘉实基金管理有限公司,fund_type/benchmark/name:hong_kong,,,,,,,
520970.SH,嘉实中证港股通创新药ETF,Y,include:name_etf,港股,港股医药,股票型,中证港股通创新药指数收益率×100%,E,L,2025/8/7,,嘉实基金管理有限公司,fund_type/benchmark/name:hong_kong,,,,,,,
520980.SH,汇添富恒生港股通中国科技ETF,Y,include:name_etf,港股,港股科技,股票型,恒生港股通中国科技指数收益率(经估值汇率调整后)×100%,E,L,2025/7/2,,汇添富基金管理股份有限公司,fund_type/benchmark/name:hong_kong,,,,,,,
520990.SH,景顺长城中证国新港股通央企红利ETF,Y,include:name_etf,港股,港股红利,股票型,中证国新港股通央企红利指数收益率(使用估值汇率折算)×100%,E,L,2024/7/10,,景顺长城基金管理有限公司,fund_type/benchmark/name:hong_kong,,,,,,,
526000.SH,华夏中证港股通信息技术综合ETF,Y,include:name_etf,港股,港股科技,股票型,中证港股通信息技术综合指数(港元)收益率×100%,E,L,2026/4/10,,华夏基金管理有限公司,fund_type/benchmark/name:hong_kong,,,,,,,
526010.SH,汇添富中证港股通医疗主题ETF,Y,include:name_etf,港股,港股医药,股票型,中证港股通医疗主题指数(港元)收益率×100%,E,L,2026/4/17,,汇添富基金管理股份有限公司,fund_type/benchmark/name:hong_kong,,,,,,,
526030.SH,汇添富中证港股通信息技术综合ETF,Y,include:name_etf,港股,港股科技,股票型,中证港股通信息技术综合指数(港元)收益率×100%,E,L,2026/6/26,,汇添富基金管理股份有限公司,fund_type/benchmark/name:hong_kong,,,,,,,
526050.SH,招商中证港股通信息技术综合ETF,Y,include:name_etf,港股,港股科技,股票型,中证港股通信息技术综合指数(港元)收益率×100%,E,L,2026/4/30,,招商基金管理有限公司,fund_type/benchmark/name:hong_kong,,,,,,,
526070.SH,博时恒指港股通ETF,Y,include:name_etf,港股,港股宽基,股票型,恒指港股通指数收益率×100%,E,L,2026/5/29,,博时基金管理有限公司,fund_type/benchmark/name:hong_kong,,,,,,,
560390.SH,易方达恒生A股电网设备ETF,Y,include:name_etf,港股,港股新能源,股票型,恒生A股电网设备指数收益率×100%,E,L,2026/3/4,,易方达基金管理有限公司,fund_type/benchmark/name:hong_kong,,,,,,,
561380.SH,国泰恒生A股电网设备ETF,Y,include:name_etf,港股,港股新能源,股票型,恒生A股电网设备指数收益率×100%,E,L,2024/12/23,,国泰基金管理有限公司,fund_type/benchmark/name:hong_kong,,,,,,,
562060.SH,华宝标普中国A股红利机会ETF,Y,include:name_etf,海外,海外,股票型,标普中国A股红利机会指数收益率×100%,E,L,2023/12/28,,华宝基金管理有限公司,fund_type/benchmark/name:overseas,,,,,,,
563210.SH,富国恒生A股专精特新企业ETF,Y,include:name_etf,港股,港股综合,股票型,恒生A股专精特新企业指数收益率×100%,E,L,2025/1/24,,富国基金管理有限公司,fund_type/benchmark/name:hong_kong,,,,,,,
159013.SZ,大成中证工业互联网主题ETF,Y,include:name_etf,科技,人工智能,股票型,中证工业互联网主题指数收益率×100%,E,L,2026/4/28,,大成基金管理有限公司,fund_type/benchmark/name:technology,,,,,,,
159022.SZ,富国中证科创创业人工智能ETF,Y,include:name_etf,宽基,创业板,股票型,中证科创创业人工智能指数收益率×100%,E,L,2026/4/24,,富国基金管理有限公司,fund_type/benchmark/name:broad_index,,,,,,,
159035.SZ,天弘中证软件服务ETF,Y,include:name_etf,科技,软件,股票型,中证软件服务指数收益率×100%,E,L,2026/5/15,,天弘基金管理有限公司,fund_type/benchmark/name:technology,,,,,,,
159036.SZ,华宝中证全指软件开发ETF,Y,include:name_etf,科技,软件,股票型,中证全指软件开发指数收益率×100%,E,L,2026/6/11,,华宝基金管理有限公司,sw2021:index_classify,,801104.SI,软件开发,L2,710000,软件开发,sw2021:industry_name
159107.SZ,富国创业板软件ETF,Y,include:name_etf,宽基,创业板,股票型,创业板软件指数收益率×100%,E,L,2025/9/22,,富国基金管理有限公司,fund_type/benchmark/name:broad_index,,,,,,,
159108.SZ,博时国证工业软件主题ETF,Y,include:name_etf,科技,软件,股票型,国证工业软件主题指数收益率×100%,E,L,2025/11/24,,博时基金管理有限公司,fund_type/benchmark/name:technology,,,,,,,
159139.SZ,华泰柏瑞中证科创创业人工智能ETF,Y,include:name_etf,宽基,创业板,股票型,中证科创创业人工智能指数收益率×100%,E,L,2025/12/19,,华泰柏瑞基金管理有限公司,fund_type/benchmark/name:broad_index,,,,,,,
159140.SZ,易方达中证科创创业人工智能ETF,Y,include:name_etf,宽基,创业板,股票型,中证科创创业人工智能指数收益率×100%,E,L,2025/12/18,,易方达基金管理有限公司,fund_type/benchmark/name:broad_index,,,,,,,
159141.SZ,永赢中证科创创业人工智能ETF,Y,include:name_etf,宽基,创业板,股票型,中证科创创业人工智能指数收益率×100%,E,L,2025/12/11,,永赢基金管理有限公司,fund_type/benchmark/name:broad_index,,,,,,,
159142.SZ,景顺长城中证科创创业人工智能ETF,Y,include:name_etf,宽基,创业板,股票型,中证科创创业人工智能指数收益率×100%,E,L,2025/12/12,,景顺长城基金管理有限公司,fund_type/benchmark/name:broad_index,,,,,,,
159145.SZ,广发国证工业软件主题ETF,Y,include:name_etf,科技,软件,股票型,国证工业软件主题指数收益率×100%,E,L,2026/1/19,,广发基金管理有限公司,fund_type/benchmark/name:technology,,,,,,,
159153.SZ,鹏华国证消费电子主题ETF,Y,include:name_etf,科技,消费电子,股票型,国证消费电子主题指数收益率×100%,E,L,2026/2/9,,鹏华基金管理有限公司,sw2021:index_classify,,801085.SI,消费电子,L2,270000,消费电子,sw2021:industry_name
159178.SZ,汇添富国证消费电子主题ETF,Y,include:name_etf,科技,消费电子,股票型,国证消费电子主题指数收益率×100%,E,L,2026/4/28,,汇添富基金管理股份有限公司,sw2021:index_classify,,801085.SI,消费电子,L2,270000,消费电子,sw2021:industry_name
159180.SZ,银华国证工业软件主题ETF,Y,include:name_etf,科技,软件,股票型,国证工业软件主题指数收益率×100%,E,L,2026/4/3,,银华基金管理股份有限公司,fund_type/benchmark/name:technology,,,,,,,
159206.SZ,永赢国证商用卫星通信产业ETF,Y,include:name_etf,国防军工,航空航天,股票型,国证商用卫星通信产业指数收益率×100%,E,L,2025/3/14,,永赢基金管理有限公司,sw2021:index_classify,,801770.SI,通信,L1,0,通信,sw2021:industry_name
159242.SZ,大成创业板人工智能ETF,Y,include:name_etf,宽基,创业板,股票型,创业板人工智能指数收益率×100%,E,L,2025/7/24,,大成基金管理有限公司,fund_type/benchmark/name:broad_index,,,,,,,
159243.SZ,招商创业板人工智能ETF,Y,include:name_etf,宽基,创业板,股票型,创业板人工智能指数收益率×100%,E,L,2026/1/5,,招商基金管理有限公司,fund_type/benchmark/name:broad_index,,,,,,,
159246.SZ,富国创业板人工智能ETF,Y,include:name_etf,宽基,创业板,股票型,创业板人工智能指数收益率×100%,E,L,2025/7/10,,富国基金管理有限公司,fund_type/benchmark/name:broad_index,,,,,,,
159248.SZ,万家中证人工智能主题ETF,Y,include:name_etf,科技,人工智能,股票型,中证人工智能主题指数收益率×100%,E,L,2025/7/24,,万家基金管理有限公司,fund_type/benchmark/name:technology,,,,,,,
159256.SZ,华夏创业板软件ETF,Y,include:name_etf,宽基,创业板,股票型,创业板软件指数收益率×100%,E,L,2025/8/4,,华夏基金管理有限公司,fund_type/benchmark/name:broad_index,,,,,,,
159279.SZ,华安创业板人工智能ETF,Y,include:name_etf,宽基,创业板,股票型,创业板人工智能指数收益率×100%,E,L,2025/9/29,,华安基金管理有限公司,fund_type/benchmark/name:broad_index,,,,,,,
159310.SZ,天弘中证芯片产业ETF,Y,include:name_etf,科技,半导体,股票型,中证芯片产业指数收益率×100%,E,L,2024/4/30,,天弘基金管理有限公司,sw2021:index_classify,,801081.SI,半导体,L2,270000,芯片,sw2021:alias
159311.SZ,易方达中证数字经济主题ETF,Y,include:name_etf,科技,人工智能,股票型,中证数字经济主题指数收益率×100%,E,L,2025/7/15,,易方达基金管理有限公司,fund_type/benchmark/name:technology,,,,,,,
159325.SZ,南方中证半导体行业精选ETF,Y,include:name_etf,科技,半导体,股票型,中证半导体行业精选指数收益率×100%,E,L,2024/11/8,,南方基金管理股份有限公司,sw2021:index_classify,,801081.SI,半导体,L2,270000,半导体,sw2021:industry_name
159327.SZ,万家中证半导体材料设备主题ETF,Y,include:name_etf,科技,半导体,股票型,中证半导体材料设备主题指数收益率×100%,E,L,2024/8/5,,万家基金管理有限公司,sw2021:index_classify,,850813.SI,半导体材料,L3,270100,半导体材料,sw2021:industry_name
159363.SZ,华宝创业板人工智能ETF,Y,include:name_etf,宽基,创业板,股票型,创业板人工智能指数收益率×100%,E,L,2024/12/16,,华宝基金管理有限公司,fund_type/benchmark/name:broad_index,,,,,,,
159381.SZ,华夏创业板人工智能ETF,Y,include:name_etf,宽基,创业板,股票型,创业板人工智能指数收益率×100%,E,L,2025/3/24,,华夏基金管理有限公司,fund_type/benchmark/name:broad_index,,,,,,,
159382.SZ,南方创业板人工智能ETF,Y,include:name_etf,宽基,创业板,股票型,创业板人工智能指数收益率×100%,E,L,2025/5/9,,南方基金管理股份有限公司,fund_type/benchmark/name:broad_index,,,,,,,
159385.SZ,富国中证诚通国企数字经济ETF,Y,include:name_etf,科技,人工智能,股票型,中证诚通国企数字经济指数收益率×100%,E,L,2025/5/30,,富国基金管理有限公司,fund_type/benchmark/name:technology,,,,,,,
159388.SZ,国泰创业板人工智能ETF,Y,include:name_etf,宽基,创业板,股票型,创业板人工智能指数收益率×100%,E,L,2025/4/7,,国泰基金管理有限公司,fund_type/benchmark/name:broad_index,,,,,,,
159389.SZ,嘉实中证诚通国企数字经济ETF,Y,include:name_etf,科技,人工智能,股票型,中证诚通国企数字经济指数收益率×100%,E,L,2025/5/30,,嘉实基金管理有限公司,fund_type/benchmark/name:technology,,,,,,,
159507.SZ,广发国证通信ETF,Y,include:name_etf,科技,通信,股票型,国证通信指数×100%,E,L,2023/6/21,,广发基金管理有限公司,sw2021:index_classify,,801770.SI,通信,L1,0,通信,sw2021:industry_name
159511.SZ,南方中证通信服务ETF,Y,include:name_etf,科技,通信,股票型,中证通信服务指数×100%,E,L,2023/8/7,,南方基金管理股份有限公司,sw2021:index_classify,,801223.SI,通信服务,L2,730000,通信服务,sw2021:industry_name
159516.SZ,国泰中证半导体材料设备主题ETF,Y,include:name_etf,科技,半导体,股票型,中证半导体材料设备主题指数收益率×100%,E,L,2023/7/27,,国泰基金管理有限公司,sw2021:index_classify,,850813.SI,半导体材料,L3,270100,半导体材料,sw2021:industry_name
159558.SZ,易方达中证半导体材料设备主题ETF,Y,include:name_etf,科技,半导体,股票型,中证半导体材料设备主题指数收益率×100%,E,L,2024/6/18,,易方达基金管理有限公司,sw2021:index_classify,,850813.SI,半导体材料,L3,270100,半导体材料,sw2021:industry_name
159560.SZ,景顺长城中证芯片产业ETF,Y,include:name_etf,科技,半导体,股票型,中证芯片产业指数收益率×100%,E,L,2023/11/20,,景顺长城基金管理有限公司,sw2021:index_classify,,801081.SI,半导体,L2,270000,芯片,sw2021:alias
159582.SZ,博时中证半导体产业ETF,Y,include:name_etf,科技,半导体,股票型,中证半导体产业指数收益率×100%,E,L,2024/4/16,,博时基金管理有限公司,sw2021:index_classify,,801081.SI,半导体,L2,270000,半导体,sw2021:industry_name
159583.SZ,富国中证通信设备主题ETF,Y,include:name_etf,科技,通信,股票型,中证通信设备主题指数收益率×100%,E,L,2024/7/8,,富国基金管理有限公司,sw2021:index_classify,,801102.SI,通信设备,L2,730000,通信设备,sw2021:industry_name
159586.SZ,南方中证全指计算机ETF,Y,include:name_etf,科技,计算机,股票型,中证全指计算机指数收益率×100%,E,L,2024/3/15,,南方基金管理股份有限公司,sw2021:index_classify,,801750.SI,计算机,L1,0,计算机,sw2021:industry_name
159590.SZ,汇添富中证全指软件ETF,Y,include:name_etf,科技,软件,股票型,中证全指软件指数收益率×100%,E,L,2024/11/6,,汇添富基金管理股份有限公司,fund_type/benchmark/name:technology,,,,,,,
159599.SZ,东财中证芯片产业ETF,Y,include:name_etf,科技,半导体,股票型,中证芯片产业指数收益率×100%,E,L,2024/5/8,,东财基金管理有限公司,sw2021:index_classify,,801081.SI,半导体,L2,270000,芯片,sw2021:alias
159658.SZ,华安中证数字经济主题ETF,Y,include:name_etf,科技,人工智能,股票型,中证数字经济主题指数收益率×100%,E,L,2022/10/12,,华安基金管理有限公司,fund_type/benchmark/name:technology,,,,,,,
159665.SZ,工银瑞信国证半导体芯片ETF,Y,include:name_etf,科技,半导体,股票型,国证半导体芯片指数收益率×100%,E,L,2023/1/6,,工银瑞信基金管理有限公司,sw2021:index_classify,,801081.SI,半导体,L2,270000,半导体,sw2021:industry_name
159695.SZ,嘉实国证通信ETF,Y,include:name_etf,科技,通信,股票型,国证通信指数收益率×100%,E,L,2023/5/10,,嘉实基金管理有限公司,sw2021:index_classify,,801770.SI,通信,L1,0,通信,sw2021:industry_name
159732.SZ,华夏国证消费电子主题ETF,Y,include:name_etf,科技,消费电子,股票型,国证消费电子主题指数收益率×100%,E,L,2021/8/23,,华夏基金管理有限公司,sw2021:index_classify,,801085.SI,消费电子,L2,270000,消费电子,sw2021:industry_name
159773.SZ,华泰柏瑞创业板科技ETF,Y,include:name_etf,宽基,创业板,股票型,创业板科技指数收益率×100%,E,L,2021/10/8,,华泰柏瑞基金管理有限公司,fund_type/benchmark/name:broad_index,,,,,,,
159777.SZ,国联安创业板科技ETF,Y,include:name_etf,宽基,创业板,股票型,创业板科技指数收益率×100%,E,L,2021/10/18,,国联安基金管理有限公司,fund_type/benchmark/name:broad_index,,,,,,,
159778.SZ,鹏华中证工业互联网主题ETF,Y,include:name_etf,科技,人工智能,股票型,中证工业互联网主题指数收益率×100%,E,L,2022/2/17,,鹏华基金管理有限公司,fund_type/benchmark/name:technology,,,,,,,
159779.SZ,招商中证消费电子主题ETF,Y,include:name_etf,科技,消费电子,股票型,中证消费电子主题指数收益率×100%,E,L,2021/11/26,,招商基金管理有限公司,sw2021:index_classify,,801085.SI,消费电子,L2,270000,消费电子,sw2021:industry_name
159801.SZ,广发国证半导体芯片ETF,Y,include:name_etf,科技,半导体,股票型,国证半导体芯片指数收益率×100%,E,L,2020/2/18,,广发基金管理有限公司,sw2021:index_classify,,801081.SI,半导体,L2,270000,半导体,sw2021:industry_name
159807.SZ,易方达中证科技50ETF,Y,include:name_etf,科技,科技综合,股票型,中证科技50指数收益率×100%,E,L,2020/3/30,,易方达基金管理有限公司,fund_type/benchmark/name:technology,,,,,,,
159813.SZ,鹏华国证半导体芯片ETF,Y,include:name_etf,科技,半导体,股票型,国证半导体芯片指数收益率×100%,E,L,2020/5/25,,鹏华基金管理有限公司,sw2021:index_classify,,801081.SI,半导体,L2,270000,半导体,sw2021:industry_name
159819.SZ,易方达中证人工智能主题ETF,Y,include:name_etf,科技,人工智能,股票型,中证人工智能主题指数收益率×100%,E,L,2020/9/23,,易方达基金管理有限公司,fund_type/benchmark/name:technology,,,,,,,
159852.SZ,嘉实中证软件服务ETF,Y,include:name_etf,科技,软件,股票型,中证软件服务指数收益率×100%,E,L,2021/2/9,,嘉实基金管理有限公司,fund_type/benchmark/name:technology,,,,,,,
159899.SZ,招商中证全指软件ETF,Y,include:name_etf,科技,软件,股票型,中证全指软件指数收益率×100%,E,L,2021/6/28,,招商基金管理有限公司,fund_type/benchmark/name:technology,,,,,,,
159909.SZ,招商深证电子信息传媒产业(TMT)50ETF,Y,include:name_etf,科技,电子,股票型,深证电子信息传媒产业50指数(深证TMT50P)×100%,E,L,2011/9/1,,招商基金管理有限公司,sw2021:index_classify,,801080.SI,电子,L1,0,电子,sw2021:industry_name
159994.SZ,银华中证5G通信主题ETF,Y,include:name_etf,科技,通信,股票型,中证5G通信主题指数×100%,E,L,2020/2/28,,银华基金管理股份有限公司,sw2021:index_classify,,801770.SI,通信,L1,0,通信,sw2021:industry_name
159995.SZ,华夏国证半导体芯片ETF,Y,include:name_etf,科技,半导体,股票型,国证半导体芯片指数收益率×100%,E,L,2020/2/10,,华夏基金管理有限公司,sw2021:index_classify,,801081.SI,半导体,L2,270000,半导体,sw2021:industry_name
159997.SZ,天弘中证电子ETF,Y,include:name_etf,科技,电子,股票型,中证电子指数收益率×100%,E,L,2020/3/20,,天弘基金管理有限公司,sw2021:index_classify,,801080.SI,电子,L1,0,电子,sw2021:industry_name
159998.SZ,天弘中证计算机主题ETF,Y,include:name_etf,科技,计算机,股票型,中证计算机主题指数收益率×100%,E,L,2020/4/13,,天弘基金管理有限公司,sw2021:index_classify,,801750.SI,计算机,L1,0,计算机,sw2021:industry_name
512090.SH,易方达MSCI中国A股国际通ETF,Y,include:name_etf,宽基,MSCI,股票型,MSCI中国A股国际通指数(MSCIChinaAInclusionRMBIndex)收益率×100%,E,L,2018/6/1,,易方达基金管理有限公司,fund_type/benchmark/name:broad_index,,,,,,,
512160.SH,南方MSCI中国A股国际通ETF,Y,include:name_etf,宽基,MSCI,股票型,MSCIChinaAInclusionRMBIndex(MSCI中国A股国际通指数)×100%,E,L,2018/4/27,,南方基金管理股份有限公司,fund_type/benchmark/name:broad_index,,,,,,,
512220.SH,景顺长城中证科技传媒通信150ETF,Y,include:name_etf,科技,通信,股票型,中证科技传媒通信150指数×100%,E,L,2014/8/19,,景顺长城基金管理有限公司,sw2021:index_classify,,801760.SI,传媒,L1,0,传媒,sw2021:industry_name
512360.SH,平安MSCI中国A股国际ETF,Y,include:name_etf,宽基,MSCI,股票型,MSCI中国A股国际指数(MSCIChinaAInternationalIndex)收益率×100%,E,L,2018/7/20,,平安基金管理有限公司,fund_type/benchmark/name:broad_index,,,,,,,
512480.SH,国联安中证全指半导体产品与设备ETF,Y,include:name_etf,科技,半导体,股票型,中证全指半导体产品与设备指数收益率×100%,E,L,2019/6/12,,国联安基金管理有限公司,sw2021:index_classify,,801081.SI,半导体,L2,270000,半导体,sw2021:industry_name
512720.SH,国泰中证计算机主题ETF,Y,include:name_etf,科技,计算机,股票型,中证计算机主题指数收益率×100%,E,L,2019/8/16,,国泰基金管理有限公司,sw2021:index_classify,,801750.SI,计算机,L1,0,计算机,sw2021:industry_name
512760.SH,国泰CES半导体芯片行业ETF,Y,include:name_etf,科技,半导体,股票型,中华交易服务半导体芯片行业指数收益率×100%,E,L,2019/6/12,,国泰基金管理有限公司,sw2021:index_classify,,801081.SI,半导体,L2,270000,半导体,sw2021:industry_name
512930.SH,平安中证人工智能主题ETF,Y,include:name_etf,科技,人工智能,股票型,中证人工智能主题指数收益率×100%,E,L,2019/8/23,,平安基金管理有限公司,fund_type/benchmark/name:technology,,,,,,,
515000.SH,华宝中证科技龙头ETF,Y,include:name_etf,科技,科技综合,股票型,中证科技龙头指数收益率×100%,E,L,2019/8/16,,华宝基金管理有限公司,fund_type/benchmark/name:technology,,,,,,,
515050.SH,华夏中证5G通信主题ETF,Y,include:name_etf,科技,通信,股票型,中证5G通信主题指数收益率×100%,E,L,2019/10/16,,华夏基金管理有限公司,sw2021:index_classify,,801770.SI,通信,L1,0,通信,sw2021:industry_name
515070.SH,华夏中证人工智能主题ETF,Y,include:name_etf,科技,人工智能,股票型,中证人工智能主题指数收益率×100%,E,L,2019/12/24,,华夏基金管理有限公司,fund_type/benchmark/name:technology,,,,,,,
515160.SH,招商MSCI中国A股国际通ETF,Y,include:name_etf,宽基,MSCI,股票型,MSCI中国A股国际通指数(MSCIChinaAInclusionRMBIndex)收益率×100%,E,L,2020/3/2,,招商基金管理有限公司,fund_type/benchmark/name:broad_index,,,,,,,
515230.SH,国泰中证全指软件ETF,Y,include:name_etf,科技,软件,股票型,中证全指软件指数收益率×100%,E,L,2021/3/2,,国泰基金管理有限公司,fund_type/benchmark/name:technology,,,,,,,
515260.SH,华宝中证电子50ETF,Y,include:name_etf,科技,电子,股票型,中证电子50指数收益率×100%,E,L,2020/7/31,,华宝基金管理有限公司,sw2021:index_classify,,801080.SI,电子,L1,0,电子,sw2021:industry_name
515320.SH,华安中证电子50ETF,Y,include:name_etf,科技,电子,股票型,中证电子50指数收益率×100%,E,L,2021/1/8,,华安基金管理有限公司,sw2021:index_classify,,801080.SI,电子,L1,0,电子,sw2021:industry_name
515580.SH,华泰柏瑞中证科技100ETF,Y,include:name_etf,科技,科技综合,股票型,中证科技100指数收益率×100%,E,L,2019/10/28,,华泰柏瑞基金管理有限公司,fund_type/benchmark/name:technology,,,,,,,
515750.SH,富国中证科技50策略ETF,Y,include:name_etf,科技,科技综合,股票型,中证科技50策略指数收益率×100%,E,L,2019/12/6,,富国基金管理有限公司,fund_type/benchmark/name:technology,,,,,,,
515860.SH,嘉实中证新兴科技100策略ETF,Y,include:name_etf,科技,科技综合,股票型,中证新兴科技100策略指数收益率×100%,E,L,2019/10/22,,嘉实基金管理有限公司,fund_type/benchmark/name:technology,,,,,,,
515880.SH,国泰中证全指通信设备ETF,Y,include:name_etf,科技,通信,股票型,中证全指通信设备指数收益率×100%,E,L,2019/9/6,,国泰基金管理有限公司,sw2021:index_classify,,801102.SI,通信设备,L2,730000,通信设备,sw2021:industry_name
515980.SH,华富中证人工智能产业ETF,Y,include:name_etf,科技,人工智能,股票型,中证人工智能产业指数收益率×100%,E,L,2020/2/10,,华富基金管理有限公司,fund_type/benchmark/name:technology,,,,,,,
516050.SH,工银瑞信中证科技龙头ETF,Y,include:name_etf,科技,科技综合,股票型,中证科技龙头指数收益率×100%,E,L,2021/2/5,,工银瑞信基金管理有限公司,fund_type/benchmark/name:technology,,,,,,,
516350.SH,易方达中证芯片产业ETF,Y,include:name_etf,科技,半导体,股票型,中证芯片产业指数收益率×100%,E,L,2021/12/23,,易方达基金管理有限公司,sw2021:index_classify,,801081.SI,半导体,L2,270000,芯片,sw2021:alias
516640.SH,富国中证芯片产业ETF,Y,include:name_etf,科技,半导体,股票型,中证芯片产业指数×100%,E,L,2021/8/27,,富国基金管理有限公司,sw2021:index_classify,,801081.SI,半导体,L2,270000,芯片,sw2021:alias
516920.SH,汇添富中证芯片产业ETF,Y,include:name_etf,科技,半导体,股票型,中证芯片产业指数收益率×100%,E,L,2021/8/16,,汇添富基金管理股份有限公司,sw2021:index_classify,,801081.SI,半导体,L2,270000,芯片,sw2021:alias
560360.SH,万家中证软件服务ETF,Y,include:name_etf,科技,软件,股票型,中证软件服务指数收益率×100%,E,L,2024/6/24,,万家基金管理有限公司,fund_type/benchmark/name:technology,,,,,,,
560780.SH,广发中证半导体材料设备主题ETF,Y,include:name_etf,科技,半导体,股票型,中证半导体材料设备主题指数收益率×100%,E,L,2023/12/12,,广发基金管理有限公司,sw2021:index_classify,,850813.SI,半导体材料,L3,270100,半导体材料,sw2021:industry_name
560790.SH,鹏华中证软件服务ETF,Y,include:name_etf,科技,软件,股票型,中证软件服务指数收益率×100%,E,L,2026/5/25,,鹏华基金管理有限公司,fund_type/benchmark/name:technology,,,,,,,
560800.SH,鹏扬中证数字经济主题ETF,Y,include:name_etf,科技,人工智能,股票型,中证数字经济主题指数收益率×100%,E,L,2022/1/7,,鹏扬基金管理有限公司,fund_type/benchmark/name:technology,,,,,,,
560990.SH,中金中证科技先锋ETF,Y,include:name_etf,科技,科技综合,股票型,中证科技先锋指数收益率×100%,E,L,2022/6/27,,中金基金管理有限公司,fund_type/benchmark/name:technology,,,,,,,
561010.SH,华安中证全指软件开发ETF,Y,include:name_etf,科技,软件,股票型,中证全指软件开发指数收益率×100%,E,L,2023/12/11,,华安基金管理有限公司,sw2021:index_classify,,801104.SI,软件开发,L2,710000,软件开发,sw2021:industry_name
561100.SH,富国中证消费电子主题ETF,Y,include:name_etf,科技,消费电子,股票型,中证消费电子主题指数收益率×100%,E,L,2022/2/8,,富国基金管理有限公司,sw2021:index_classify,,801085.SI,消费电子,L2,270000,消费电子,sw2021:industry_name
561220.SH,工银瑞信中证诚通国企数字经济ETF,Y,include:name_etf,科技,人工智能,股票型,中证诚通国企数字经济指数收益率×100%,E,L,2025/5/30,,工银瑞信基金管理有限公司,fund_type/benchmark/name:technology,,,,,,,
561310.SH,国泰中证消费电子主题ETF,Y,include:name_etf,科技,消费电子,股票型,中证消费电子主题指数收益率×100%,E,L,2021/11/25,,国泰基金管理有限公司,sw2021:index_classify,,801085.SI,消费电子,L2,270000,消费电子,sw2021:industry_name
561460.SH,天弘中证人工智能主题ETF,Y,include:name_etf,科技,人工智能,股票型,中证人工智能主题指数收益率×100%,E,L,,,天弘基金管理有限公司,fund_type/benchmark/name:technology,,,,,,,
561600.SH,平安中证消费电子主题ETF,Y,include:name_etf,科技,消费电子,股票型,中证消费电子主题指数收益率×100%,E,L,2021/9/9,,平安基金管理有限公司,sw2021:index_classify,,801085.SI,消费电子,L2,270000,消费电子,sw2021:industry_name
561980.SH,招商中证半导体产业ETF,Y,include:name_etf,科技,半导体,股票型,中证半导体产业指数收益率×100%,E,L,2023/9/1,,招商基金管理有限公司,sw2021:index_classify,,801081.SI,半导体,L2,270000,半导体,sw2021:industry_name
562590.SH,华夏中证半导体材料设备主题ETF,Y,include:name_etf,科技,半导体,股票型,中证半导体材料设备主题指数收益率×100%,E,L,2023/10/18,,华夏基金管理有限公司,sw2021:index_classify,,850813.SI,半导体材料,L3,270100,半导体材料,sw2021:industry_name
562930.SH,易方达中证软件服务ETF,Y,include:name_etf,科技,软件,股票型,中证软件服务指数收益率×100%,E,L,2023/6/5,,易方达基金管理有限公司,fund_type/benchmark/name:technology,,,,,,,
562950.SH,易方达中证消费电子主题ETF,Y,include:name_etf,科技,消费电子,股票型,中证消费电子主题指数收益率×100%,E,L,2022/1/20,,易方达基金管理有限公司,sw2021:index_classify,,801085.SI,消费电子,L2,270000,消费电子,sw2021:industry_name
563560.SH,兴业中证科技优势成长50策略ETF,Y,include:name_etf,科技,科技综合,股票型,中证科技优势成长50策略指数收益率×100%,E,L,2026/2/27,,兴业基金管理有限公司,fund_type/benchmark/name:technology,,,,,,,
588170.SH,华夏上证科创板半导体材料设备主题ETF,Y,include:name_etf,科技,半导体,股票型,上证科创板半导体材料设备主题指数收益率×100%,E,L,2025/4/8,,华夏基金管理有限公司,sw2021:index_classify,,850813.SI,半导体材料,L3,270100,半导体材料,sw2021:industry_name
588200.SH,嘉实上证科创板芯片ETF,Y,include:name_etf,科技,半导体,股票型,上证科创板芯片指数收益率×100%,E,L,2022/10/26,,嘉实基金管理有限公司,sw2021:index_classify,,801081.SI,半导体,L2,270000,芯片,sw2021:alias
588290.SH,华安上证科创板芯片ETF,Y,include:name_etf,科技,半导体,股票型,上证科创板芯片指数收益率×100%,E,L,2022/10/26,,华安基金管理有限公司,sw2021:index_classify,,801081.SI,半导体,L2,270000,芯片,sw2021:alias
588410.SH,鹏华中证科创创业人工智能ETF,Y,include:name_etf,宽基,创业板,股票型,中证科创创业人工智能指数收益率×100%,E,L,2026/1/5,,鹏华基金管理有限公司,fund_type/benchmark/name:broad_index,,,,,,,
588420.SH,摩根中证科创创业人工智能ETF,Y,include:name_etf,宽基,创业板,股票型,中证科创创业人工智能指数收益率×100%,E,L,2026/1/5,,摩根基金管理(中国)有限公司,fund_type/benchmark/name:broad_index,,,,,,,
588430.SH,工银瑞信中证科创创业人工智能ETF,Y,include:name_etf,宽基,创业板,股票型,中证科创创业人工智能指数收益率×100%,E,L,2025/12/29,,工银瑞信基金管理有限公司,fund_type/benchmark/name:broad_index,,,,,,,
588470.SH,华安中证科创创业人工智能ETF,Y,include:name_etf,宽基,创业板,股票型,中证科创创业人工智能指数收益率×100%,E,L,2026/5/28,,华安基金管理有限公司,fund_type/benchmark/name:broad_index,,,,,,,
588480.SH,中金中证科创创业人工智能ETF,Y,include:name_etf,宽基,创业板,股票型,中证科创创业人工智能指数收益率×100%,E,L,2026/5/12,,中金基金管理有限公司,fund_type/benchmark/name:broad_index,,,,,,,
588510.SH,华夏中证科创创业人工智能ETF,Y,include:name_etf,宽基,创业板,股票型,中证科创创业人工智能指数收益率×100%,E,L,2026/5/29,,华夏基金管理有限公司,fund_type/benchmark/name:broad_index,,,,,,,
588710.SH,华泰柏瑞上证科创板半导体材料设备主题ETF,Y,include:name_etf,科技,半导体,股票型,上证科创板半导体材料设备主题指数收益率×100%,E,L,2025/6/4,,华泰柏瑞基金管理有限公司,sw2021:index_classify,,850813.SI,半导体材料,L3,270100,半导体材料,sw2021:industry_name
588730.SH,易方达上证科创板人工智能ETF,Y,include:name_etf,科技,人工智能,股票型,上证科创板人工智能指数收益率×100%,E,L,2025/1/24,,易方达基金管理有限公司,fund_type/benchmark/name:technology,,,,,,,
588750.SH,汇添富上证科创板芯片ETF,Y,include:name_etf,科技,半导体,股票型,上证科创板芯片指数收益率×100%,E,L,2024/12/26,,汇添富基金管理股份有限公司,sw2021:index_classify,,801081.SI,半导体,L2,270000,芯片,sw2021:alias
588760.SH,广发上证科创板人工智能ETF,Y,include:name_etf,科技,人工智能,股票型,上证科创板人工智能指数收益率×100%,E,L,2025/1/23,,广发基金管理有限公司,fund_type/benchmark/name:technology,,,,,,,
588780.SH,国联安上证科创板芯片设计主题ETF,Y,include:name_etf,科技,半导体,股票型,上证科创板芯片设计主题指数收益率×100%,E,L,2024/12/26,,国联安基金管理有限公司,sw2021:index_classify,,801081.SI,半导体,L2,270000,芯片,sw2021:alias
588790.SH,博时上证科创板人工智能ETF,Y,include:name_etf,科技,人工智能,股票型,上证科创板人工智能指数收益率×100%,E,L,2025/1/9,,博时基金管理有限公司,fund_type/benchmark/name:technology,,,,,,,
588810.SH,富国上证科创板芯片ETF,Y,include:name_etf,科技,半导体,股票型,上证科创板芯片指数收益率×100%,E,L,2025/1/9,,富国基金管理有限公司,sw2021:index_classify,,801081.SI,半导体,L2,270000,芯片,sw2021:alias
588890.SH,南方上证科创板芯片ETF,Y,include:name_etf,科技,半导体,股票型,上证科创板芯片指数×100%,E,L,2024/4/23,,南方基金管理股份有限公司,sw2021:index_classify,,801081.SI,半导体,L2,270000,芯片,sw2021:alias
588920.SH,鹏华上证科创板芯片ETF,Y,include:name_etf,科技,半导体,股票型,上证科创板芯片指数收益率×100%,E,L,2025/7/28,,鹏华基金管理有限公司,sw2021:index_classify,,801081.SI,半导体,L2,270000,芯片,sw2021:alias
588930.SH,银华上证科创板人工智能ETF,Y,include:name_etf,科技,人工智能,股票型,上证科创板人工智能指数收益率×100%,E,L,2025/1/14,,银华基金管理股份有限公司,fund_type/benchmark/name:technology,,,,,,,
588990.SH,博时上证科创板芯片ETF,Y,include:name_etf,科技,半导体,股票型,上证科创板芯片指数收益率×100%,E,L,2024/8/16,,博时基金管理有限公司,sw2021:index_classify,,801081.SI,半导体,L2,270000,芯片,sw2021:alias
589010.SH,华夏上证科创板人工智能ETF,Y,include:name_etf,科技,人工智能,股票型,上证科创板人工智能指数收益率×100%,E,L,2025/4/9,,华夏基金管理有限公司,fund_type/benchmark/name:technology,,,,,,,
589020.SH,鹏华上证科创板半导体材料设备主题ETF,Y,include:name_etf,科技,半导体,股票型,上证科创板半导体材料设备主题指数收益率×100%,E,L,2025/9/4,,鹏华基金管理有限公司,sw2021:index_classify,,850813.SI,半导体材料,L3,270100,半导体材料,sw2021:industry_name
589030.SH,易方达上证科创板芯片设计主题ETF,Y,include:name_etf,科技,半导体,股票型,上证科创板芯片设计主题指数收益率×100%,E,L,2026/1/19,,易方达基金管理有限公司,sw2021:index_classify,,801081.SI,半导体,L2,270000,芯片,sw2021:alias
589070.SH,天弘上证科创板芯片设计主题ETF,Y,include:name_etf,科技,半导体,股票型,上证科创板芯片设计主题指数收益率×100%,E,L,2026/1/23,,天弘基金管理有限公司,sw2021:index_classify,,801081.SI,半导体,L2,270000,芯片,sw2021:alias
589090.SH,鹏华上证科创板人工智能ETF,Y,include:name_etf,科技,人工智能,股票型,上证科创板人工智能指数收益率×100%,E,L,2025/8/27,,鹏华基金管理有限公司,fund_type/benchmark/name:technology,,,,,,,
589100.SH,国泰上证科创板芯片ETF,Y,include:name_etf,科技,半导体,股票型,上证科创板芯片指数收益率×100%,E,L,2025/4/7,,国泰基金管理有限公司,sw2021:index_classify,,801081.SI,半导体,L2,270000,芯片,sw2021:alias
589110.SH,国泰上证科创板人工智能ETF,Y,include:name_etf,科技,人工智能,股票型,上证科创板人工智能指数收益率×100%,E,L,2025/10/15,,国泰基金管理有限公司,fund_type/benchmark/name:technology,,,,,,,
589130.SH,易方达上证科创板芯片ETF,Y,include:name_etf,科技,半导体,股票型,上证科创板芯片指数收益率×100%,E,L,2026/1/8,,易方达基金管理有限公司,sw2021:index_classify,,801081.SI,半导体,L2,270000,芯片,sw2021:alias
589160.SH,广发上证科创板芯片ETF,Y,include:name_etf,科技,半导体,股票型,上证科创板芯片指数收益率×100%,E,L,2026/1/30,,广发基金管理有限公司,sw2021:index_classify,,801081.SI,半导体,L2,270000,芯片,sw2021:alias
589170.SH,鹏华上证科创板芯片设计主题ETF,Y,include:name_etf,科技,半导体,股票型,上证科创板芯片设计主题指数收益率×100%,E,L,2026/2/6,,鹏华基金管理有限公司,sw2021:index_classify,,801081.SI,半导体,L2,270000,芯片,sw2021:alias
589190.SH,华宝上证科创板芯片ETF,Y,include:name_etf,科技,半导体,股票型,上证科创板芯片指数收益率×100%,E,L,2026/1/27,,华宝基金管理有限公司,sw2021:index_classify,,801081.SI,半导体,L2,270000,芯片,sw2021:alias
589210.SH,广发上证科创板芯片设计主题ETF,Y,include:name_etf,科技,半导体,股票型,上证科创板芯片设计主题指数收益率×100%,E,L,2025/12/23,,广发基金管理有限公司,sw2021:index_classify,,801081.SI,半导体,L2,270000,芯片,sw2021:alias
589230.SH,南方上证科创板人工智能ETF,Y,include:name_etf,科技,人工智能,股票型,上证科创板人工智能指数收益率×100%,E,L,2026/2/2,,南方基金管理股份有限公司,fund_type/benchmark/name:technology,,,,,,,
589250.SH,浦银安盛上证科创板芯片设计主题ETF,Y,include:name_etf,科技,半导体,股票型,上证科创板芯片设计主题指数收益率×100%,E,L,2026/4/1,,浦银安盛基金管理有限公司,sw2021:index_classify,,801081.SI,半导体,L2,270000,芯片,sw2021:alias
589260.SH,国泰上证科创板芯片设计主题ETF,Y,include:name_etf,科技,半导体,股票型,上证科创板芯片设计主题指数收益率×100%,E,L,2026/4/2,,国泰基金管理有限公司,sw2021:index_classify,,801081.SI,半导体,L2,270000,芯片,sw2021:alias
589290.SH,汇添富上证科创板芯片设计主题ETF,Y,include:name_etf,科技,半导体,股票型,上证科创板芯片设计主题指数收益率×100%,E,L,2026/6/26,,汇添富基金管理股份有限公司,sw2021:index_classify,,801081.SI,半导体,L2,270000,芯片,sw2021:alias
589310.SH,鑫元上证科创板人工智能ETF,Y,include:name_etf,科技,人工智能,股票型,上证科创板人工智能指数收益率×100%,E,L,,,鑫元基金管理有限公司,fund_type/benchmark/name:technology,,,,,,,
589350.SH,银华上证科创板芯片设计主题ETF,Y,include:name_etf,科技,半导体,股票型,上证科创板芯片设计主题指数收益率×100%,E,L,2026/6/30,,银华基金管理股份有限公司,sw2021:index_classify,,801081.SI,半导体,L2,270000,芯片,sw2021:alias
589380.SH,富国上证科创板人工智能ETF,Y,include:name_etf,科技,人工智能,股票型,上证科创板人工智能指数收益率×100%,E,L,2025/7/1,,富国基金管理有限公司,fund_type/benchmark/name:technology,,,,,,,
589520.SH,华宝上证科创板人工智能ETF,Y,include:name_etf,科技,人工智能,股票型,上证科创板人工智能指数收益率×100%,E,L,2025/3/13,,华宝基金管理有限公司,fund_type/benchmark/name:technology,,,,,,,
589560.SH,汇添富上证科创板人工智能ETF,Y,include:name_etf,科技,人工智能,股票型,上证科创板人工智能指数收益率×100%,E,L,2025/9/5,,汇添富基金管理股份有限公司,fund_type/benchmark/name:technology,,,,,,,
159021.SZ,华夏国证大盘价值ETF,Y,include:name_etf,红利策略,红利价值,股票型,国证大盘价值指数收益率×100%,E,L,2026/5/15,,华夏基金管理有限公司,fund_type/benchmark/name:dividend_value,,,,,,,
159037.SZ,鹏华国证价值100ETF,Y,include:name_etf,红利策略,红利价值,股票型,国证价值100指数收益率×100%,E,L,2026/6/11,,鹏华基金管理有限公司,fund_type/benchmark/name:dividend_value,,,,,,,
159042.SZ,汇添富国证价值100ETF,Y,include:name_etf,红利策略,红利价值,股票型,国证价值100指数收益率×100%,E,L,2026/6/9,,汇添富基金管理股份有限公司,fund_type/benchmark/name:dividend_value,,,,,,,
159207.SZ,广发中证智选高股息策略ETF,Y,include:name_etf,红利策略,红利价值,股票型,中证智选高股息策略指数收益率×100%,E,L,2025/4/9,,广发基金管理有限公司,fund_type/benchmark/name:dividend_value,,,,,,,
159209.SZ,招商中证全指红利质量ETF,Y,include:name_etf,红利策略,红利价值,股票型,中证全指红利质量指数收益率×100%,E,L,2025/3/25,,招商基金管理有限公司,fund_type/benchmark/name:dividend_value,,,,,,,
159228.SZ,长城中证红利低波动100ETF,Y,include:name_etf,红利策略,红利价值,股票型,中证红利低波动100指数收益率×100%,E,L,2025/6/18,,长城基金管理有限公司,fund_type/benchmark/name:dividend_value,,,,,,,
159263.SZ,易方达国证价值100ETF,Y,include:name_etf,红利策略,红利价值,股票型,国证价值100指数收益率×100%,E,L,2025/7/8,,易方达基金管理有限公司,fund_type/benchmark/name:dividend_value,,,,,,,
159296.SZ,华宝中证A500红利低波动ETF,Y,include:name_etf,宽基,中证A500,股票型,中证A500红利低波动指数收益率×100%,E,L,2025/9/4,,华宝基金管理有限公司,fund_type/benchmark/name:broad_index,,,,,,,
159307.SZ,博时中证红利低波动100ETF,Y,include:name_etf,红利策略,红利价值,股票型,中证红利低波动100指数收益率×100%,E,L,2024/4/25,,博时基金管理有限公司,fund_type/benchmark/name:dividend_value,,,,,,,
159332.SZ,富国中证中央企业红利ETF,Y,include:name_etf,红利策略,红利价值,股票型,中证中央企业红利指数收益率×100%,E,L,2024/8/1,,富国基金管理有限公司,fund_type/benchmark/name:dividend_value,,,,,,,
159335.SZ,融通中证诚通央企科技创新ETF,Y,include:name_etf,红利策略,红利价值,股票型,中证诚通央企科技创新指数收益率×100%,E,L,2024/9/5,,融通基金管理有限公司,fund_type/benchmark/name:dividend_value,,,,,,,
159336.SZ,融通中证诚通央企红利ETF,Y,include:name_etf,红利策略,红利价值,股票型,中证诚通央企红利指数收益率×100%,E,L,2025/2/12,,融通基金管理有限公司,fund_type/benchmark/name:dividend_value,,,,,,,
159355.SZ,华宝中证800红利低波动ETF,Y,include:name_etf,红利策略,红利价值,股票型,中证800红利低波动指数收益率×100%,E,L,2024/12/3,,华宝基金管理有限公司,fund_type/benchmark/name:dividend_value,,,,,,,
159391.SZ,博时国证大盘价值ETF,Y,include:name_etf,红利策略,红利价值,股票型,国证大盘价值指数收益率×100%,E,L,2025/4/21,,博时基金管理有限公司,fund_type/benchmark/name:dividend_value,,,,,,,
159510.SZ,华夏中证智选300价值稳健策略ETF,Y,include:name_etf,红利策略,红利价值,股票型,中证智选300价值稳健策略指数收益率×100%,E,L,2023/8/16,,华夏基金管理有限公司,fund_type/benchmark/name:dividend_value,,,,,,,
159515.SZ,鹏扬中证国有企业红利ETF,Y,include:name_etf,红利策略,红利价值,股票型,中证国有企业红利指数收益率×100%,E,L,2023/9/6,,鹏扬基金管理有限公司,fund_type/benchmark/name:dividend_value,,,,,,,
159525.SZ,富国中证红利低波动ETF,Y,include:name_etf,红利策略,红利价值,股票型,中证红利低波动指数收益率×100%,E,L,2024/5/20,,富国基金管理有限公司,fund_type/benchmark/name:dividend_value,,,,,,,
159547.SZ,华夏中证红利低波动ETF,Y,include:name_etf,红利策略,红利价值,股票型,中证红利低波动指数收益率×100%,E,L,2024/2/6,,华夏基金管理有限公司,fund_type/benchmark/name:dividend_value,,,,,,,
159549.SZ,天弘中证红利低波动100ETF,Y,include:name_etf,红利策略,红利价值,股票型,中证红利低波动100指数收益率×100%,E,L,2023/12/11,,天弘基金管理有限公司,fund_type/benchmark/name:dividend_value,,,,,,,
159581.SZ,万家中证红利ETF,Y,include:name_etf,红利策略,红利价值,股票型,中证红利指数收益率×100%,E,L,2024/3/15,,万家基金管理有限公司,fund_type/benchmark/name:dividend_value,,,,,,,
159589.SZ,广发中证红利ETF,Y,include:name_etf,红利策略,红利价值,股票型,中证红利指数收益率×100%,E,L,2024/3/26,,广发基金管理有限公司,fund_type/benchmark/name:dividend_value,,,,,,,
159617.SZ,华夏中证智选500价值稳健策略ETF,Y,include:name_etf,红利策略,红利价值,股票型,中证智选500价值稳健策略指数收益率×100%,E,L,2022/6/30,,华夏基金管理有限公司,fund_type/benchmark/name:dividend_value,,,,,,,
159708.SZ,西部利得深证红利ETF,Y,include:name_etf,红利策略,红利价值,股票型,深证红利指数收益率×100%,E,L,2021/7/2,,西部利得基金管理有限公司,fund_type/benchmark/name:dividend_value,,,,,,,
159758.SZ,华夏中证红利质量ETF,Y,include:name_etf,红利策略,红利价值,股票型,中证红利质量指数收益率×100%,E,L,2021/12/28,,华夏基金管理有限公司,fund_type/benchmark/name:dividend_value,,,,,,,
159905.SZ,工银瑞信深证红利ETF,Y,include:name_etf,红利策略,红利价值,股票型,深证红利价格指数×100%,E,L,2011/1/11,,工银瑞信基金管理有限公司,fund_type/benchmark/name:dividend_value,,,,,,,
159913.SZ,交银深证300价值ETF,Y,include:name_etf,红利策略,红利价值,股票型,深证300价值价格指数×100%,E,L,2011/10/25,,交银施罗德基金管理有限公司,fund_type/benchmark/name:dividend_value,,,,,,,
159959.SZ,银华中证央企结构调整ETF,Y,include:name_etf,红利策略,红利价值,股票型,中证央企结构调整指数×100%,E,L,2019/1/18,,银华基金管理股份有限公司,fund_type/benchmark/name:dividend_value,,,,,,,
159966.SZ,华夏创业板低波价值ETF,Y,include:name_etf,宽基,创业板,股票型,创业板低波价值指数收益率×100%,E,L,2019/7/15,,华夏基金管理有限公司,fund_type/benchmark/name:broad_index,,,,,,,
159974.SZ,富国中证央企创新驱动ETF,Y,include:name_etf,红利策略,红利价值,股票型,中证央企创新驱动指数收益率×100%,E,L,2019/12/18,,富国基金管理有限公司,fund_type/benchmark/name:dividend_value,,,,,,,
510030.SH,华宝上证180价值ETF,Y,include:name_etf,宽基,上证180,股票型,上证180价值指数×100%,E,L,2010/5/28,,华宝基金管理有限公司,fund_type/benchmark/name:broad_index,,,,,,,
510060.SH,工银瑞信上证中央企业50ETF,Y,include:name_etf,红利策略,红利价值,股票型,上证中央企业50指数×100%,E,L,2009/10/27,,工银瑞信基金管理有限公司,fund_type/benchmark/name:dividend_value,,,,,,,
510720.SH,国泰上证国有企业红利ETF,Y,include:name_etf,红利策略,红利价值,股票型,上证国有企业红利指数收益率×100%,E,L,2024/5/15,,国泰基金管理有限公司,fund_type/benchmark/name:dividend_value,,,,,,,
510880.SH,华泰柏瑞上证红利ETF,Y,include:name_etf,红利策略,红利价值,股票型,上海证券交易所上证红利指数×100%,E,L,2007/1/18,,华泰柏瑞基金管理有限公司,fund_type/benchmark/name:dividend_value,,,,,,,
512040.SH,富国中证价值ETF,Y,include:name_etf,红利策略,红利价值,股票型,中证国信价值指数收益率×100%,E,L,2018/11/29,,富国基金管理有限公司,fund_type/benchmark/name:dividend_value,,,,,,,
512260.SH,华安中证500行业中性低波动ETF,Y,include:name_etf,宽基,中证500,股票型,中证500行业中性低波动指数收益率×100%,E,L,2019/1/11,,华安基金管理有限公司,fund_type/benchmark/name:broad_index,,,,,,,
512390.SH,平安MSCI中国A股低波动ETF,Y,include:name_etf,宽基,MSCI,股票型,MSCI中国A股低波动指数(MSCI China A International Minimum Volatility Index)收益率×100%,E,L,2018/7/13,,平安基金管理有限公司,fund_type/benchmark/name:broad_index,,,,,,,
512530.SH,建信沪深300红利ETF,Y,include:name_etf,宽基,沪深300,股票型,沪深300红利指数×100%,E,L,2019/9/23,,建信基金管理有限责任公司,fund_type/benchmark/name:broad_index,,,,,,,
512890.SH,华泰柏瑞中证红利低波动ETF,Y,include:name_etf,红利策略,红利价值,股票型,中证红利低波动指数收益率×100%,E,L,2019/1/18,,华泰柏瑞基金管理有限公司,fund_type/benchmark/name:dividend_value,,,,,,,
512950.SH,华夏中证央企结构调整ETF,Y,include:name_etf,红利策略,红利价值,股票型,中证央企结构调整指数收益率×100%,E,L,2019/1/18,,华夏基金管理有限公司,fund_type/benchmark/name:dividend_value,,,,,,,
512960.SH,博时中证央企结构调整ETF,Y,include:name_etf,红利策略,红利价值,股票型,中证央企结构调整指数收益率×100%,E,L,2019/1/18,,博时基金管理有限公司,fund_type/benchmark/name:dividend_value,,,,,,,
515080.SH,招商中证红利ETF,Y,include:name_etf,红利策略,红利价值,股票型,中证红利指数收益率×100%,E,L,2019/12/27,,招商基金管理有限公司,fund_type/benchmark/name:dividend_value,,,,,,,
515100.SH,景顺长城中证红利低波动100ETF,Y,include:name_etf,红利策略,红利价值,股票型,中证红利低波动100指数收益率×100%,E,L,2020/7/3,,景顺长城基金管理有限公司,fund_type/benchmark/name:dividend_value,,,,,,,
515180.SH,易方达中证红利ETF,Y,include:name_etf,红利策略,红利价值,股票型,中证红利指数收益率×100%,E,L,2019/12/20,,易方达基金管理有限公司,fund_type/benchmark/name:dividend_value,,,,,,,
515300.SH,嘉实沪深300红利低波动ETF,Y,include:name_etf,宽基,沪深300,股票型,沪深300红利低波动指数收益率×100%,E,L,2019/9/19,,嘉实基金管理有限公司,fund_type/benchmark/name:broad_index,,,,,,,
515460.SH,南方中证全指红利质量ETF,Y,include:name_etf,红利策略,红利价值,股票型,中证全指红利质量指数收益率×100%,E,L,2026/3/16,,南方基金管理股份有限公司,fund_type/benchmark/name:dividend_value,,,,,,,
515600.SH,广发中证央企创新驱动ETF,Y,include:name_etf,红利策略,红利价值,股票型,中证央企创新驱动指数收益率×100%,E,L,2019/12/18,,广发基金管理有限公司,fund_type/benchmark/name:dividend_value,,,,,,,
515680.SH,嘉实中证央企创新驱动ETF,Y,include:name_etf,红利策略,红利价值,股票型,中证央企创新驱动指数收益率×100%,E,L,2019/12/18,,嘉实基金管理有限公司,fund_type/benchmark/name:dividend_value,,,,,,,
515890.SH,博时中证红利ETF,Y,include:name_etf,红利策略,红利价值,股票型,中证红利指数收益率×100%,E,L,2020/4/20,,博时基金管理有限公司,fund_type/benchmark/name:dividend_value,,,,,,,
515900.SH,博时中证央企创新驱动ETF,Y,include:name_etf,红利策略,红利价值,股票型,中证央企创新驱动指数收益率×100%,E,L,2019/12/18,,博时基金管理有限公司,fund_type/benchmark/name:dividend_value,,,,,,,
530880.SH,银河上证国有企业红利ETF,Y,include:name_etf,红利策略,红利价值,股票型,上证国有企业红利指数收益率×100%,E,L,2024/11/12,,银河基金管理有限公司,fund_type/benchmark/name:dividend_value,,,,,,,
560020.SH,汇添富中证红利ETF,Y,include:name_etf,红利策略,红利价值,股票型,中证红利指数收益率×100%,E,L,2023/10/16,,汇添富基金管理股份有限公司,fund_type/benchmark/name:dividend_value,,,,,,,
560030.SH,汇添富中证800价值ETF,Y,include:name_etf,红利策略,红利价值,股票型,中证800价值指数收益率×100%,E,L,2023/7/10,,汇添富基金管理股份有限公司,fund_type/benchmark/name:dividend_value,,,,,,,
560070.SH,汇添富中证国新央企股东回报ETF,Y,include:name_etf,红利策略,红利价值,股票型,中证国新央企股东回报指数×100%,E,L,2023/6/6,,汇添富基金管理股份有限公司,fund_type/benchmark/name:dividend_value,,,,,,,
560150.SH,泰康中证红利低波动ETF,Y,include:name_etf,红利策略,红利价值,股票型,中证红利低波动指数收益率×100%,E,L,2024/4/8,,泰康基金管理有限公司,fund_type/benchmark/name:dividend_value,,,,,,,
560170.SH,南方中证国新央企科技引领ETF,Y,include:name_etf,红利策略,红利价值,股票型,中证国新央企科技引领指数收益率×100%,E,L,2023/7/6,,南方基金管理股份有限公司,fund_type/benchmark/name:dividend_value,,,,,,,
560250.SH,富国中证全指红利质量ETF,Y,include:name_etf,红利策略,红利价值,股票型,中证全指红利质量指数收益率×100%,E,L,2026/5/22,,富国基金管理有限公司,fund_type/benchmark/name:dividend_value,,,,,,,
560330.SH,申万菱信沪深300价值ETF,Y,include:name_etf,宽基,沪深300,股票型,沪深300价值指数收益率×100%,E,L,2023/5/23,,申万菱信基金管理有限公司,fund_type/benchmark/name:broad_index,,,,,,,
560370.SH,易方达中证全指红利质量ETF,Y,include:name_etf,红利策略,红利价值,股票型,中证全指红利质量指数收益率×100%,E,L,2026/2/26,,易方达基金管理有限公司,fund_type/benchmark/name:dividend_value,,,,,,,
560520.SH,大成中证红利低波动100ETF,Y,include:name_etf,红利策略,红利价值,股票型,中证红利低波动100指数收益率×100%,E,L,2024/4/18,,大成基金管理有限公司,fund_type/benchmark/name:dividend_value,,,,,,,
560570.SH,国联安中证A500红利低波动ETF,Y,include:name_etf,宽基,中证A500,股票型,中证A500红利低波动指数收益率×100%,E,L,2025/9/18,,国联安基金管理有限公司,fund_type/benchmark/name:broad_index,,,,,,,
560700.SH,广发中证国新央企股东回报ETF,Y,include:name_etf,红利策略,红利价值,股票型,中证国新央企股东回报指数×100%,E,L,2023/6/6,,广发基金管理有限公司,fund_type/benchmark/name:dividend_value,,,,,,,
560720.SH,工银瑞信中证红利低波动100ETF,Y,include:name_etf,红利策略,红利价值,股票型,中证红利低波动100指数收益率×100%,E,L,2026/6/5,,工银瑞信基金管理有限公司,fund_type/benchmark/name:dividend_value,,,,,,,
560810.SH,融通中证诚通央企ESGETF,Y,include:name_etf,红利策略,红利价值,股票型,中证诚通央企ESG指数收益率×100%,E,L,2024/12/9,,融通基金管理有限公司,fund_type/benchmark/name:dividend_value,,,,,,,
561060.SH,华安中证国有企业红利ETF,Y,include:name_etf,红利策略,红利价值,股票型,中证国有企业红利指数收益率×100%,E,L,2023/9/21,,华安基金管理有限公司,fund_type/benchmark/name:dividend_value,,,,,,,
561260.SH,工银瑞信中证国新央企现代能源ETF,Y,include:name_etf,红利策略,红利价值,股票型,中证国新央企现代能源指数收益率×100%,E,L,2023/8/9,,工银瑞信基金管理有限公司,fund_type/benchmark/name:dividend_value,,,,,,,
561430.SH,博时中证全指红利质量ETF,Y,include:name_etf,红利策略,红利价值,股票型,中证全指红利质量指数收益率×100%,E,L,2026/6/30,,博时基金管理有限公司,fund_type/benchmark/name:dividend_value,,,,,,,
561580.SH,华泰柏瑞中证中央企业红利ETF,Y,include:name_etf,红利策略,红利价值,股票型,中证中央企业红利指数收益率×100%,E,L,2023/5/30,,华泰柏瑞基金管理有限公司,fund_type/benchmark/name:dividend_value,,,,,,,
561680.SH,平安中证A500红利低波动ETF,Y,include:name_etf,宽基,中证A500,股票型,中证A500红利低波动指数收益率×100%,E,L,2025/9/5,,平安基金管理有限公司,fund_type/benchmark/name:broad_index,,,,,,,
561790.SH,博时中证国新央企现代能源ETF,Y,include:name_etf,红利策略,红利价值,股票型,中证国新央企现代能源指数收益率×100%,E,L,2023/8/9,,博时基金管理有限公司,fund_type/benchmark/name:dividend_value,,,,,,,
561960.SH,招商中证国新央企股东回报ETF,Y,include:name_etf,红利策略,红利价值,股票型,中证国新央企股东回报指数收益率×100%,E,L,2023/6/6,,招商基金管理有限公司,fund_type/benchmark/name:dividend_value,,,,,,,
562320.SH,银华沪深300价值ETF,Y,include:name_etf,宽基,沪深300,股票型,沪深300价值指数×100%,E,L,2023/1/12,,银华基金管理股份有限公司,fund_type/benchmark/name:broad_index,,,,,,,
562330.SH,银华中证500价值ETF,Y,include:name_etf,宽基,中证500,股票型,中证500价值指数收益率×100%,E,L,2023/4/18,,银华基金管理股份有限公司,fund_type/benchmark/name:broad_index,,,,,,,
562380.SH,银华中证国新央企科技引领ETF,Y,include:name_etf,红利策略,红利价值,股票型,中证国新央企科技引领指数收益率×100%,E,L,2023/7/6,,银华基金管理股份有限公司,fund_type/benchmark/name:dividend_value,,,,,,,
562530.SH,华夏中证智选1000价值稳健策略ETF,Y,include:name_etf,红利策略,红利价值,股票型,中证智选1000价值稳健策略指数收益率×100%,E,L,2022/8/12,,华夏基金管理有限公司,fund_type/benchmark/name:dividend_value,,,,,,,
562850.SH,嘉实中证国新央企现代能源ETF,Y,include:name_etf,红利策略,红利价值,股票型,中证国新央企现代能源指数×100%,E,L,2023/8/9,,嘉实基金管理有限公司,fund_type/benchmark/name:dividend_value,,,,,,,
563020.SH,易方达中证红利低波动ETF,Y,include:name_etf,红利策略,红利价值,股票型,中证红利低波动指数收益率×100%,E,L,2023/12/14,,易方达基金管理有限公司,fund_type/benchmark/name:dividend_value,,,,,,,
563050.SH,易方达中证国新央企科技引领ETF,Y,include:name_etf,红利策略,红利价值,股票型,中证国新央企科技引领指数收益率×100%,E,L,2023/7/6,,易方达基金管理有限公司,fund_type/benchmark/name:dividend_value,,,,,,,
563060.SH,易方达中证国资央企50ETF,Y,include:name_etf,红利策略,红利价值,股票型,中证国资央企50指数收益率×100%,E,L,2025/5/19,,易方达基金管理有限公司,fund_type/benchmark/name:dividend_value,,,,,,,
563180.SH,银华中证高股息策略ETF,Y,include:name_etf,红利策略,红利价值,股票型,中证高股息策略指数收益率×100%,E,L,2024/5/14,,银华基金管理股份有限公司,fund_type/benchmark/name:dividend_value,,,,,,,
563510.SH,易方达中证A500红利低波动ETF,Y,include:name_etf,宽基,中证A500,股票型,中证A500红利低波动指数收益率×100%,E,L,2025/12/1,,易方达基金管理有限公司,fund_type/benchmark/name:broad_index,,,,,,,
563590.SH,国寿安保中证A500红利低波动ETF,Y,include:name_etf,宽基,中证A500,股票型,中证A500红利低波动指数收益率×100%,E,L,2025/11/5,,国寿安保基金管理有限公司,fund_type/benchmark/name:broad_index,,,,,,,
563690.SH,永赢中证红利低波动ETF,Y,include:name_etf,红利策略,红利价值,股票型,中证红利低波动指数收益率×100%,E,L,2025/10/10,,永赢基金管理有限公司,fund_type/benchmark/name:dividend_value,,,,,,,
563700.SH,易方达中证红利价值ETF,Y,include:name_etf,红利策略,红利价值,股票型,中证红利价值指数收益率×100%,E,L,2025/4/28,,易方达基金管理有限公司,fund_type/benchmark/name:dividend_value,,,,,,,
563890.SH,创金合信中证国有企业红利ETF,Y,include:name_etf,红利策略,红利价值,股票型,中证国有企业红利指数收益率×100%,E,L,2025/10/17,,创金合信基金管理有限公司,fund_type/benchmark/name:dividend_value,,,,,,,
563980.SH,鑫元中证800红利低波动ETF,Y,include:name_etf,红利策略,红利价值,股票型,中证800红利低波动指数收益率×100%,E,L,2025/11/7,,鑫元基金管理有限公司,fund_type/benchmark/name:dividend_value,,,,,,,
588910.SH,建信上证智选科创板创新价值ETF,Y,include:name_etf,红利策略,红利价值,股票型,上证智选科创板创新价值指数收益率×100%,E,L,2025/4/7,,建信基金管理有限责任公司,fund_type/benchmark/name:dividend_value,,,,,,,
589550.SH,华夏上证智选科创板价值50策略ETF,Y,include:name_etf,红利策略,红利价值,股票型,上证智选科创板价值50策略指数收益率×100%,E,L,2025/7/28,,华夏基金管理有限公司,fund_type/benchmark/name:dividend_value,,,,,,,
159001.SZ,易方达保证金收益货币ETF-A,Y,include:name_etf,货币,货币,货币型,活期存款利率(税后)×100%,E,L,2014/10/20,,易方达基金管理有限公司,fund_type:money,,,,,,,
159003.SZ,招商保证金快线货币ETF-A,Y,include:name_etf,货币,货币,货币型,活期存款利率(税后)×100%,E,L,2014/10/20,,招商基金管理有限公司,fund_type:money,,,,,,,
159005.SZ,汇添富收益快钱货币ETF-A,Y,include:name_etf,货币,货币,货币型,活期存款利率(税后)×100%,E,L,2015/1/13,,汇添富基金管理股份有限公司,fund_type:money,,,,,,,
159119.SZ,招商中证800自由现金流ETF,Y,include:name_etf,红利策略,自由现金流,股票型,中证800自由现金流指数收益率×100%,E,L,2025/11/13,,招商基金管理有限公司,fund_type/benchmark/name:free_cash_flow,,,,,,,
159166.SZ,长城国证自由现金流ETF,Y,include:name_etf,红利策略,自由现金流,股票型,国证自由现金流指数收益率×100%,E,L,2026/3/18,,长城基金管理有限公司,fund_type/benchmark/name:free_cash_flow,,,,,,,
159201.SZ,华夏国证自由现金流ETF,Y,include:name_etf,红利策略,自由现金流,股票型,国证自由现金流指数收益率×100%,E,L,2025/2/27,,华夏基金管理有限公司,fund_type/benchmark/name:free_cash_flow,,,,,,,
159221.SZ,嘉实国证自由现金流ETF,Y,include:name_etf,红利策略,自由现金流,股票型,国证自由现金流指数收益率×100%,E,L,2025/5/13,,嘉实基金管理有限公司,fund_type/benchmark/name:free_cash_flow,,,,,,,
159222.SZ,易方达国证自由现金流ETF,Y,include:name_etf,红利策略,自由现金流,股票型,国证自由现金流指数收益率×100%,E,L,2025/4/17,,易方达基金管理有限公司,fund_type/benchmark/name:free_cash_flow,,,,,,,
159223.SZ,永赢国证自由现金流ETF,Y,include:name_etf,红利策略,自由现金流,股票型,国证自由现金流指数收益率×100%,E,L,2025/7/3,,永赢基金管理有限公司,fund_type/benchmark/name:free_cash_flow,,,,,,,
159225.SZ,银华国证自由现金流ETF,Y,include:name_etf,红利策略,自由现金流,股票型,国证自由现金流指数收益率×100%,E,L,2025/4/17,,银华基金管理股份有限公司,fund_type/benchmark/name:free_cash_flow,,,,,,,
159229.SZ,广发中证800自由现金流ETF,Y,include:name_etf,红利策略,自由现金流,股票型,中证800自由现金流指数收益率×100%,E,L,2025/5/15,,广发基金管理有限公司,fund_type/benchmark/name:free_cash_flow,,,,,,,
159232.SZ,南方中证全指自由现金流ETF,Y,include:name_etf,红利策略,自由现金流,股票型,中证全指自由现金流指数收益率×100%,E,L,2025/4/30,,南方基金管理股份有限公司,fund_type/benchmark/name:free_cash_flow,,,,,,,
159233.SZ,平安中证全指自由现金流ETF,Y,include:name_etf,红利策略,自由现金流,股票型,中证全指自由现金流指数收益率×100%,E,L,2025/6/4,,平安基金管理有限公司,fund_type/benchmark/name:free_cash_flow,,,,,,,
159235.SZ,大成中证全指自由现金流ETF,Y,include:name_etf,红利策略,自由现金流,股票型,中证全指自由现金流指数收益率×100%,E,L,2025/4/30,,大成基金管理有限公司,fund_type/benchmark/name:free_cash_flow,,,,,,,
159236.SZ,工银瑞信中证全指自由现金流ETF,Y,include:name_etf,红利策略,自由现金流,股票型,中证全指自由现金流指数收益率×100%,E,L,2025/5/16,,工银瑞信基金管理有限公司,fund_type/benchmark/name:free_cash_flow,,,,,,,
159276.SZ,汇添富国证自由现金流ETF,Y,include:name_etf,红利策略,自由现金流,股票型,国证自由现金流指数收益率×100%,E,L,2025/7/28,,汇添富基金管理股份有限公司,fund_type/benchmark/name:free_cash_flow,,,,,,,
159399.SZ,国泰富时中国A股自由现金流聚焦ETF,Y,include:name_etf,红利策略,自由现金流,股票型,富时中国A股自由现金流聚焦指数(FTSEChinaAFreeCashFlowFocusIndex)收益率×100%,E,L,2025/2/27,,国泰基金管理有限公司,fund_type/benchmark/name:free_cash_flow,,,,,,,
511600.SH,华安日日鑫货币ETF-H,Y,include:name_etf,货币,货币,货币型,7天通知存款利率(税后)×100%,E,L,2016/9/27,,华安基金管理有限公司,fund_type:money,,,,,,,
511620.SH,国泰瞬利货币ETF-A,Y,include:name_etf,货币,货币,货币型,七天通知存款利率(税后)×100%,E,L,2017/9/7,,国泰基金管理有限公司,fund_type:money,,,,,,,
511650.SH,华夏快线货币ETF-E,Y,include:name_etf,货币,货币,货币型,七天通知存款利率(税后)×100%,E,L,2017/1/16,,华夏基金管理有限公司,fund_type:money,,,,,,,
511660.SH,建信现金添益货币ETF-H,Y,include:name_etf,货币,货币,货币型,七天通知存款利率×100%,E,L,2016/9/21,,建信基金管理有限责任公司,fund_type:money,,,,,,,
511670.SH,华泰紫金天天金货币ETF-A,Y,include:name_etf,货币,货币,货币型,七天通知存款利率(税后)×100%,E,L,2017/8/28,,华泰证券(上海)资产管理有限公司,fund_type:money,,,,,,,
511690.SH,大成添益货币ETF-E,Y,include:name_etf,货币,货币,货币型,活期存款利率(税后)×100%,E,L,2016/10/20,,大成基金管理有限公司,fund_type:money,,,,,,,
511700.SH,平安货币ETF-E,Y,include:name_etf,货币,货币,货币型,七天通知存款利率(税后)×100%,E,L,2016/10/17,,平安基金管理有限公司,fund_type:money,,,,,,,
511770.SH,金鹰现金增益货币ETF-E,Y,include:name_etf,货币,货币,货币型,七天通知存款利率(税后)×100%,E,L,2017/4/10,,金鹰基金管理有限公司,fund_type:money,,,,,,,
511800.SH,易方达货币ETF-E,Y,include:name_etf,货币,货币,货币型,活期存款利率(税后)×100%,E,L,2014/12/8,,易方达基金管理有限公司,fund_type:money,,,,,,,
511810.SH,南方理财金货币ETF-H,Y,include:name_etf,货币,货币,货币型,七天通知存款利率(税后)×100%,E,L,2015/1/5,,南方基金管理股份有限公司,fund_type:money,,,,,,,
511820.SH,鹏华添利货币ETF-B,Y,include:name_etf,货币,货币,货币型,活期存款利率(税后)×100%,E,L,2016/2/22,,鹏华基金管理有限公司,fund_type:money,,,,,,,
511830.SH,华泰柏瑞货币ETF-A,Y,include:name_etf,货币,货币,货币型,活期存款利率(税后)×100%,E,L,2015/8/3,,华泰柏瑞基金管理有限公司,fund_type:money,,,,,,,
511850.SH,招商财富宝货币ETF-E,Y,include:name_etf,货币,货币,货币型,活期存款利率(税后)×100%,E,L,2016/7/18,,招商基金管理有限公司,fund_type:money,,,,,,,
511860.SH,博时保证金实时货币ETF-A,Y,include:name_etf,货币,货币,货币型,七天通知存款利率(税后)×100%,E,L,2014/12/9,,博时基金管理有限公司,fund_type:money,,,,,,,
511880.SH,银华货币ETF-A,Y,include:name_etf,货币,货币,货币型,活期存款利率(税后)×100%,E,L,2013/4/18,,银华基金管理股份有限公司,fund_type:money,,,,,,,
511900.SH,富国收益宝货币ETF-H,Y,include:name_etf,货币,货币,货币型,活期存款利率(税后)×100%,E,L,2015/12/9,,富国基金管理有限公司,fund_type:money,,,,,,,
511910.SH,融通易支付货币ETF-E,Y,include:name_etf,货币,货币,货币型,活期存款利率(税后)×100%,E,L,2016/7/4,,融通基金管理有限公司,fund_type:money,,,,,,,
511920.SH,广发货币ETF-E,Y,include:name_etf,货币,货币,货币型,活期存款利率(税后)×100%,E,L,2016/3/28,,广发基金管理有限公司,fund_type:money,,,,,,,
511930.SH,国联日日盈货币ETF-A,Y,include:name_etf,货币,货币,货币型,七天通知存款利率(税后)×100%,E,L,2015/12/15,,国联基金管理有限公司,fund_type:money,,,,,,,
511950.SH,广发添利货币ETF-A,Y,include:name_etf,货币,货币,货币型,活期存款利率(税后)×100%,E,L,2016/12/19,,广发基金管理有限公司,fund_type:money,,,,,,,
511960.SH,嘉实快线货币ETF-H,Y,include:name_etf,货币,货币,货币型,活期存款利率(税后)×100%,E,L,2016/1/11,,嘉实基金管理有限公司,fund_type:money,,,,,,,
511970.SH,国寿安保货币ETF-E,Y,include:name_etf,货币,货币,货币型,7天通知存款利率(税后)×100%,E,L,2016/7/18,,国寿安保基金管理有限公司,fund_type:money,,,,,,,
511980.SH,汇添富添富通货币ETF-E,Y,include:name_etf,货币,货币,货币型,活期存款利率(税后)×100%,E,L,2015/11/2,,汇添富基金管理股份有限公司,fund_type:money,,,,,,,
511990.SH,华宝现金添益货币ETF-A,Y,include:name_etf,货币,货币,货币型,7天通知存款利率(税后)×100%,E,L,2013/1/28,,华宝基金管理有限公司,fund_type:money,,,,,,,
512130.SH,鹏华中证全指自由现金流ETF,Y,include:name_etf,红利策略,自由现金流,股票型,中证全指自由现金流指数收益率×100%,E,L,2025/7/1,,鹏华基金管理有限公司,fund_type/benchmark/name:free_cash_flow,,,,,,,
516460.SH,鹏华中证800自由现金流ETF,Y,include:name_etf,红利策略,自由现金流,股票型,中证800自由现金流指数收益率×100%,E,L,2025/4/28,,鹏华基金管理有限公司,fund_type/benchmark/name:free_cash_flow,,,,,,,
560120.SH,华夏中证500自由现金流ETF,Y,include:name_etf,红利策略,自由现金流,股票型,中证500自由现金流指数收益率×100%,E,L,2025/8/5,,华夏基金管理有限公司,fund_type/benchmark/name:free_cash_flow,,,,,,,
561080.SH,华安中证全指自由现金流ETF,Y,include:name_etf,红利策略,自由现金流,股票型,中证全指自由现金流指数收益率×100%,E,L,2025/4/30,,华安基金管理有限公司,fund_type/benchmark/name:free_cash_flow,,,,,,,
561870.SH,华富中证全指自由现金流ETF,Y,include:name_etf,红利策略,自由现金流,股票型,中证全指自由现金流指数收益率×100%,E,L,2025/5/9,,华富基金管理有限公司,fund_type/benchmark/name:free_cash_flow,,,,,,,
562080.SH,华宝沪深300自由现金流ETF,Y,include:name_etf,红利策略,自由现金流,股票型,沪深300自由现金流指数收益率×100%,E,L,2025/4/15,,华宝基金管理有限公司,fund_type/benchmark/name:free_cash_flow,,,,,,,
563390.SH,华泰柏瑞中证全指自由现金流ETF,Y,include:name_etf,红利策略,自由现金流,股票型,中证全指自由现金流指数收益率×100%,E,L,2025/4/30,,华泰柏瑞基金管理有限公司,fund_type/benchmark/name:free_cash_flow,,,,,,,
563580.SH,万家中证800自由现金流ETF,Y,include:name_etf,红利策略,自由现金流,股票型,中证800自由现金流指数收益率×100%,E,L,2025/7/25,,万家基金管理有限公司,fund_type/benchmark/name:free_cash_flow,,,,,,,
563620.SH,兴业中证全指自由现金流ETF,Y,include:name_etf,红利策略,自由现金流,股票型,中证全指自由现金流指数收益率×100%,E,L,2025/8/20,,兴业基金管理有限公司,fund_type/benchmark/name:free_cash_flow,,,,,,,
563680.SH,汇添富中证800自由现金流ETF,Y,include:name_etf,红利策略,自由现金流,股票型,中证800自由现金流指数收益率×100%,E,L,2025/5/15,,汇添富基金管理股份有限公司,fund_type/benchmark/name:free_cash_flow,,,,,,,
563760.SH,中银中证全指自由现金流ETF,Y,include:name_etf,红利策略,自由现金流,股票型,中证全指自由现金流指数收益率×100%,E,L,2025/6/6,,中银基金管理有限公司,fund_type/benchmark/name:free_cash_flow,,,,,,,
563770.SH,招商中证全指自由现金流ETF,Y,include:name_etf,红利策略,自由现金流,股票型,中证全指自由现金流指数收益率×100%,E,L,2025/5/16,,招商基金管理有限公司,fund_type/benchmark/name:free_cash_flow,,,,,,,
563780.SH,方正富邦中证全指自由现金流ETF,Y,include:name_etf,红利策略,自由现金流,股票型,中证全指自由现金流指数收益率×100%,E,L,2025/5/13,,方正富邦基金管理有限公司,fund_type/benchmark/name:free_cash_flow,,,,,,,
563830.SH,博时中证全指自由现金流ETF,Y,include:name_etf,红利策略,自由现金流,股票型,中证全指自由现金流指数收益率×100%,E,L,2025/5/22,,博时基金管理有限公司,fund_type/benchmark/name:free_cash_flow,,,,,,,
563900.SH,摩根沪深300自由现金流ETF,Y,include:name_etf,红利策略,自由现金流,股票型,沪深300自由现金流指数收益率×100%,E,L,2025/5/7,,摩根基金管理(中国)有限公司,fund_type/benchmark/name:free_cash_flow,,,,,,,
563990.SH,富国中证800自由现金流ETF,Y,include:name_etf,红利策略,自由现金流,股票型,中证800自由现金流指数收益率×100%,E,L,2025/4/24,,富国基金管理有限公司,fund_type/benchmark/name:free_cash_flow,,,,,,,
159008.SZ,景顺长城中证全指证券公司ETF,Y,include:name_etf,金融,证券,股票型,中证全指证券公司指数收益率×100%,E,L,2026/4/28,,景顺长城基金管理有限公司,sw2021:index_classify,,851931.SI,证券Ⅲ,L3,490100,证券公司,sw2021:alias
159016.SZ,广发中证证券公司30ETF,Y,include:name_etf,金融,证券,股票型,中证证券公司30指数收益率×100%,E,L,2026/5/14,,广发基金管理有限公司,sw2021:index_classify,,851931.SI,证券Ⅲ,L3,490100,证券公司,sw2021:alias
159103.SZ,汇添富中证金融科技主题ETF,Y,include:name_etf,科技,金融科技,股票型,中证金融科技主题指数收益率×100%,E,L,2025/9/10,,汇添富基金管理股份有限公司,fund_type/benchmark/name:financial_real_estate,,,,,,,
159253.SZ,博时中证银行ETF,Y,include:name_etf,金融,银行,股票型,中证银行指数收益率×100%,E,L,2025/12/8,,博时基金管理有限公司,sw2021:index_classify,,801780.SI,银行,L1,0,银行,sw2021:industry_name
159260.SZ,博时中证全指证券公司ETF,Y,include:name_etf,金融,证券,股票型,中证全指证券公司指数收益率×100%,E,L,2025/11/4,,博时基金管理有限公司,sw2021:index_classify,,851931.SI,证券Ⅲ,L3,490100,证券公司,sw2021:alias
159299.SZ,易方达中证金融科技主题ETF,Y,include:name_etf,科技,金融科技,股票型,中证金融科技主题指数收益率×100%,E,L,2025/9/11,,易方达基金管理有限公司,fund_type/benchmark/name:financial_real_estate,,,,,,,
159692.SZ,东财中证证券公司30ETF,Y,include:name_etf,金融,证券,股票型,中证证券公司30指数收益率×100%,E,L,2023/5/23,,东财基金管理有限公司,sw2021:index_classify,,851931.SI,证券Ⅲ,L3,490100,证券公司,sw2021:alias
159707.SZ,华宝中证800地产ETF,Y,include:name_etf,金融,房地产,股票型,中证800地产指数收益率×100%,E,L,2021/11/12,,华宝基金管理有限公司,sw2021:index_classify,,801181.SI,房地产开发,L2,430000,地产,sw2021:alias
159730.SZ,博时国证龙头家电ETF,Y,include:name_etf,金融,银行,股票型,国证龙头家电指数收益率×95%+银行活期存款利率(税后)×5%,E,L,2021/12/24,,博时基金管理有限公司,sw2021:index_classify,,801780.SI,银行,L1,0,银行,sw2021:industry_name
159768.SZ,银华中证内地地产主题ETF,Y,include:name_etf,金融,房地产,股票型,中证内地地产主题指数收益率×100%,E,L,2022/2/16,,银华基金管理股份有限公司,sw2021:index_classify,,801181.SI,房地产开发,L2,430000,地产,sw2021:alias
159821.SZ,中银证券创业板ETF,Y,include:name_etf,宽基,创业板,股票型,创业板指数收益率×100%,E,L,2020/10/29,,中银国际证券股份有限公司,fund_type/benchmark/name:broad_index,,,,,,,
159841.SZ,天弘中证全指证券公司ETF,Y,include:name_etf,金融,证券,股票型,中证全指证券公司指数×100%,E,L,2021/2/9,,天弘基金管理有限公司,sw2021:index_classify,,851931.SI,证券Ⅲ,L3,490100,证券公司,sw2021:alias
159842.SZ,银华中证全指证券公司ETF,Y,include:name_etf,金融,证券,股票型,中证全指证券公司指数收益率×100%,E,L,2021/3/19,,银华基金管理股份有限公司,sw2021:index_classify,,851931.SI,证券Ⅲ,L3,490100,证券公司,sw2021:alias
159848.SZ,国联安中证全指证券公司ETF,Y,include:name_etf,金融,证券,股票型,中证全指证券公司指数×100%,E,L,2021/3/12,,国联安基金管理有限公司,sw2021:index_classify,,851931.SI,证券Ⅲ,L3,490100,证券公司,sw2021:alias
159851.SZ,华宝中证金融科技主题ETF,Y,include:name_etf,科技,金融科技,股票型,中证金融科技主题指数收益率×100%,E,L,2021/3/19,,华宝基金管理有限公司,fund_type/benchmark/name:financial_real_estate,,,,,,,
159887.SZ,富国中证800银行ETF,Y,include:name_etf,金融,银行,股票型,中证800银行指数收益率×100%,E,L,2021/5/20,,富国基金管理有限公司,sw2021:index_classify,,801780.SI,银行,L1,0,银行,sw2021:industry_name
159903.SZ,南方深证成份ETF,Y,include:name_etf,宽基,深证成指,股票型,深圳证券交易所成份指数×100%,E,L,2010/2/2,,南方基金管理股份有限公司,fund_type/benchmark/name:broad_index,,,,,,,
159931.SZ,汇添富中证金融地产ETF,Y,include:name_etf,金融,房地产,股票型,中证金融地产指数×100%,E,L,2013/9/16,,汇添富基金管理股份有限公司,sw2021:index_classify,,801181.SI,房地产开发,L2,430000,地产,sw2021:alias
159933.SZ,国投瑞银沪深300金融地产ETF,Y,include:name_etf,宽基,沪深300,股票型,沪深300金融地产指数×100%,E,L,2013/10/16,,国投瑞银基金管理有限公司,fund_type/benchmark/name:broad_index,,,,,,,
159940.SZ,广发中证全指金融地产ETF,Y,include:name_etf,金融,房地产,股票型,中证全指金融地产指数×100%,E,L,2015/4/17,,广发基金管理有限公司,sw2021:index_classify,,801181.SI,房地产开发,L2,430000,地产,sw2021:alias
159943.SZ,大成深证成份ETF,Y,include:name_etf,宽基,深证成指,股票型,深圳证券交易所成份指数×100%,E,L,2015/7/8,,大成基金管理有限公司,fund_type/benchmark/name:broad_index,,,,,,,
159993.SZ,鹏华国证证券龙头ETF,Y,include:name_etf,金融,证券,股票型,国证证券龙头指数收益率×100%,E,L,2020/2/7,,鹏华基金管理有限公司,sw2021:index_classify,,801193.SI,证券Ⅱ,L2,490000,证券,sw2021:industry_name_simplified
510050.SH,华夏上证50ETF,Y,include:name_etf,宽基,上证50,股票型,上海证券交易所50成份指数×100%,E,L,2005/2/23,,华夏基金管理有限公司,fund_type/benchmark/name:broad_index,,,,,,,
510180.SH,华安上证180ETF,Y,include:name_etf,宽基,上证180,股票型,上海证券交易所180成份指数×100%,E,L,2006/5/18,,华安基金管理有限公司,fund_type/benchmark/name:broad_index,,,,,,,
510200.SH,汇安上证证券ETF,Y,include:name_etf,金融,证券,股票型,上证证券行业指数收益率×100%,E,L,2020/5/8,,汇安基金管理有限责任公司,sw2021:index_classify,,801193.SI,证券Ⅱ,L2,490000,证券,sw2021:industry_name_simplified
510210.SH,富国上证综指ETF,Y,include:name_etf,宽基,上证综指,股票型,上海证券交易所综合指数×100%,E,L,2011/3/25,,富国基金管理有限公司,fund_type/benchmark/name:broad_index,,,,,,,
510230.SH,国泰上证180金融ETF,Y,include:name_etf,宽基,上证180,股票型,上证180金融股指数×100%,E,L,2011/5/23,,国泰基金管理有限公司,fund_type/benchmark/name:broad_index,,,,,,,
510650.SH,华夏上证金融地产ETF,Y,include:name_etf,金融,房地产,股票型,上证金融地产行业指数×100%,E,L,2013/5/8,,华夏基金管理有限公司,sw2021:index_classify,,801181.SI,房地产开发,L2,430000,地产,sw2021:alias
510680.SH,万家上证50ETF,Y,include:name_etf,宽基,上证50,股票型,上海证券交易所50成份指数×100%,E,L,2015/12/15,,万家基金管理有限公司,fund_type/benchmark/name:broad_index,,,,,,,
510710.SH,博时上证50ETF,Y,include:name_etf,宽基,上证50,股票型,上海证券交易所50成份指数×100%,E,L,2015/6/15,,博时基金管理有限公司,fund_type/benchmark/name:broad_index,,,,,,,
510800.SH,建信上证50ETF,Y,include:name_etf,宽基,上证50,股票型,上海证券交易所50成份指数×100%,E,L,2018/1/15,,建信基金管理有限责任公司,fund_type/benchmark/name:broad_index,,,,,,,
512000.SH,华宝中证全指证券公司ETF,Y,include:name_etf,金融,证券,股票型,中证全指证券公司指数×100%,E,L,2016/9/14,,华宝基金管理有限公司,sw2021:index_classify,,851931.SI,证券Ⅲ,L3,490100,证券公司,sw2021:alias
512070.SH,易方达沪深300非银行金融ETF,Y,include:name_etf,宽基,沪深300,股票型,沪深300非银行金融指数×100%,E,L,2014/7/18,,易方达基金管理有限公司,fund_type/benchmark/name:broad_index,,,,,,,
512200.SH,南方中证全指房地产ETF,Y,include:name_etf,金融,房地产,股票型,中证全指房地产指数×100%,E,L,2017/9/25,,南方基金管理股份有限公司,sw2021:index_classify,,801180.SI,房地产,L1,0,房地产,sw2021:industry_name
512570.SH,易方达中证全指证券公司ETF,Y,include:name_etf,金融,证券,股票型,中证全指证券公司指数×100%,E,L,2017/8/11,,易方达基金管理有限公司,sw2021:index_classify,,851931.SI,证券Ⅲ,L3,490100,证券公司,sw2021:alias
512640.SH,嘉实中证金融地产ETF,Y,include:name_etf,金融,房地产,股票型,中证金融地产指数×100%,E,L,2014/7/25,,嘉实基金管理有限公司,sw2021:index_classify,,801181.SI,房地产开发,L2,430000,地产,sw2021:alias
512700.SH,南方中证银行ETF,Y,include:name_etf,金融,银行,股票型,中证银行指数×100%,E,L,2017/7/26,,南方基金管理股份有限公司,sw2021:index_classify,,801780.SI,银行,L1,0,银行,sw2021:industry_name
512730.SH,鹏华中证银行ETF,Y,include:name_etf,金融,银行,股票型,中证银行指数收益率×100%,E,L,2020/2/7,,鹏华基金管理有限公司,sw2021:index_classify,,801780.SI,银行,L1,0,银行,sw2021:industry_name
512800.SH,华宝中证银行ETF,Y,include:name_etf,金融,银行,股票型,中证银行指数×100%,E,L,2017/8/3,,华宝基金管理有限公司,sw2021:index_classify,,801780.SI,银行,L1,0,银行,sw2021:industry_name
512820.SH,汇添富中证银行ETF,Y,include:name_etf,金融,银行,股票型,中证银行指数收益率×100%,E,L,2018/11/23,,汇添富基金管理股份有限公司,sw2021:index_classify,,801780.SI,银行,L1,0,银行,sw2021:industry_name
512880.SH,国泰中证全指证券公司ETF,Y,include:name_etf,金融,证券,股票型,中证全指证券公司指数×100%,E,L,2016/8/8,,国泰基金管理有限公司,sw2021:index_classify,,851931.SI,证券Ⅲ,L3,490100,证券公司,sw2021:alias
512900.SH,南方中证全指证券公司ETF,Y,include:name_etf,金融,证券,股票型,中证全指证券公司指数×100%,E,L,2017/3/31,,南方基金管理股份有限公司,sw2021:index_classify,,851931.SI,证券Ⅲ,L3,490100,证券公司,sw2021:alias
515010.SH,华夏中证全指证券公司ETF,Y,include:name_etf,金融,证券,股票型,中证全指证券公司指数收益率×100%,E,L,2019/11/7,,华夏基金管理有限公司,sw2021:index_classify,,851931.SI,证券Ⅲ,L3,490100,证券公司,sw2021:alias
515020.SH,华夏中证银行ETF,Y,include:name_etf,金融,银行,股票型,中证银行指数收益率×100%,E,L,2019/12/3,,华夏基金管理有限公司,sw2021:index_classify,,801780.SI,银行,L1,0,银行,sw2021:industry_name
515060.SH,华夏中证全指房地产ETF,Y,include:name_etf,金融,房地产,股票型,中证全指房地产指数收益率×100%,E,L,2020/1/3,,华夏基金管理有限公司,sw2021:index_classify,,801180.SI,房地产,L1,0,房地产,sw2021:industry_name
515190.SH,中银证券中证500ETF,Y,include:name_etf,宽基,中证500,股票型,中证500指数收益率×100%,E,L,2020/5/27,,中银国际证券股份有限公司,fund_type/benchmark/name:broad_index,,,,,,,
515290.SH,天弘中证银行ETF,Y,include:name_etf,金融,银行,股票型,中证银行指数收益率×100%,E,L,2020/12/28,,天弘基金管理有限公司,sw2021:index_classify,,801780.SI,银行,L1,0,银行,sw2021:industry_name
515560.SH,建信中证全指证券公司ETF,Y,include:name_etf,金融,证券,股票型,中证全指证券公司指数收益率×100%,E,L,2020/7/20,,建信基金管理有限责任公司,sw2021:index_classify,,851931.SI,证券Ⅲ,L3,490100,证券公司,sw2021:alias
515630.SH,鹏华中证800证券保险ETF,Y,include:name_etf,金融,证券,股票型,中证800证券保险指数收益率×100%,E,L,2020/4/3,,鹏华基金管理有限公司,sw2021:index_classify,,801193.SI,证券Ⅱ,L2,490000,证券,sw2021:industry_name_simplified
515720.SH,富国中证金融科技主题ETF,Y,include:name_etf,科技,金融科技,股票型,中证金融科技主题指数收益率×100%,E,L,2025/10/9,,富国基金管理有限公司,fund_type/benchmark/name:financial_real_estate,,,,,,,
515850.SH,富国中证全指证券公司ETF,Y,include:name_etf,金融,证券,股票型,中证全指证券公司指数收益率×100%,E,L,2020/2/21,,富国基金管理有限公司,sw2021:index_classify,,851931.SI,证券Ⅲ,L3,490100,证券公司,sw2021:alias
516100.SH,华夏中证金融科技主题ETF,Y,include:name_etf,科技,金融科技,股票型,中证金融科技主题指数收益率×100%,E,L,2021/7/23,,华夏基金管理有限公司,fund_type/benchmark/name:financial_real_estate,,,,,,,
516200.SH,华安中证全指证券公司ETF,Y,include:name_etf,金融,证券,股票型,中证全指证券公司指数收益率×100%,E,L,2021/3/22,,华安基金管理有限公司,sw2021:index_classify,,851931.SI,证券Ⅲ,L3,490100,证券公司,sw2021:alias
516210.SH,华安中证银行ETF,Y,include:name_etf,金融,银行,股票型,中证银行指数收益率×100%,E,L,2021/9/24,,华安基金管理有限公司,sw2021:index_classify,,801780.SI,银行,L1,0,银行,sw2021:industry_name
516310.SH,易方达中证银行ETF,Y,include:name_etf,金融,银行,股票型,中证银行指数收益率×100%,E,L,2021/5/28,,易方达基金管理有限公司,sw2021:index_classify,,801780.SI,银行,L1,0,银行,sw2021:industry_name
516730.SH,浦银安盛中证证券公司30ETF,Y,include:name_etf,金融,证券,股票型,中证证券公司30指数收益率×100%,E,L,2021/11/12,,浦银安盛基金管理有限公司,sw2021:index_classify,,851931.SI,证券Ⅲ,L3,490100,证券公司,sw2021:alias
516860.SH,博时中证金融科技主题ETF,Y,include:name_etf,科技,金融科技,股票型,中证金融科技主题指数收益率×100%,E,L,2021/10/11,,博时基金管理有限公司,fund_type/benchmark/name:financial_real_estate,,,,,,,
516980.SH,华富中证证券公司先锋策略ETF,Y,include:name_etf,金融,证券,股票型,中证证券公司先锋策略指数收益率×100%,E,L,2021/6/24,,华富基金管理有限公司,sw2021:index_classify,,851931.SI,证券Ⅲ,L3,490100,证券公司,sw2021:alias
517900.SH,招商中证银行AH价格优选ETF,Y,include:name_etf,金融,银行,股票型,中证银行AH价格优选指数(人民币)×100%,E,L,2022/3/25,,招商基金管理有限公司,sw2021:index_classify,,801780.SI,银行,L1,0,银行,sw2021:industry_name
560090.SH,汇添富中证全指证券公司ETF,Y,include:name_etf,金融,证券,股票型,中证全指证券公司指数收益率×100%,E,L,2023/3/15,,汇添富基金管理股份有限公司,sw2021:index_classify,,851931.SI,证券Ⅲ,L3,490100,证券公司,sw2021:alias
560400.SH,华泰柏瑞中证全指证券公司ETF,Y,include:name_etf,金融,证券,股票型,中证全指证券公司指数收益率×100%,E,L,2026/3/19,,华泰柏瑞基金管理有限公司,sw2021:index_classify,,851931.SI,证券Ⅲ,L3,490100,证券公司,sw2021:alias
560670.SH,华泰柏瑞中证银行ETF,Y,include:name_etf,金融,银行,股票型,中证银行指数收益率×100%,E,L,2026/6/8,,华泰柏瑞基金管理有限公司,sw2021:index_classify,,801780.SI,银行,L1,0,银行,sw2021:industry_name
562870.SH,嘉实中证全指证券公司ETF,Y,include:name_etf,金融,证券,股票型,中证全指证券公司指数收益率×100%,E,L,2025/7/25,,嘉实基金管理有限公司,sw2021:index_classify,,851931.SI,证券Ⅲ,L3,490100,证券公司,sw2021:alias
563570.SH,兴业中证金融科技主题ETF,Y,include:name_etf,科技,金融科技,股票型,中证金融科技主题指数收益率×100%,E,L,2025/11/11,,兴业基金管理有限公司,fund_type/benchmark/name:financial_real_estate,,,,,,,
563670.SH,鹏华中证金融科技主题ETF,Y,include:name_etf,科技,金融科技,股票型,中证金融科技主题指数收益率×100%,E,L,2025/10/14,,鹏华基金管理有限公司,fund_type/benchmark/name:financial_real_estate,,,,,,,
