fund_code,name,trade_date,prev_trade_date,request_start_date,request_end_date,share_change,share_change_pct,review_layer,review_reason,category,subcategory,fund_type,list_date,days_since_list,share_ratio,nearest_integer_ratio,integer_ratio_error
159001.SZ,易方达保证金收益货币ETF-A,20230103,20221230,20221226,20230110,141040.35,0.9499779008099982,low_suspicion_observation,low:money_etf_noise;high:positive_integer_ratio,货币,货币,货币型,20141020,2997.0,1.9499779008099982,2.0,0.05002209919000178
560680.SH,广发中证主要消费ETF,20230105,20230104,20221228,20230112,1950.0000000000005,0.7033211183887816,low_suspicion_observation,low:ordinary_large_subscription_redemption,消费,消费综合,股票型,20221031,66.0,1.7033211183887818,2.0,0.29667888161121825
159728.SZ,南方国证在线消费ETF,20230106,20230105,20221229,20230113,2400.0,0.50622093856779,low_suspicion_observation,low:ordinary_large_subscription_redemption,消费,消费综合,股票型,20220111,360.0,1.50622093856779,2.0,0.49377906143220995
588320.SH,广发中证科创创业50增强策略ETF,20230106,20230105,20221229,20230113,-12000.0029,-0.5067041781368102,low_suspicion_observation,low:listed_less_than_60d;high:negative_change_le_-0.50,宽基,科创创业50,股票型,20230106,0.0,0.4932958218631897,0.0,0.4932958218631897
588320.SH,广发中证科创创业50增强策略ETF,20230109,20230106,20221230,20230116,-6299.999999999999,-0.5392699825208046,low_suspicion_observation,low:listed_less_than_60d;high:negative_change_le_-0.50,宽基,科创创业50,股票型,20230106,3.0,0.46073001747919534,0.0,0.46073001747919534
510770.SH,申万菱信上证G60战略新兴产业成份ETF,20230112,20230111,20230105,20230119,1649.9999999999995,0.5390272029061731,low_suspicion_observation,low:ordinary_large_subscription_redemption,宽基,其他,股票型,20210928,471.0,1.5390272029061731,2.0,0.4609727970938269
159001.SZ,易方达保证金收益货币ETF-A,20230130,20230120,20230116,20230206,112216.99000000002,0.6300260197282822,low_suspicion_observation,low:money_etf_noise,货币,货币,货币型,20141020,3024.0,1.630026019728282,2.0,0.3699739802717179
159944.SZ,广发中证全指原材料ETF,20230203,20230202,20230120,20230210,1199.9999999999998,0.6814951685967934,low_suspicion_observation,low:ordinary_large_subscription_redemption,周期,原材料,股票型,20150706,2769.0,1.6814951685967934,2.0,0.3185048314032066
159620.SZ,华夏中证智选500成长创新策略ETF,20230207,20230206,20230131,20230214,1899.9999999999995,0.5406799944475008,low_suspicion_observation,low:ordinary_large_subscription_redemption,宽基,其他,股票型,20220805,186.0,1.540679994447501,2.0,0.4593200055524991
159731.SZ,华夏中证石化产业ETF,20230210,20230209,20230203,20230217,2800.0000000000005,0.7296264453313577,low_suspicion_observation,low:ordinary_large_subscription_redemption,周期,化工,股票型,20211210,427.0,1.7296264453313577,2.0,0.2703735546686423
159666.SZ,华夏中证全指运输ETF,20230214,20230213,20230207,20230221,-45500.0,-0.5000918273009701,low_suspicion_observation,low:listed_less_than_60d;high:negative_change_le_-0.50,周期,交通运输,股票型,20230213,1.0,0.4999081726990298,0.0,0.4999081726990298
517170.SH,华夏中证沪港深500ETF,20230216,20230215,20230209,20230223,2500.0,0.5419255264264563,low_suspicion_observation,low:ordinary_large_subscription_redemption,港股,港股宽基,股票型,20210420,667.0,1.5419255264264564,2.0,0.4580744735735436
159689.SZ,南方中证主要消费ETF,20230314,20230313,20230307,20230321,-22200.0,-0.5809270851541003,low_suspicion_observation,low:listed_less_than_60d;high:negative_change_le_-0.50,消费,消费综合,股票型,20230313,1.0,0.41907291484589965,0.0,0.41907291484589965
517660.SH,天弘中证沪港深物联网主题ETF,20230321,20230320,20230314,20230328,2759.9999999999995,0.6920640811219461,low_suspicion_observation,low:ordinary_large_subscription_redemption,港股,港股科技,股票型,20211025,512.0,1.692064081121946,2.0,0.30793591887805394
513380.SH,广发恒生科技ETF(QDII),20230322,20230321,20230315,20230329,12450.0,0.7459891846547928,low_suspicion_observation,low:ordinary_large_subscription_redemption,港股,港股科技,股票型,20220512,314.0,1.7459891846547928,2.0,0.2540108153452072
159650.SZ,博时中债0-3年国开行债券ETF,20230328,20230327,20230321,20230404,1519.0,0.5216669329377411,low_suspicion_observation,low:ordinary_large_subscription_redemption,债券,政金债,债券型,20221028,151.0,1.521666932937741,2.0,0.478333067062259
516200.SH,华安中证全指证券公司ETF,20230330,20230329,20230323,20230407,2299.9999999999995,0.5664466555019209,low_suspicion_observation,low:ordinary_large_subscription_redemption,金融,证券,股票型,20210322,738.0,1.566446655501921,2.0,0.43355334449807903
516210.SH,华安中证银行ETF,20230330,20230329,20230323,20230407,2070.0000000000005,0.5094632177401492,low_suspicion_observation,low:ordinary_large_subscription_redemption,金融,银行,股票型,20210924,552.0,1.5094632177401492,2.0,0.49053678225985076
516900.SH,华安中证申万食品饮料ETF,20230330,20230329,20230323,20230407,2550.0,0.5516018083886738,low_suspicion_observation,low:ordinary_large_subscription_redemption,消费,食品饮料,股票型,20210428,701.0,1.5516018083886738,2.0,0.4483981916113262
159001.SZ,易方达保证金收益货币ETF-A,20230331,20230330,20230324,20230410,-186965.44999999998,-0.8733888836569299,low_suspicion_observation,low:money_etf_noise;high:negative_change_le_-0.50,货币,货币,货币型,20141020,3084.0,0.12661111634307,0.0,0.12661111634307
159001.SZ,易方达保证金收益货币ETF-A,20230403,20230331,20230327,20230411,146965.59,5.422382193302639,low_suspicion_observation,low:money_etf_noise;high:positive_change_ge_1.20,货币,货币,货币型,20141020,3087.0,6.4223821933026395,6.0,0.4223821933026395
159620.SZ,华夏中证智选500成长创新策略ETF,20230403,20230331,20230327,20230411,1899.9999999999995,0.5406799944475008,low_suspicion_observation,low:ordinary_large_subscription_redemption,宽基,其他,股票型,20220805,241.0,1.540679994447501,2.0,0.4593200055524991
159627.SZ,华夏中证A100ETF,20230403,20230331,20230327,20230411,2000.0,0.6039235220240038,low_suspicion_observation,low:ordinary_large_subscription_redemption,宽基,其他,股票型,20221130,124.0,1.6039235220240038,2.0,0.3960764779759962
159685.SZ,天弘中证1000增强策略ETF,20230404,20230403,20230328,20230412,-18400.0,-0.6537804014948589,low_suspicion_observation,low:listed_less_than_60d;high:negative_change_le_-0.50,宽基,中证1000,股票型,20230403,1.0,0.34621959850514106,0.0,0.34621959850514106
517180.SH,南方富时中国国企开放共赢ETF,20230404,20230403,20230328,20230412,6000.000000000002,0.5741830093505705,low_suspicion_observation,low:ordinary_large_subscription_redemption,宽基,其他,股票型,20211228,462.0,1.5741830093505704,2.0,0.42581699064942957
159001.SZ,易方达保证金收益货币ETF-A,20230406,20230404,20230329,20230413,109677.70999999999,0.6370223786080538,low_suspicion_observation,low:money_etf_noise,货币,货币,货币型,20141020,3090.0,1.6370223786080538,2.0,0.3629776213919462
562350.SH,银华中证全指电力公用事业ETF,20230406,20230404,20230329,20230413,2100.0,0.5930377369679957,low_suspicion_observation,low:ordinary_large_subscription_redemption,公用事业,电力,股票型,20220712,268.0,1.5930377369679958,2.0,0.4069622630320042
513120.SH,广发中证香港创新药ETF(QDII),20230411,20230410,20230403,20230418,44700.0,0.6272492216917656,low_suspicion_observation,low:ordinary_large_subscription_redemption,港股,港股医药,股票型,20220712,273.0,1.6272492216917656,2.0,0.37275077830823444
562960.SH,易方达中证绿色电力ETF,20230412,20230411,20230404,20230419,-11899.999999999998,-0.5023407389896619,low_suspicion_observation,low:listed_less_than_60d;high:negative_change_le_-0.50,公用事业,电力,股票型,20230412,0.0,0.49765926101033814,0.0,0.49765926101033814
510770.SH,申万菱信上证G60战略新兴产业成份ETF,20230414,20230413,20230407,20230421,2550.0,0.5984412365908094,low_suspicion_observation,low:ordinary_large_subscription_redemption,宽基,其他,股票型,20210928,563.0,1.5984412365908094,2.0,0.4015587634091906
159788.SZ,易方达中证港股通中国100ETF,20230420,20230419,20230413,20230427,2000.0,0.5809737206704495,low_suspicion_observation,low:ordinary_large_subscription_redemption,港股,港股综合,股票型,20220302,414.0,1.5809737206704495,2.0,0.4190262793295505
159895.SZ,易方达中证物联网主题ETF,20230426,20230425,20230419,20230508,2699.9999999999995,0.6880407108082326,low_suspicion_observation,low:ordinary_large_subscription_redemption,科技,通信,股票型,20211021,552.0,1.6880407108082327,2.0,0.3119592891917673
159944.SZ,广发中证全指原材料ETF,20230428,20230427,20230421,20230510,2200.0000000000005,0.7430338382338331,low_suspicion_observation,low:ordinary_large_subscription_redemption,周期,原材料,股票型,20150706,2853.0,1.743033838233833,2.0,0.25696616176616693
560090.SH,汇添富中证全指证券公司ETF,20230510,20230509,20230428,20230517,19200.0,0.5380185784540372,low_suspicion_observation,low:listed_less_than_60d,金融,证券,股票型,20230315,56.0,1.5380185784540372,2.0,0.4619814215459628
516700.SH,华宝中证大数据产业ETF,20230516,20230515,20230509,20230523,1950.0,0.579977395752781,low_suspicion_observation,low:ordinary_large_subscription_redemption,科技,人工智能,股票型,20210519,727.0,1.579977395752781,2.0,0.42002260424721904
562350.SH,银华中证全指电力公用事业ETF,20230519,20230518,20230512,20230526,1800.0,0.5387463372731653,low_suspicion_observation,low:ordinary_large_subscription_redemption,公用事业,电力,股票型,20220712,311.0,1.5387463372731653,2.0,0.46125366272683466
159866.SZ,工银瑞信大和日经225ETF(QDII),20230522,20230519,20230515,20230529,9499.999999999998,0.6485554618381534,low_suspicion_observation,low:ordinary_large_subscription_redemption,海外,海外,股票型,20210408,774.0,1.6485554618381533,2.0,0.35144453816184673
516700.SH,华宝中证大数据产业ETF,20230530,20230529,20230523,20230606,1850.0,0.5267353795341951,low_suspicion_observation,low:ordinary_large_subscription_redemption,科技,人工智能,股票型,20210519,741.0,1.5267353795341951,2.0,0.47326462046580486
159970.SZ,工银瑞信深证100ETF,20230531,20230530,20230524,20230607,359.99999999999994,0.7587278999423365,low_suspicion_observation,low:ordinary_large_subscription_redemption,宽基,深证100,股票型,20200110,1237.0,1.7587278999423366,2.0,0.24127210005766342
159970.SZ,工银瑞信深证100ETF,20230601,20230531,20230525,20230608,450.0,0.5392590149727063,low_suspicion_observation,low:ordinary_large_subscription_redemption,宽基,深证100,股票型,20200110,1238.0,1.5392590149727063,2.0,0.46074098502729366
159728.SZ,南方国证在线消费ETF,20230602,20230601,20230526,20230609,2349.9999999999995,0.73644327793222,low_suspicion_observation,low:ordinary_large_subscription_redemption,消费,消费综合,股票型,20220111,507.0,1.73644327793222,2.0,0.2635567220677799
159711.SZ,华夏中证港股通50ETF,20230606,20230605,20230530,20230613,2200.0,0.6383258315057146,low_suspicion_observation,low:ordinary_large_subscription_redemption,港股,港股宽基,股票型,20211228,525.0,1.6383258315057145,2.0,0.36167416849428546
511620.SH,国泰瞬利货币ETF-A,20230613,20230612,20230606,20230620,9995.0,0.9996999399879976,low_suspicion_observation,low:money_etf_noise;high:positive_integer_ratio,货币,货币,货币型,20170907,2105.0,1.9996999399879976,2.0,0.0003000600120024455
511620.SH,国泰瞬利货币ETF-A,20230614,20230613,20230607,20230621,9997.0,0.5000250087530635,low_suspicion_observation,low:money_etf_noise,货币,货币,货币型,20170907,2106.0,1.5000250087530635,2.0,0.49997499124693645
159677.SZ,银华中证1000增强策略ETF,20230615,20230614,20230608,20230626,7200.0,0.5585548095599231,low_suspicion_observation,low:ordinary_large_subscription_redemption,宽基,中证1000,股票型,20221205,192.0,1.558554809559923,2.0,0.4414451904400769
516210.SH,华安中证银行ETF,20230615,20230614,20230608,20230626,1860.0000000000005,0.5063842530832269,low_suspicion_observation,low:ordinary_large_subscription_redemption,金融,银行,股票型,20210924,629.0,1.5063842530832268,2.0,0.49361574691677323
516200.SH,华安中证全指证券公司ETF,20230616,20230615,20230609,20230627,6000.0,0.62758880381574,low_suspicion_observation,low:ordinary_large_subscription_redemption,金融,证券,股票型,20210322,816.0,1.62758880381574,2.0,0.37241119618426
510570.SH,兴业中证500ETF,20230619,20230616,20230612,20230628,2000.0000000000005,0.525477790681177,low_suspicion_observation,low:ordinary_large_subscription_redemption,宽基,中证500,股票型,20200812,1041.0,1.525477790681177,2.0,0.47452220931882305
516200.SH,华安中证全指证券公司ETF,20230619,20230616,20230612,20230628,8700.000000000002,0.5591115909616721,low_suspicion_observation,low:ordinary_large_subscription_redemption,金融,证券,股票型,20210322,819.0,1.559111590961672,2.0,0.44088840903832804
516210.SH,华安中证银行ETF,20230619,20230616,20230612,20230628,4830.0,0.6327704340307345,low_suspicion_observation,low:ordinary_large_subscription_redemption,金融,银行,股票型,20210924,633.0,1.6327704340307345,2.0,0.3672295659692655
516210.SH,华安中证银行ETF,20230620,20230619,20230613,20230629,7019.999999999998,0.5632627516428496,low_suspicion_observation,low:ordinary_large_subscription_redemption,金融,银行,股票型,20210924,634.0,1.5632627516428494,2.0,0.43673724835715055
516570.SH,易方达中证石化产业ETF,20230628,20230627,20230619,20230705,2800.0,0.6937974507899379,low_suspicion_observation,low:ordinary_large_subscription_redemption,周期,化工,股票型,20210618,740.0,1.6937974507899378,2.0,0.3062025492100622
561170.SH,富国中证绿色电力ETF,20230628,20230627,20230619,20230705,15949.999999999996,0.6700760021627279,low_suspicion_observation,low:ordinary_large_subscription_redemption,公用事业,电力,股票型,20230316,104.0,1.670076002162728,2.0,0.3299239978372721
561320.SH,国泰中证内地运输主题ETF,20230628,20230627,20230619,20230705,7800.000000000002,0.5892618362305375,low_suspicion_observation,low:ordinary_large_subscription_redemption,周期,交通运输,股票型,20221208,202.0,1.5892618362305375,2.0,0.4107381637694625
159630.SZ,汇添富中证A100ETF,20230629,20230628,20230620,20230706,1600.0,0.757800227188508,low_suspicion_observation,low:ordinary_large_subscription_redemption,宽基,其他,股票型,20221101,240.0,1.757800227188508,2.0,0.24219977281149196
159001.SZ,易方达保证金收益货币ETF-A,20230630,20230629,20230621,20230707,-161389.19,-0.8799639506855672,low_suspicion_observation,low:money_etf_noise;high:negative_change_le_-0.50,货币,货币,货币型,20141020,3175.0,0.12003604931443272,0.0,0.12003604931443272
159630.SZ,汇添富中证A100ETF,20230630,20230629,20230621,20230707,2599.9999999999995,0.70054910116317,low_suspicion_observation,low:ordinary_large_subscription_redemption,宽基,其他,股票型,20221101,241.0,1.70054910116317,2.0,0.29945089883683007
159001.SZ,易方达保证金收益货币ETF-A,20230703,20230630,20230626,20230710,146957.97,6.675316929766029,low_suspicion_observation,low:money_etf_noise;high:positive_change_ge_1.20,货币,货币,货币型,20141020,3178.0,7.675316929766029,8.0,0.3246830702339709
159005.SZ,汇添富收益快钱货币ETF-A,20230703,20230630,20230626,20230710,1987.5600000000004,0.6789575625903116,low_suspicion_observation,low:money_etf_noise,货币,货币,货币型,20150113,3093.0,1.6789575625903117,2.0,0.3210424374096883
159663.SZ,华夏中证机床ETF,20230703,20230630,20230626,20230710,4900.0,0.7366473091288567,low_suspicion_observation,low:ordinary_large_subscription_redemption,周期,机械设备,股票型,20221026,250.0,1.7366473091288568,2.0,0.2633526908711432
159666.SZ,华夏中证全指运输ETF,20230703,20230630,20230626,20230710,4399.999999999999,0.5581425674976711,low_suspicion_observation,low:ordinary_large_subscription_redemption,周期,交通运输,股票型,20230213,140.0,1.558142567497671,2.0,0.441857432502329
159788.SZ,易方达中证港股通中国100ETF,20230704,20230703,20230627,20230711,2400.0,0.7401704211554275,low_suspicion_observation,low:ordinary_large_subscription_redemption,港股,港股综合,股票型,20220302,489.0,1.7401704211554276,2.0,0.25982957884457236
159944.SZ,广发中证全指原材料ETF,20230727,20230726,20230720,20230803,2200.0000000000005,0.6960187914949796,low_suspicion_observation,low:ordinary_large_subscription_redemption,周期,原材料,股票型,20150706,2943.0,1.6960187914949796,2.0,0.3039812085050204
562350.SH,银华中证全指电力公用事业ETF,20230808,20230807,20230801,20230815,2000.0,0.617076353942655,low_suspicion_observation,low:ordinary_large_subscription_redemption,公用事业,电力,股票型,20220712,392.0,1.6170763539426551,2.0,0.38292364605734486
562010.SH,华宝中证绿色能源ETF,20230809,20230808,20230802,20230816,2300.0,0.6336315074644546,low_suspicion_observation,low:ordinary_large_subscription_redemption,新能源,新能源综合,股票型,20230103,218.0,1.6336315074644547,2.0,0.36636849253554526
517660.SH,天弘中证沪港深物联网主题ETF,20230810,20230809,20230803,20230817,2639.9999999999995,0.7276596096547199,low_suspicion_observation,low:ordinary_large_subscription_redemption,港股,港股科技,股票型,20211025,654.0,1.7276596096547199,2.0,0.2723403903452801
159728.SZ,南方国证在线消费ETF,20230811,20230810,20230804,20230818,2149.9999999999995,0.5597481851727182,low_suspicion_observation,low:ordinary_large_subscription_redemption,消费,消费综合,股票型,20220111,577.0,1.5597481851727182,2.0,0.4402518148272818
159690.SZ,招商中证有色金属矿业主题ETF,20230816,20230815,20230809,20230823,500.0,0.6979362583190513,low_suspicion_observation,low:listed_less_than_60d,周期,有色金属,股票型,20230706,41.0,1.6979362583190514,2.0,0.3020637416809486
517390.SH,天弘中证沪港深云计算产业ETF,20230825,20230824,20230818,20230901,2500.0,0.6922791491058522,low_suspicion_observation,low:ordinary_large_subscription_redemption,港股,港股科技,股票型,20211223,610.0,1.6922791491058522,2.0,0.3077208508941478
159711.SZ,华夏中证港股通50ETF,20230829,20230828,20230822,20230905,2200.0,0.5719461901585375,low_suspicion_observation,low:ordinary_large_subscription_redemption,港股,港股宽基,股票型,20211228,609.0,1.5719461901585374,2.0,0.4280538098414626
588020.SH,易方达上证科创板成长ETF,20230831,20230830,20230824,20230907,-99300.0,-0.6647516285745462,low_suspicion_observation,low:listed_less_than_60d;high:negative_change_le_-0.50,宽基,其他,股票型,20230831,0.0,0.3352483714254537,0.0,0.3352483714254537
511770.SH,金鹰现金增益货币ETF-E,20230904,20230901,20230828,20230911,4997.0,19.072519083969464,low_suspicion_observation,low:money_etf_noise;high:positive_integer_ratio;high:positive_change_ge_1.20,货币,货币,货币型,20170410,2338.0,20.072519083969464,20.0,0.07251908396946405
516570.SH,易方达中证石化产业ETF,20230904,20230901,20230828,20230911,2600.0,0.6286631719442134,low_suspicion_observation,low:ordinary_large_subscription_redemption,周期,化工,股票型,20210618,808.0,1.6286631719442133,2.0,0.3713368280557867
511770.SH,金鹰现金增益货币ETF-E,20230905,20230904,20230829,20230912,15001.0,2.852443430309945,low_suspicion_observation,low:money_etf_noise;high:positive_integer_ratio;high:positive_change_ge_1.20,货币,货币,货币型,20170410,2339.0,3.852443430309945,4.0,0.14755656969005493
159788.SZ,易方达中证港股通中国100ETF,20230908,20230907,20230901,20230915,2000.0,0.5490739661657876,low_suspicion_observation,low:ordinary_large_subscription_redemption,港股,港股综合,股票型,20220302,555.0,1.5490739661657877,2.0,0.45092603383421226
159738.SZ,华泰柏瑞中证沪港深云计算产业ETF,20230912,20230911,20230905,20230919,2400.0,0.7274343720075737,low_suspicion_observation,low:ordinary_large_subscription_redemption,港股,港股科技,股票型,20220128,592.0,1.7274343720075735,2.0,0.27256562799242645
159895.SZ,易方达中证物联网主题ETF,20230913,20230912,20230906,20230920,2500.0,0.6061801668324206,low_suspicion_observation,low:ordinary_large_subscription_redemption,科技,通信,股票型,20211021,692.0,1.6061801668324207,2.0,0.3938198331675793
159627.SZ,华夏中证A100ETF,20230925,20230922,20230918,20231010,1800.0,0.5125755280040514,low_suspicion_observation,low:ordinary_large_subscription_redemption,宽基,其他,股票型,20221130,299.0,1.5125755280040514,2.0,0.4874244719959486
159539.SZ,广发国证信息技术创新主题ETF,20231009,20230928,20230922,20231016,-18800.0,-0.6560462045245957,low_suspicion_observation,low:listed_less_than_60d;high:negative_change_le_-0.50,科技,计算机,股票型,20230928,11.0,0.3439537954754043,0.0,0.3439537954754043
511970.SH,国寿安保货币ETF-E,20231009,20230928,20230922,20231016,950.0,1.4328808446455505,low_suspicion_observation,low:money_etf_noise;high:positive_change_ge_1.20,货币,货币,货币型,20160718,2639.0,2.4328808446455503,2.0,0.4328808446455503
562660.SH,华夏中证2000ETF,20231009,20230928,20230922,20231016,-26200.0,-0.5210052617554298,low_suspicion_observation,low:listed_less_than_60d;high:negative_change_le_-0.50,宽基,中证2000,股票型,20230914,25.0,0.47899473824457023,0.0,0.47899473824457023
511770.SH,金鹰现金增益货币ETF-E,20231010,20231009,20230925,20231017,-24030.0,-0.9540636042402827,low_suspicion_observation,low:money_etf_noise;high:negative_change_le_-0.50,货币,货币,货币型,20170410,2374.0,0.045936395759717315,0.0,0.045936395759717315
517170.SH,华夏中证沪港深500ETF,20231010,20231009,20230925,20231017,3000.0,0.6503106317117476,low_suspicion_observation,low:ordinary_large_subscription_redemption,港股,港股宽基,股票型,20210420,903.0,1.6503106317117475,2.0,0.3496893682882525
159537.SZ,国泰国证信息技术创新主题ETF,20231011,20231010,20230926,20231018,-19399.999999999996,-0.5516965205484402,low_suspicion_observation,low:listed_less_than_60d;high:negative_change_le_-0.50,科技,计算机,股票型,20231010,1.0,0.4483034794515598,0.0,0.4483034794515598
511770.SH,金鹰现金增益货币ETF-E,20231011,20231010,20230926,20231018,-825.0,-0.7130509939498704,low_suspicion_observation,low:money_etf_noise;high:negative_change_le_-0.50,货币,货币,货币型,20170410,2375.0,0.28694900605012963,0.0,0.28694900605012963
511970.SH,国寿安保货币ETF-E,20231011,20231010,20230926,20231018,-950.0,-0.5900621118012422,low_suspicion_observation,low:money_etf_noise;high:negative_change_le_-0.50,货币,货币,货币型,20160718,2641.0,0.40993788819875776,0.0,0.40993788819875776
511770.SH,金鹰现金增益货币ETF-E,20231026,20231025,20231019,20231102,2010.0,5.860058309037901,low_suspicion_observation,low:money_etf_noise;high:positive_integer_ratio;high:positive_change_ge_1.20,货币,货币,货币型,20170410,2390.0,6.860058309037901,7.0,0.1399416909620994
561360.SH,国泰中证油气产业ETF,20231031,20231030,20231024,20231107,-15200.0,-0.5504294798441416,low_suspicion_observation,low:listed_less_than_60d;high:negative_change_le_-0.50,周期,能源,股票型,20231031,0.0,0.4495705201558584,0.0,0.4495705201558584
562930.SH,易方达中证软件服务ETF,20231101,20231031,20231025,20231108,2900.0,0.7171649726735416,low_suspicion_observation,low:ordinary_large_subscription_redemption,科技,软件,股票型,20230605,149.0,1.7171649726735416,2.0,0.2828350273264584
562350.SH,银华中证全指电力公用事业ETF,20231102,20231101,20231026,20231109,2200.0,0.658467745556091,low_suspicion_observation,low:ordinary_large_subscription_redemption,公用事业,电力,股票型,20220712,478.0,1.658467745556091,2.0,0.341532254443909
511770.SH,金鹰现金增益货币ETF-E,20231107,20231106,20231031,20231114,-2001.0,-0.8289146644573322,low_suspicion_observation,low:money_etf_noise;high:negative_change_le_-0.50,货币,货币,货币型,20170410,2402.0,0.17108533554266778,0.0,0.17108533554266778
511930.SH,国联日日盈货币ETF-A,20231108,20231107,20231101,20231115,59.0,0.5462962962962963,low_suspicion_observation,low:money_etf_noise,货币,货币,货币型,20151215,2885.0,1.5462962962962963,2.0,0.4537037037037037
159517.SZ,银华中证800增强策略ETF,20231109,20231108,20231102,20231116,1799.9999999999995,0.5036004071777157,low_suspicion_observation,low:ordinary_large_subscription_redemption,指数增强,中证800,股票型,20230905,65.0,1.5036004071777158,2.0,0.4963995928222842
516570.SH,易方达中证石化产业ETF,20231117,20231116,20231110,20231124,2800.0,0.6312334301224592,low_suspicion_observation,low:ordinary_large_subscription_redemption,周期,化工,股票型,20210618,882.0,1.6312334301224594,2.0,0.36876656987754064
159788.SZ,易方达中证港股通中国100ETF,20231127,20231124,20231120,20231204,2000.0,0.5204949438470535,low_suspicion_observation,low:ordinary_large_subscription_redemption,港股,港股综合,股票型,20220302,635.0,1.5204949438470536,2.0,0.47950505615294636
159895.SZ,易方达中证物联网主题ETF,20231128,20231127,20231121,20231205,2800.0,0.6475206526712171,low_suspicion_observation,low:ordinary_large_subscription_redemption,科技,通信,股票型,20211021,768.0,1.647520652671217,2.0,0.35247934732878305
513320.SH,易方达恒生港股通新经济ETF,20231205,20231204,20231128,20231212,2100.0000000000005,0.5524774668118895,low_suspicion_observation,low:ordinary_large_subscription_redemption,港股,港股综合,股票型,20220321,624.0,1.5524774668118895,2.0,0.4475225331881105
516700.SH,华宝中证大数据产业ETF,20231205,20231204,20231128,20231212,2500.0,0.5602617542916051,low_suspicion_observation,low:ordinary_large_subscription_redemption,科技,人工智能,股票型,20210519,930.0,1.560261754291605,2.0,0.4397382457083949
563010.SH,易方达中证电信主题ETF,20231205,20231204,20231128,20231212,2400.0000000000005,0.7019740094123017,low_suspicion_observation,low:ordinary_large_subscription_redemption,科技,通信,股票型,20230713,145.0,1.7019740094123017,2.0,0.2980259905876983
513870.SH,富国纳斯达克100ETF(QDII),20231211,20231208,20231204,20231218,1700.0000000000005,0.5542695053959769,low_suspicion_observation,low:listed_less_than_60d,海外,海外,股票型,20231102,39.0,1.5542695053959767,2.0,0.44573049460402325
562350.SH,银华中证全指电力公用事业ETF,20231212,20231211,20231205,20231219,2400.0,0.7404916247311861,low_suspicion_observation,low:ordinary_large_subscription_redemption,公用事业,电力,股票型,20220712,518.0,1.7404916247311861,2.0,0.2595083752688139
517170.SH,华夏中证沪港深500ETF,20231221,20231220,20231214,20231228,3500.0,0.7586957369970388,low_suspicion_observation,low:ordinary_large_subscription_redemption,港股,港股宽基,股票型,20210420,975.0,1.7586957369970388,2.0,0.24130426300296115
159728.SZ,南方国证在线消费ETF,20231227,20231226,20231220,20240104,2950.0,0.6955885467832461,low_suspicion_observation,low:ordinary_large_subscription_redemption,消费,消费综合,股票型,20220111,715.0,1.695588546783246,2.0,0.3044114532167539
516900.SH,华安中证申万食品饮料ETF,20231227,20231226,20231220,20240104,3150.0,0.639866745211156,low_suspicion_observation,low:ordinary_large_subscription_redemption,消费,食品饮料,股票型,20210428,973.0,1.6398667452111562,2.0,0.36013325478884384
511770.SH,金鹰现金增益货币ETF-E,20231228,20231227,20231221,20240105,2400.0,6.138107416879795,low_suspicion_observation,low:money_etf_noise;high:positive_integer_ratio;high:positive_change_ge_1.20,货币,货币,货币型,20170410,2453.0,7.138107416879795,7.0,0.13810741687979533
515660.SH,国联安沪深300ETF,20231228,20231227,20231221,20240105,18000.0,0.7413686158895064,low_suspicion_observation,low:ordinary_large_subscription_redemption,宽基,沪深300,股票型,20191224,1465.0,1.7413686158895065,2.0,0.25863138411049347
563200.SH,富国中证2000ETF,20231228,20231227,20231221,20240105,7600.000000000002,0.7072478010176926,low_suspicion_observation,low:ordinary_large_subscription_redemption,宽基,中证2000,股票型,20231018,71.0,1.7072478010176926,2.0,0.2927521989823074
159673.SZ,鹏华沪深300ETF,20240102,20231229,20231225,20240109,33200.0,0.5446834112573773,low_suspicion_observation,low:ordinary_large_subscription_redemption,宽基,沪深300,股票型,20230717,169.0,1.5446834112573773,2.0,0.4553165887426227
159730.SZ,博时国证龙头家电ETF,20240103,20240102,20231226,20240110,2200.0,0.5422547049222431,low_suspicion_observation,low:ordinary_large_subscription_redemption,金融,银行,股票型,20211224,740.0,1.542254704922243,2.0,0.45774529507775696
511770.SH,金鹰现金增益货币ETF-E,20240103,20240102,20231226,20240110,-2500.0,-0.894134477825465,low_suspicion_observation,low:money_etf_noise;high:negative_change_le_-0.50,货币,货币,货币型,20170410,2459.0,0.10586552217453506,0.0,0.10586552217453506
515590.SH,前海开源中证500等权重ETF,20240109,20240108,20240102,20240116,1200.0,0.542650031428481,low_suspicion_observation,low:ordinary_large_subscription_redemption,宽基,中证500,股票型,20200120,1450.0,1.542650031428481,2.0,0.457349968571519
516890.SH,平安中证新材料主题ETF,20240110,20240109,20240103,20240117,3899.999999999999,0.588134166975814,low_suspicion_observation,low:ordinary_large_subscription_redemption,周期,新材料,股票型,20210728,896.0,1.588134166975814,2.0,0.411865833024186
159509.SZ,景顺长城纳斯达克科技市值加权ETF(QDII),20240117,20240116,20240110,20240124,131300.0,0.583928200885753,low_suspicion_observation,low:ordinary_large_subscription_redemption,海外,海外,股票型,20230808,162.0,1.583928200885753,2.0,0.4160717991142471
511920.SH,广发货币ETF-E,20240122,20240119,20240115,20240129,501.0,0.7672281776416539,low_suspicion_observation,low:money_etf_noise,货币,货币,货币型,20160328,2856.0,1.7672281776416539,2.0,0.23277182235834615
513870.SH,富国纳斯达克100ETF(QDII),20240123,20240122,20240116,20240130,2500.0,0.5356645454350667,low_suspicion_observation,low:ordinary_large_subscription_redemption,海外,海外,股票型,20231102,82.0,1.5356645454350668,2.0,0.4643354545649332
159751.SZ,鹏华中证港股通科技ETF,20240124,20240123,20240117,20240131,8300.000000000002,0.635384187115652,low_suspicion_observation,low:ordinary_large_subscription_redemption,港股,港股科技,股票型,20211228,757.0,1.635384187115652,2.0,0.36461581288434797
159687.SZ,南方基金南方东英富时亚太精选ETF(QDII),20240125,20240124,20240118,20240201,3090.0,0.5225892324496862,low_suspicion_observation,low:ordinary_large_subscription_redemption,海外,海外,股票型,20221230,391.0,1.5225892324496864,2.0,0.47741076755031364
513870.SH,富国纳斯达克100ETF(QDII),20240125,20240124,20240118,20240201,11000.0,0.6407605244916148,low_suspicion_observation,low:ordinary_large_subscription_redemption,海外,海外,股票型,20231102,84.0,1.6407605244916148,2.0,0.3592394755083852
513190.SH,华夏中证港股通内地金融ETF,20240126,20240125,20240119,20240202,2800.0000000000005,0.701121794871795,low_suspicion_observation,low:ordinary_large_subscription_redemption,港股,港股金融,股票型,20231011,107.0,1.701121794871795,2.0,0.29887820512820507
513850.SH,易方达MSCI美国50ETF(QDII),20240126,20240125,20240119,20240202,5000.0,0.6337730027911362,low_suspicion_observation,low:ordinary_large_subscription_redemption,海外,海外,股票型,20231117,70.0,1.6337730027911364,2.0,0.36622699720886365
513850.SH,易方达MSCI美国50ETF(QDII),20240129,20240126,20240122,20240205,9999.999999999998,0.7758397301319081,low_suspicion_observation,low:ordinary_large_subscription_redemption,海外,海外,股票型,20231117,73.0,1.7758397301319082,2.0,0.2241602698680918
159519.SZ,国泰中证香港内地国有企业ETF(QDII),20240130,20240129,20240123,20240206,3500.000000000001,0.5722895378245288,low_suspicion_observation,low:ordinary_large_subscription_redemption,港股,港股综合,股票型,20230831,152.0,1.5722895378245287,2.0,0.42771046217547126
159895.SZ,易方达中证物联网主题ETF,20240130,20240129,20240123,20240206,3600.0,0.7957231824046861,low_suspicion_observation,low:ordinary_large_subscription_redemption,科技,通信,股票型,20211021,831.0,1.7957231824046862,2.0,0.2042768175953138
159517.SZ,银华中证800增强策略ETF,20240131,20240130,20240124,20240207,2399.9999999999995,0.7329895123860566,low_suspicion_observation,low:ordinary_large_subscription_redemption,指数增强,中证800,股票型,20230905,148.0,1.7329895123860566,2.0,0.2670104876139434
159537.SZ,国泰国证信息技术创新主题ETF,20240202,20240201,20240126,20240219,2899.9999999999995,0.7135369925380268,low_suspicion_observation,low:ordinary_large_subscription_redemption,科技,计算机,股票型,20231010,115.0,1.7135369925380268,2.0,0.2864630074619732
563300.SH,华泰柏瑞中证2000ETF,20240206,20240205,20240130,20240221,38250.0,0.5455136670783572,low_suspicion_observation,low:ordinary_large_subscription_redemption,宽基,中证2000,股票型,20230914,145.0,1.5455136670783571,2.0,0.45448633292164287
159531.SZ,南方中证2000ETF,20240207,20240206,20240131,20240222,7600.0,0.7866810264936988,low_suspicion_observation,low:ordinary_large_subscription_redemption,宽基,中证2000,股票型,20230918,142.0,1.7866810264936988,2.0,0.21331897350630125
159845.SZ,华夏中证1000ETF,20240207,20240206,20240131,20240222,210000.0,0.7354420285324008,low_suspicion_observation,low:ordinary_large_subscription_redemption,宽基,中证1000,股票型,20210331,1043.0,1.7354420285324008,2.0,0.2645579714675992
159971.SZ,富国创业板ETF,20240207,20240206,20240131,20240222,40000.0,0.560216130486796,low_suspicion_observation,low:ordinary_large_subscription_redemption,宽基,创业板,股票型,20190702,1681.0,1.560216130486796,2.0,0.4397838695132039
562660.SH,华夏中证2000ETF,20240208,20240207,20240201,20240223,6200.000000000002,0.580122387110055,low_suspicion_observation,low:ordinary_large_subscription_redemption,宽基,中证2000,股票型,20230914,147.0,1.580122387110055,2.0,0.4198776128899451
159535.SZ,嘉实中证2000ETF,20240219,20240208,20240202,20240226,3900.0,0.6292241917405516,low_suspicion_observation,low:ordinary_large_subscription_redemption,宽基,中证2000,股票型,20230922,150.0,1.6292241917405517,2.0,0.37077580825944834
159555.SZ,银华中证2000增强策略ETF,20240219,20240208,20240202,20240226,4500.000000000001,0.6125557178979458,low_suspicion_observation,low:ordinary_large_subscription_redemption,宽基,中证2000,股票型,20231212,69.0,1.6125557178979457,2.0,0.3874442821020543
159922.SZ,嘉实中证500ETF,20240220,20240219,20240205,20240227,63439.999999999985,0.5158269049509755,low_suspicion_observation,low:ordinary_large_subscription_redemption,宽基,中证500,股票型,20130315,3994.0,1.5158269049509756,2.0,0.4841730950490244
516700.SH,华宝中证大数据产业ETF,20240220,20240219,20240205,20240227,3500.0,0.7671737319714174,low_suspicion_observation,low:ordinary_large_subscription_redemption,科技,人工智能,股票型,20210519,1007.0,1.7671737319714174,2.0,0.23282626802858264
159730.SZ,博时国证龙头家电ETF,20240222,20240221,20240207,20240229,2300.0,0.5962976655724173,low_suspicion_observation,low:ordinary_large_subscription_redemption,金融,银行,股票型,20211224,790.0,1.5962976655724173,2.0,0.40370233442758274
159565.SZ,易方达中证汽车零部件主题ETF,20240227,20240226,20240220,20240305,-11300.0,-0.5576743039043948,low_suspicion_observation,low:listed_less_than_60d;high:negative_change_le_-0.50,消费,汽车,股票型,20240226,1.0,0.44232569609560524,0.0,0.44232569609560524
513320.SH,易方达恒生港股通新经济ETF,20240227,20240226,20240220,20240305,2700.0000000000005,0.6921195777557896,low_suspicion_observation,low:ordinary_large_subscription_redemption,港股,港股综合,股票型,20220321,708.0,1.6921195777557896,2.0,0.3078804222442104
588320.SH,广发中证科创创业50增强策略ETF,20240227,20240226,20240220,20240305,2700.0,0.6023478179392565,low_suspicion_observation,low:ordinary_large_subscription_redemption,宽基,科创创业50,股票型,20230106,417.0,1.6023478179392565,2.0,0.3976521820607435
159793.SZ,平安中证沪港深线上消费主题ETF,20240301,20240229,20240223,20240308,3300.0,0.6909705724427367,low_suspicion_observation,low:ordinary_large_subscription_redemption,港股,港股消费,股票型,20211124,828.0,1.6909705724427366,2.0,0.30902942755726337
562590.SH,华夏中证半导体材料设备主题ETF,20240301,20240229,20240223,20240308,3100.0,0.6118863865148135,low_suspicion_observation,low:ordinary_large_subscription_redemption,科技,半导体,股票型,20231018,135.0,1.6118863865148136,2.0,0.38811361348518636
159565.SZ,易方达中证汽车零部件主题ETF,20240304,20240301,20240226,20240311,-3000.0,-0.5297804513874252,low_suspicion_observation,low:listed_less_than_60d;high:negative_change_le_-0.50,消费,汽车,股票型,20240226,7.0,0.47021954861257476,0.0,0.47021954861257476
159566.SZ,易方达国证新能源电池ETF,20240312,20240311,20240305,20240319,1000.0000000000002,0.6353330568363872,low_suspicion_observation,low:listed_less_than_60d,新能源,电池储能,股票型,20240208,33.0,1.635333056836387,2.0,0.3646669431636129
159725.SZ,工银瑞信中证线上消费主题ETF,20240312,20240311,20240305,20240319,3199.999999999999,0.6103966884148462,low_suspicion_observation,low:ordinary_large_subscription_redemption,消费,消费综合,股票型,20210702,984.0,1.6103966884148462,2.0,0.3896033115851538
561360.SH,国泰中证油气产业ETF,20240314,20240313,20240307,20240321,2100.0,0.6335223844575841,low_suspicion_observation,low:ordinary_large_subscription_redemption,周期,能源,股票型,20231031,135.0,1.6335223844575841,2.0,0.36647761554241587
563020.SH,易方达中证红利低波动ETF,20240315,20240314,20240308,20240322,4000.0,0.5200884150305551,low_suspicion_observation,low:ordinary_large_subscription_redemption,红利策略,红利价值,股票型,20231214,92.0,1.5200884150305551,2.0,0.47991158496944486
159586.SZ,南方中证全指计算机ETF,20240318,20240315,20240311,20240325,-20099.999999999996,-0.5775431849080965,low_suspicion_observation,low:listed_less_than_60d;high:negative_change_le_-0.50,科技,计算机,股票型,20240315,3.0,0.4224568150919034,0.0,0.4224568150919034
561780.SH,博时中证1000增强策略ETF,20240318,20240315,20240311,20240325,2200.0,0.6675607935477215,low_suspicion_observation,low:ordinary_large_subscription_redemption,宽基,中证1000,股票型,20231110,129.0,1.6675607935477215,2.0,0.33243920645227854
159627.SZ,华夏中证A100ETF,20240320,20240319,20240313,20240327,2000.0,0.569528364448946,low_suspicion_observation,low:ordinary_large_subscription_redemption,宽基,其他,股票型,20221130,476.0,1.569528364448946,2.0,0.43047163555105405
159537.SZ,国泰国证信息技术创新主题ETF,20240322,20240321,20240315,20240329,2299.9999999999995,0.6276846824360343,low_suspicion_observation,low:ordinary_large_subscription_redemption,科技,计算机,股票型,20231010,164.0,1.6276846824360343,2.0,0.37231531756396574
159540.SZ,易方达国证信息技术创新主题ETF,20240322,20240321,20240315,20240329,2100.0000000000005,0.6086040793108494,low_suspicion_observation,low:ordinary_large_subscription_redemption,科技,计算机,股票型,20230928,176.0,1.6086040793108494,2.0,0.39139592068915063
517170.SH,华夏中证沪港深500ETF,20240325,20240322,20240318,20240401,3000.0,0.6503106317117476,low_suspicion_observation,low:ordinary_large_subscription_redemption,港股,港股宽基,股票型,20210420,1070.0,1.6503106317117475,2.0,0.3496893682882525
562930.SH,易方达中证软件服务ETF,20240325,20240322,20240318,20240401,3200.0,0.7722566788136207,low_suspicion_observation,low:ordinary_large_subscription_redemption,科技,软件,股票型,20230605,294.0,1.7722566788136207,2.0,0.2277433211863793
560280.SH,广发中证工程机械主题ETF,20240326,20240325,20240319,20240402,500.0,0.5404236921746649,low_suspicion_observation,low:ordinary_large_subscription_redemption,周期,工程机械,股票型,20231030,148.0,1.540423692174665,2.0,0.459576307825335
511770.SH,金鹰现金增益货币ETF-E,20240327,20240326,20240320,20240403,983.0,4.147679324894515,low_suspicion_observation,low:money_etf_noise;high:positive_integer_ratio;high:positive_change_ge_1.20,货币,货币,货币型,20170410,2543.0,5.147679324894515,5.0,0.14767932489451496
560280.SH,广发中证工程机械主题ETF,20240327,20240326,20240320,20240403,849.9999999999998,0.5964075217513329,low_suspicion_observation,low:ordinary_large_subscription_redemption,周期,工程机械,股票型,20231030,149.0,1.596407521751333,2.0,0.40359247824866706
560300.SH,汇添富中证电信主题ETF,20240328,20240327,20240321,20240408,700.0,0.647944165725605,low_suspicion_observation,low:ordinary_large_subscription_redemption,科技,通信,股票型,20231218,101.0,1.6479441657256049,2.0,0.35205583427439513
516900.SH,华安中证申万食品饮料ETF,20240329,20240328,20240322,20240409,3300.0,0.691403549204886,low_suspicion_observation,low:ordinary_large_subscription_redemption,消费,食品饮料,股票型,20210428,1066.0,1.691403549204886,2.0,0.308596450795114
511770.SH,金鹰现金增益货币ETF-E,20240403,20240402,20240327,20240412,-1000.0,-0.819672131147541,low_suspicion_observation,low:money_etf_noise;high:negative_change_le_-0.50,货币,货币,货币型,20170410,2550.0,0.18032786885245902,0.0,0.18032786885245902
562960.SH,易方达中证绿色电力ETF,20240408,20240403,20240328,20240415,2100.0000000000005,0.7666751852798366,low_suspicion_observation,low:ordinary_large_subscription_redemption,公用事业,电力,股票型,20230412,362.0,1.7666751852798366,2.0,0.23332481472016342
516890.SH,平安中证新材料主题ETF,20240411,20240410,20240402,20240418,3999.999999999999,0.6032145302316041,low_suspicion_observation,low:ordinary_large_subscription_redemption,周期,新材料,股票型,20210728,988.0,1.603214530231604,2.0,0.3967854697683959
561200.SH,工银瑞信中证A100ETF,20240412,20240411,20240403,20240419,199.99999999999994,0.5762858377755364,low_suspicion_observation,low:ordinary_large_subscription_redemption,宽基,其他,股票型,20240105,98.0,1.5762858377755364,2.0,0.42371416222446356
560590.SH,鹏华中证1000增强策略ETF,20240415,20240412,20240408,20240422,1200.0,0.5284015852047557,low_suspicion_observation,low:ordinary_large_subscription_redemption,宽基,中证1000,股票型,20230925,203.0,1.5284015852047557,2.0,0.47159841479524434
159582.SZ,博时中证半导体产业ETF,20240418,20240417,20240411,20240425,-16650.0,-0.6029951562539899,low_suspicion_observation,low:listed_less_than_60d;high:negative_change_le_-0.50,科技,半导体,股票型,20240416,2.0,0.39700484374600997,0.0,0.39700484374600997
159515.SZ,鹏扬中证国有企业红利ETF,20240424,20240423,20240417,20240506,2039.9999999999995,0.5515506400136848,low_suspicion_observation,low:ordinary_large_subscription_redemption,红利策略,红利价值,股票型,20230906,231.0,1.5515506400136847,2.0,0.4484493599863153
159576.SZ,广发深证100ETF,20240429,20240426,20240422,20240509,2249.9999999999995,0.7497597769674594,low_suspicion_observation,low:ordinary_large_subscription_redemption,宽基,深证100,股票型,20240103,117.0,1.7497597769674593,2.0,0.2502402230325407
563010.SH,易方达中证电信主题ETF,20240506,20240430,20240424,20240513,2100.0000000000005,0.6523907012578716,low_suspicion_observation,low:ordinary_large_subscription_redemption,科技,通信,股票型,20230713,298.0,1.6523907012578716,2.0,0.3476092987421284
513320.SH,易方达恒生港股通新经济ETF,20240508,20240507,20240426,20240515,2000.0000000000005,0.5403857273321698,low_suspicion_observation,low:ordinary_large_subscription_redemption,港股,港股综合,股票型,20220321,779.0,1.54038572733217,2.0,0.45961427266783006
562350.SH,银华中证全指电力公用事业ETF,20240523,20240522,20240516,20240530,1600.0,0.6058104797640368,low_suspicion_observation,low:ordinary_large_subscription_redemption,公用事业,电力,股票型,20220712,681.0,1.6058104797640367,2.0,0.3941895202359633
159565.SZ,易方达中证汽车零部件主题ETF,20240527,20240524,20240520,20240603,2000.0,0.6530136531115072,low_suspicion_observation,low:ordinary_large_subscription_redemption,消费,汽车,股票型,20240226,91.0,1.6530136531115072,2.0,0.34698634688849284
159670.SZ,国联安中证消费50ETF,20240529,20240528,20240522,20240605,1800.0,0.5041039522842085,low_suspicion_observation,low:ordinary_large_subscription_redemption,消费,消费综合,股票型,20230509,386.0,1.5041039522842083,2.0,0.49589604771579165
159887.SZ,富国中证800银行ETF,20240531,20240530,20240524,20240607,13920.0,0.5880465596002297,low_suspicion_observation,low:ordinary_large_subscription_redemption,金融,银行,股票型,20210520,1107.0,1.5880465596002298,2.0,0.4119534403997702
561060.SH,华安中证国有企业红利ETF,20240605,20240604,20240529,20240613,1700.0,0.5141388174807198,low_suspicion_observation,low:ordinary_large_subscription_redemption,红利策略,红利价值,股票型,20230921,258.0,1.5141388174807198,2.0,0.48586118251928023
159725.SZ,工银瑞信中证线上消费主题ETF,20240606,20240605,20240530,20240614,2999.999999999999,0.5512180412047978,low_suspicion_observation,low:ordinary_large_subscription_redemption,消费,消费综合,股票型,20210702,1070.0,1.5512180412047978,2.0,0.4487819587952022
511960.SH,嘉实快线货币ETF-H,20240612,20240611,20240604,20240619,577.0,0.5752741774675972,low_suspicion_observation,low:money_etf_noise,货币,货币,货币型,20160111,3075.0,1.5752741774675971,2.0,0.4247258225324029
588890.SH,南方上证科创板芯片ETF,20240612,20240611,20240604,20240619,600.0,0.681044267877412,low_suspicion_observation,low:listed_less_than_60d,科技,半导体,股票型,20240423,50.0,1.681044267877412,2.0,0.318955732122588
511960.SH,嘉实快线货币ETF-H,20240613,20240612,20240605,20240620,1299.0,0.8221518987341773,low_suspicion_observation,low:money_etf_noise;high:positive_integer_ratio,货币,货币,货币型,20160111,3076.0,1.8221518987341772,2.0,0.17784810126582284
159322.SZ,平安中证沪深港黄金产业股票ETF,20240617,20240614,20240607,20240624,-13800.0,-0.6436216204274048,low_suspicion_observation,low:listed_less_than_60d;high:negative_change_le_-0.50,周期,黄金,股票型,20240614,3.0,0.35637837957259527,0.0,0.35637837957259527
511770.SH,金鹰现金增益货币ETF-E,20240618,20240617,20240611,20240625,1500.0,7.0754716981132075,low_suspicion_observation,low:money_etf_noise;high:positive_integer_ratio;high:positive_change_ge_1.20,货币,货币,货币型,20170410,2626.0,8.075471698113208,8.0,0.07547169811320842
511770.SH,金鹰现金增益货币ETF-E,20240619,20240618,20240612,20240626,1501.0,0.8767523364485982,low_suspicion_observation,low:money_etf_noise;high:positive_integer_ratio,货币,货币,货币型,20170410,2627.0,1.876752336448598,2.0,0.12324766355140193
159895.SZ,易方达中证物联网主题ETF,20240627,20240626,20240620,20240704,2999.9999999999995,0.7454923062212028,low_suspicion_observation,low:ordinary_large_subscription_redemption,科技,通信,股票型,20211021,980.0,1.7454923062212027,2.0,0.25450769377879734
511770.SH,金鹰现金增益货币ETF-E,20240701,20240628,20240624,20240708,-5001.0,-0.5245437382001259,low_suspicion_observation,low:money_etf_noise;high:negative_change_le_-0.50,货币,货币,货币型,20170410,2639.0,0.47545626179987416,0.0,0.47545626179987416
511770.SH,金鹰现金增益货币ETF-E,20240703,20240702,20240626,20240710,-3303.0,-0.9348995188225304,low_suspicion_observation,low:money_etf_noise;high:negative_change_le_-0.50,货币,货币,货币型,20170410,2641.0,0.06510048117746957,0.0,0.06510048117746957
560330.SH,申万菱信沪深300价值ETF,20240708,20240705,20240701,20240715,1800.0,0.5123825789923142,low_suspicion_observation,low:ordinary_large_subscription_redemption,宽基,沪深300,股票型,20230523,412.0,1.5123825789923142,2.0,0.4876174210076858
159581.SZ,万家中证红利ETF,20240712,20240711,20240705,20240719,20000.0,0.6963165010285222,low_suspicion_observation,low:ordinary_large_subscription_redemption,红利策略,红利价值,股票型,20240315,119.0,1.6963165010285222,2.0,0.30368349897147784
561200.SH,工银瑞信中证A100ETF,20240801,20240731,20240725,20240808,2400.0,0.6766185985537277,low_suspicion_observation,low:ordinary_large_subscription_redemption,宽基,其他,股票型,20240105,209.0,1.6766185985537276,2.0,0.32338140144627237
561780.SH,博时中证1000增强策略ETF,20240801,20240731,20240725,20240808,2000.0,0.5134023688385299,low_suspicion_observation,low:ordinary_large_subscription_redemption,宽基,中证1000,股票型,20231110,265.0,1.5134023688385299,2.0,0.48659763116147015
588830.SH,鹏华上证科创板新能源ETF,20240809,20240808,20240802,20240816,-11800.0,-0.5367347152281191,low_suspicion_observation,low:listed_less_than_60d;high:negative_change_le_-0.50,新能源,新能源综合,股票型,20240809,0.0,0.46326528477188095,0.0,0.46326528477188095
517660.SH,天弘中证沪港深物联网主题ETF,20240812,20240809,20240805,20240819,2520.0,0.5352511751099708,low_suspicion_observation,low:ordinary_large_subscription_redemption,港股,港股科技,股票型,20211025,1022.0,1.535251175109971,2.0,0.4647488248900291
159670.SZ,国联安中证消费50ETF,20240814,20240813,20240807,20240821,2600.0,0.7281501532994121,low_suspicion_observation,low:ordinary_large_subscription_redemption,消费,消费综合,股票型,20230509,463.0,1.7281501532994121,2.0,0.27184984670058787
563180.SH,银华中证高股息策略ETF,20240815,20240814,20240808,20240822,2000.0,0.6574621959237343,low_suspicion_observation,low:ordinary_large_subscription_redemption,红利策略,红利价值,股票型,20240514,93.0,1.6574621959237343,2.0,0.34253780407626566
159565.SZ,易方达中证汽车零部件主题ETF,20240816,20240815,20240809,20240823,2200.0,0.6175051886575187,low_suspicion_observation,low:ordinary_large_subscription_redemption,消费,汽车,股票型,20240226,172.0,1.6175051886575187,2.0,0.3824948113424813
588990.SH,博时上证科创板芯片ETF,20240816,20240815,20240809,20240823,-11400.002,-0.5141031548701208,low_suspicion_observation,low:listed_less_than_60d;high:negative_change_le_-0.50,科技,半导体,股票型,20240816,0.0,0.48589684512987913,0.0,0.48589684512987913
516570.SH,易方达中证石化产业ETF,20240826,20240823,20240819,20240902,2800.0,0.5912461780157778,low_suspicion_observation,low:ordinary_large_subscription_redemption,周期,化工,股票型,20210618,1165.0,1.5912461780157778,2.0,0.40875382198422217
159533.SZ,博时中证2000ETF,20240828,20240827,20240821,20240904,2400.0,0.6407041766036993,low_suspicion_observation,low:ordinary_large_subscription_redemption,宽基,中证2000,股票型,20240607,82.0,1.6407041766036994,2.0,0.3592958233963006
562030.SH,华宝中证信息技术应用创新产业ETF,20240829,20240828,20240822,20240905,3350.000000000001,0.6635384624526365,low_suspicion_observation,low:ordinary_large_subscription_redemption,科技,计算机,股票型,20231012,322.0,1.6635384624526364,2.0,0.33646153754736363
563010.SH,易方达中证电信主题ETF,20240913,20240912,20240906,20240924,1500.0,0.5954909425827634,low_suspicion_observation,low:ordinary_large_subscription_redemption,科技,通信,股票型,20230713,428.0,1.5954909425827632,2.0,0.40450905741723675
511930.SH,国联日日盈货币ETF-A,20240918,20240913,20240909,20240925,83.0,0.5424836601307189,low_suspicion_observation,low:money_etf_noise,货币,货币,货币型,20151215,3200.0,1.542483660130719,2.0,0.457516339869281
159582.SZ,博时中证半导体产业ETF,20240924,20240923,20240913,20241008,2099.9999999999995,0.60655738793975,low_suspicion_observation,low:ordinary_large_subscription_redemption,科技,半导体,股票型,20240416,161.0,1.60655738793975,2.0,0.3934426120602501
159777.SZ,国联安创业板科技ETF,20240925,20240924,20240918,20241009,1200.0000000000002,0.6944217391040167,low_suspicion_observation,low:ordinary_large_subscription_redemption,宽基,创业板,股票型,20211018,1073.0,1.6944217391040168,2.0,0.30557826089598317
159686.SZ,易方达中证A100ETF,20240926,20240925,20240919,20241010,2400.0,0.7543519981181432,low_suspicion_observation,low:ordinary_large_subscription_redemption,宽基,其他,股票型,20230719,435.0,1.7543519981181432,2.0,0.24564800188185676
511770.SH,金鹰现金增益货币ETF-E,20240926,20240925,20240919,20241010,1506.0,6.547826086956522,low_suspicion_observation,low:money_etf_noise;high:positive_change_ge_1.20,货币,货币,货币型,20170410,2726.0,7.547826086956522,8.0,0.4521739130434783
159001.SZ,易方达保证金收益货币ETF-A,20240930,20240927,20240923,20241014,-58422.46000000001,-0.6770132619250773,low_suspicion_observation,low:money_etf_noise;high:negative_change_le_-0.50,货币,货币,货币型,20141020,3633.0,0.3229867380749228,0.0,0.3229867380749228
159305.SZ,广发国证新能源电池ETF,20240930,20240927,20240923,20241014,-11900.0,-0.5389000934067834,low_suspicion_observation,low:listed_less_than_60d;high:negative_change_le_-0.50,新能源,电池储能,股票型,20240927,3.0,0.4610999065932167,0.0,0.4610999065932167
159777.SZ,国联安创业板科技ETF,20240930,20240927,20240923,20241014,1300.0000000000002,0.7522902173626848,low_suspicion_observation,low:ordinary_large_subscription_redemption,宽基,创业板,股票型,20211018,1078.0,1.7522902173626849,2.0,0.24770978263731513
510150.SH,招商上证消费80ETF,20240930,20240927,20240923,20241014,147400.0,0.7285565396945184,low_suspicion_observation,low:ordinary_large_subscription_redemption,消费,消费综合,股票型,20110225,4966.0,1.7285565396945184,2.0,0.2714434603054816
510200.SH,汇安上证证券ETF,20240930,20240927,20240923,20241014,5450.0048,0.7376284656664703,low_suspicion_observation,low:ordinary_large_subscription_redemption,金融,证券,股票型,20200508,1606.0,1.7376284656664704,2.0,0.26237153433352955
513970.SH,景顺长城恒生消费ETF(QDII),20240930,20240927,20240923,20241014,24100.0,0.7302123069558025,low_suspicion_observation,low:ordinary_large_subscription_redemption,港股,港股消费,股票型,20230421,528.0,1.7302123069558024,2.0,0.2697876930441976
159001.SZ,易方达保证金收益货币ETF-A,20241008,20240930,20240924,20241015,55898.96000000001,2.005563299302704,low_suspicion_observation,low:money_etf_noise;high:positive_integer_ratio;high:positive_change_ge_1.20,货币,货币,货币型,20141020,3641.0,3.005563299302704,3.0,0.005563299302703939
159707.SZ,华宝中证800地产ETF,20241008,20240930,20240924,20241015,40600.0,0.6505907570789073,low_suspicion_observation,low:ordinary_large_subscription_redemption,金融,房地产,股票型,20211112,1061.0,1.6505907570789073,2.0,0.34940924292109266
159768.SZ,银华中证内地地产主题ETF,20241008,20240930,20240924,20241015,39300.0,0.5642900775443835,low_suspicion_observation,low:ordinary_large_subscription_redemption,金融,房地产,股票型,20220216,965.0,1.5642900775443835,2.0,0.43570992245561646
159991.SZ,招商创业板大盘ETF,20241008,20240930,20240924,20241015,19039.999999999996,0.7418282822437804,low_suspicion_observation,low:ordinary_large_subscription_redemption,宽基,创业板,股票型,20200424,1628.0,1.7418282822437805,2.0,0.2581717177562195
513220.SH,招商中证全球中国互联网ETF(QDII),20241008,20240930,20240924,20241015,12599.998400000004,0.588484086099231,low_suspicion_observation,low:ordinary_large_subscription_redemption,海外,海外,股票型,20220715,816.0,1.5884840860992309,2.0,0.41151591390076914
588020.SH,易方达上证科创板成长ETF,20241008,20240930,20240924,20241015,14000.0,0.5887523076987775,low_suspicion_observation,low:ordinary_large_subscription_redemption,宽基,其他,股票型,20230831,404.0,1.5887523076987775,2.0,0.4112476923012225
588280.SH,华安上证科创板50成份ETF,20241008,20240930,20240924,20241015,39600.00000000001,0.6873556075893781,low_suspicion_observation,low:ordinary_large_subscription_redemption,宽基,科创50,股票型,20211029,1075.0,1.687355607589378,2.0,0.3126443924106219
588330.SH,华宝中证科创创业50ETF,20241008,20240930,20240924,20241015,90199.99979999999,0.5300464013550777,low_suspicion_observation,low:ordinary_large_subscription_redemption,宽基,科创创业50,股票型,20210706,1190.0,1.5300464013550779,2.0,0.46995359864492214
588450.SH,招商上证科创板50成份增强策略ETF,20241008,20240930,20240924,20241015,5099.996800000001,0.6252391909193833,low_suspicion_observation,low:ordinary_large_subscription_redemption,宽基,科创50,股票型,20240522,139.0,1.6252391909193833,2.0,0.3747608090806167
159572.SZ,易方达创业板200ETF,20241009,20241008,20240925,20241016,7800.0,0.601160206829015,low_suspicion_observation,low:ordinary_large_subscription_redemption,宽基,创业板,股票型,20231225,289.0,1.601160206829015,2.0,0.39883979317098506
159675.SZ,嘉实创业板增强策略ETF,20241009,20241008,20240925,20241016,10950.0,0.5465525757048815,low_suspicion_observation,low:ordinary_large_subscription_redemption,宽基,创业板,股票型,20221202,677.0,1.5465525757048815,2.0,0.45344742429511853
159681.SZ,鹏华创业板50ETF,20241009,20241008,20240925,20241016,74400.00000000001,0.6338537521693188,low_suspicion_observation,low:ordinary_large_subscription_redemption,宽基,创业板50,股票型,20230103,645.0,1.6338537521693188,2.0,0.36614624783068117
159723.SZ,汇添富中证沪港深科技龙头ETF,20241009,20241008,20240925,20241016,5200.000000000001,0.7120792955070879,low_suspicion_observation,low:ordinary_large_subscription_redemption,港股,港股科技,股票型,20211015,1090.0,1.7120792955070878,2.0,0.2879207044929122
159751.SZ,鹏华中证港股通科技ETF,20241009,20241008,20240925,20241016,13000.0,0.6352941227064147,low_suspicion_observation,low:ordinary_large_subscription_redemption,港股,港股科技,股票型,20211228,1016.0,1.6352941227064146,2.0,0.3647058772935854
159773.SZ,华泰柏瑞创业板科技ETF,20241009,20241008,20240925,20241016,43600.00000000001,0.6869353344284806,low_suspicion_observation,low:ordinary_large_subscription_redemption,宽基,创业板,股票型,20211008,1097.0,1.6869353344284808,2.0,0.31306466557151924
159777.SZ,国联安创业板科技ETF,20241009,20241008,20240925,20241016,31100.000000000007,0.5129638288834149,low_suspicion_observation,low:ordinary_large_subscription_redemption,宽基,创业板,股票型,20211018,1087.0,1.5129638288834149,2.0,0.48703617111658515
159782.SZ,银华中证科创创业50ETF,20241009,20241008,20240925,20241016,94500.0,0.6401613810396435,low_suspicion_observation,low:ordinary_large_subscription_redemption,宽基,科创创业50,股票型,20210707,1190.0,1.6401613810396436,2.0,0.3598386189603564
159821.SZ,中银证券创业板ETF,20241009,20241008,20240925,20241016,4070.0,0.5589123867069486,low_suspicion_observation,low:ordinary_large_subscription_redemption,宽基,创业板,股票型,20201029,1441.0,1.5589123867069485,2.0,0.44108761329305146
511770.SH,金鹰现金增益货币ETF-E,20241009,20241008,20240925,20241016,-933.0,-0.5365152386428982,low_suspicion_observation,low:money_etf_noise;high:negative_change_le_-0.50,货币,货币,货币型,20170410,2739.0,0.46348476135710176,0.0,0.46348476135710176
512570.SH,易方达中证全指证券公司ETF,20241009,20241008,20240925,20241016,30900.0,0.6720224024866134,low_suspicion_observation,low:ordinary_large_subscription_redemption,金融,证券,股票型,20170811,2616.0,1.6720224024866133,2.0,0.32797759751338673
588290.SH,华安上证科创板芯片ETF,20241009,20241008,20240925,20241016,78000.00000000001,0.6940137752836782,low_suspicion_observation,low:ordinary_large_subscription_redemption,科技,半导体,股票型,20221026,714.0,1.6940137752836784,2.0,0.30598622471632164
588890.SH,南方上证科创板芯片ETF,20241009,20241008,20240925,20241016,12300.0,0.7894230152108337,low_suspicion_observation,low:ordinary_large_subscription_redemption,科技,半导体,股票型,20240423,169.0,1.7894230152108337,2.0,0.2105769847891663
159851.SZ,华宝中证金融科技主题ETF,20241010,20241009,20240926,20241017,40400.0,0.5813350518902114,low_suspicion_observation,low:ordinary_large_subscription_redemption,科技,金融科技,股票型,20210319,1301.0,1.5813350518902114,2.0,0.4186649481097886
511770.SH,金鹰现金增益货币ETF-E,20241010,20241009,20240926,20241017,-494.0,-0.6129032258064516,low_suspicion_observation,low:money_etf_noise;high:negative_change_le_-0.50,货币,货币,货币型,20170410,2740.0,0.3870967741935484,0.0,0.3870967741935484
516950.SH,银华中证基建ETF,20241010,20241009,20240926,20241017,25300.000000000007,0.5175718719122134,low_suspicion_observation,low:ordinary_large_subscription_redemption,周期,基建,股票型,20210514,1245.0,1.5175718719122133,2.0,0.4824281280877867
561980.SH,招商中证半导体产业ETF,20241010,20241009,20240926,20241017,13800.0,0.5919951954013127,low_suspicion_observation,low:ordinary_large_subscription_redemption,科技,半导体,股票型,20230901,405.0,1.5919951954013127,2.0,0.40800480459868727
159322.SZ,平安中证沪深港黄金产业股票ETF,20241015,20241014,20241008,20241022,900.0,0.5483895596133268,low_suspicion_observation,low:ordinary_large_subscription_redemption,周期,黄金,股票型,20240614,123.0,1.5483895596133268,2.0,0.4516104403866732
588990.SH,博时上证科创板芯片ETF,20241021,20241018,20241014,20241028,23200.0,0.7844585241224378,low_suspicion_observation,low:ordinary_large_subscription_redemption,科技,半导体,股票型,20240816,66.0,1.7844585241224378,2.0,0.21554147587756223
562060.SH,华宝标普中国A股红利机会ETF,20241106,20241105,20241030,20241113,55950.0,0.6499040592926233,low_suspicion_observation,low:ordinary_large_subscription_redemption,海外,海外,股票型,20231228,314.0,1.6499040592926233,2.0,0.3500959407073767
515590.SH,前海开源中证500等权重ETF,20241115,20241114,20241108,20241122,1600.0,0.7235333752379747,low_suspicion_observation,low:ordinary_large_subscription_redemption,宽基,中证500,股票型,20200120,1761.0,1.7235333752379747,2.0,0.2764666247620253
562010.SH,华宝中证绿色能源ETF,20241115,20241114,20241108,20241122,1700.0,0.699625905912662,low_suspicion_observation,low:ordinary_large_subscription_redemption,新能源,新能源综合,股票型,20230103,682.0,1.699625905912662,2.0,0.30037409408733806
560520.SH,大成中证红利低波动100ETF,20241118,20241115,20241111,20241125,499.9999999999999,0.740631017627018,low_suspicion_observation,low:ordinary_large_subscription_redemption,红利策略,红利价值,股票型,20240418,214.0,1.740631017627018,2.0,0.2593689823729819
159361.SZ,易方达中证A500ETF,20241121,20241120,20241114,20241128,198000.0,0.5618471274129354,low_suspicion_observation,low:listed_less_than_60d,宽基,中证A500,股票型,20241119,2.0,1.5618471274129353,2.0,0.4381528725870647
560330.SH,申万菱信沪深300价值ETF,20241127,20241126,20241120,20241204,2000.0,0.7371913011426465,low_suspicion_observation,low:ordinary_large_subscription_redemption,宽基,沪深300,股票型,20230523,554.0,1.7371913011426465,2.0,0.2628086988573535
159358.SZ,大成中证A500ETF,20241202,20241129,20241125,20241209,100500.0,0.5024732633976546,low_suspicion_observation,low:listed_less_than_60d,宽基,中证A500,股票型,20241129,3.0,1.5024732633976545,2.0,0.4975267366023455
159505.SZ,博时国证2000ETF,20241205,20241204,20241128,20241212,1200.0,0.6281148608521446,low_suspicion_observation,low:ordinary_large_subscription_redemption,宽基,中证2000,股票型,20231204,367.0,1.6281148608521445,2.0,0.3718851391478555
159356.SZ,万家中证A500ETF,20241209,20241206,20241202,20241216,119400.0,0.596963989042807,low_suspicion_observation,low:listed_less_than_60d,宽基,中证A500,股票型,20241206,3.0,1.5969639890428071,2.0,0.4030360109571929
511770.SH,金鹰现金增益货币ETF-E,20241209,20241206,20241202,20241216,3900.0,14.661654135338345,low_suspicion_observation,low:money_etf_noise;high:positive_change_ge_1.20,货币,货币,货币型,20170410,2800.0,15.661654135338345,16.0,0.3383458646616546
511770.SH,金鹰现金增益货币ETF-E,20241210,20241209,20241203,20241217,6100.0,1.4642342774843975,low_suspicion_observation,low:money_etf_noise;high:positive_change_ge_1.20,货币,货币,货币型,20170410,2801.0,2.4642342774843975,2.0,0.4642342774843975
517550.SH,招商中证沪港深消费龙头ETF,20241213,20241212,20241206,20241220,3000.0,0.5616147547428366,low_suspicion_observation,low:ordinary_large_subscription_redemption,港股,港股消费,股票型,20220208,1039.0,1.5616147547428367,2.0,0.43838524525716327
159362.SZ,工银瑞信中证A500ETF,20241217,20241216,20241210,20241224,119399.99999999997,0.622140644010013,low_suspicion_observation,low:listed_less_than_60d,宽基,中证A500,股票型,20241202,15.0,1.622140644010013,2.0,0.377859355989987
510570.SH,兴业中证500ETF,20241217,20241216,20241210,20241224,2000.0000000000005,0.6544374128780196,low_suspicion_observation,low:ordinary_large_subscription_redemption,宽基,中证500,股票型,20200812,1588.0,1.6544374128780195,2.0,0.3455625871219805
159669.SZ,国泰国证绿色电力ETF,20241219,20241218,20241212,20241226,2250.0,0.5453913329463559,low_suspicion_observation,low:ordinary_large_subscription_redemption,公用事业,电力,股票型,20230111,708.0,1.545391332946356,2.0,0.454608667053644
588780.SH,国联安上证科创板芯片设计主题ETF,20241226,20241225,20241219,20250103,-14399.999999999998,-0.5902824747592754,low_suspicion_observation,low:listed_less_than_60d;high:negative_change_le_-0.50,科技,半导体,股票型,20241226,0.0,0.40971752524072463,0.0,0.40971752524072463
513160.SH,银华恒生港股通中国科技ETF,20241227,20241226,20241220,20250106,5600.0,0.5534181973785766,low_suspicion_observation,low:ordinary_large_subscription_redemption,港股,港股科技,股票型,20220209,1052.0,1.5534181973785766,2.0,0.44658180262142344
588750.SH,汇添富上证科创板芯片ETF,20241230,20241227,20241223,20250107,35400.0,0.6262959372147169,low_suspicion_observation,low:listed_less_than_60d,科技,半导体,股票型,20241226,4.0,1.6262959372147168,2.0,0.37370406278528323
159001.SZ,易方达保证金收益货币ETF-A,20241231,20241230,20241224,20250108,-69654.88999999998,-0.6739780491132463,low_suspicion_observation,low:money_etf_noise;high:negative_change_le_-0.50,货币,货币,货币型,20141020,3725.0,0.32602195088675356,0.0,0.32602195088675356
159001.SZ,易方达保证金收益货币ETF-A,20250102,20241231,20241225,20250109,70016.63,2.078014163348322,low_suspicion_observation,low:money_etf_noise;high:positive_integer_ratio;high:positive_change_ge_1.20,货币,货币,货币型,20141020,3727.0,3.078014163348322,3.0,0.07801416334832201
159005.SZ,汇添富收益快钱货币ETF-A,20250102,20241231,20241225,20250109,3796.120000000001,0.7925656518416758,low_suspicion_observation,low:money_etf_noise,货币,货币,货币型,20150113,3642.0,1.7925656518416757,2.0,0.2074343481583243
511770.SH,金鹰现金增益货币ETF-E,20250103,20250102,20241226,20250110,-14520.0,-0.9209691741722694,low_suspicion_observation,low:money_etf_noise;high:negative_change_le_-0.50,货币,货币,货币型,20170410,2825.0,0.07903082582773056,0.0,0.07903082582773056
159322.SZ,平安中证沪深港黄金产业股票ETF,20250106,20250103,20241227,20250113,1100.0,0.5389068451016625,low_suspicion_observation,low:ordinary_large_subscription_redemption,周期,黄金,股票型,20240614,206.0,1.5389068451016625,2.0,0.46109315489833747
510570.SH,兴业中证500ETF,20250106,20250103,20241227,20250113,1750.0000000000005,0.5726327362682672,low_suspicion_observation,low:ordinary_large_subscription_redemption,宽基,中证500,股票型,20200812,1608.0,1.572632736268267,2.0,0.42736726373173295
511770.SH,金鹰现金增益货币ETF-E,20250107,20250106,20241230,20250114,-1004.0,-0.8057784911717496,low_suspicion_observation,low:money_etf_noise;high:negative_change_le_-0.50,货币,货币,货币型,20170410,2829.0,0.1942215088282504,0.0,0.1942215088282504
563280.SH,富国MSCI中国A50互联互通增强策略ETF,20250108,20250107,20241231,20250115,800.0000000000001,0.7838065565418456,low_suspicion_observation,low:ordinary_large_subscription_redemption,宽基,MSCI,股票型,20240412,271.0,1.7838065565418455,2.0,0.2161934434581545
563150.SH,银华中证油气资源ETF,20250109,20250108,20250102,20250116,2399.9999999999995,0.7407636038149324,low_suspicion_observation,low:ordinary_large_subscription_redemption,周期,能源,股票型,20240530,224.0,1.7407636038149323,2.0,0.25923639618506766
588790.SH,博时上证科创板人工智能ETF,20250109,20250108,20250102,20250116,-13500.0,-0.5752219930802924,low_suspicion_observation,low:listed_less_than_60d;high:negative_change_le_-0.50,科技,人工智能,股票型,20250109,0.0,0.4247780069197076,0.0,0.4247780069197076
520500.SH,华泰柏瑞恒生创新药ETF(QDII),20250117,20250116,20250110,20250124,4000.0,0.6125105275246918,low_suspicion_observation,low:listed_less_than_60d,港股,港股医药,股票型,20241227,21.0,1.6125105275246918,2.0,0.3874894724753082
530280.SH,平安上证180ETF,20250124,20250123,20250117,20250210,-14850.000000000002,-0.5563172919148553,low_suspicion_observation,low:listed_less_than_60d;high:negative_change_le_-0.50,宽基,上证180,股票型,20250124,0.0,0.4436827080851446,0.0,0.4436827080851446
159001.SZ,易方达保证金收益货币ETF-A,20250205,20250127,20250121,20250212,51549.81000000001,0.5842318031805902,low_suspicion_observation,low:money_etf_noise,货币,货币,货币型,20141020,3761.0,1.5842318031805902,2.0,0.4157681968194098
511670.SH,华泰紫金天天金货币ETF-A,20250205,20250127,20250121,20250212,413.0,0.597684515195369,low_suspicion_observation,low:money_etf_noise,货币,货币,货币型,20170828,2718.0,1.5976845151953691,2.0,0.40231548480463086
511910.SH,融通易支付货币ETF-E,20250205,20250127,20250121,20250212,151.0,0.5992063492063492,low_suspicion_observation,low:money_etf_noise,货币,货币,货币型,20160704,3138.0,1.5992063492063493,2.0,0.4007936507936507
511960.SH,嘉实快线货币ETF-H,20250205,20250127,20250121,20250212,836.0,0.8735632183908046,low_suspicion_observation,low:money_etf_noise;high:positive_integer_ratio,货币,货币,货币型,20160111,3313.0,1.8735632183908046,2.0,0.12643678160919536
511970.SH,国寿安保货币ETF-E,20250205,20250127,20250121,20250212,1352.0,1.4024896265560165,low_suspicion_observation,low:money_etf_noise;high:positive_change_ge_1.20,货币,货币,货币型,20160718,3124.0,2.4024896265560165,2.0,0.4024896265560165
560360.SH,万家中证软件服务ETF,20250205,20250127,20250121,20250212,3900.0,0.62555136739113,low_suspicion_observation,low:ordinary_large_subscription_redemption,科技,软件,股票型,20240624,226.0,1.62555136739113,2.0,0.37444863260887007
520700.SH,万家中证港股通创新药ETF,20250206,20250205,20250122,20250213,6400.0,0.7105111239397841,low_suspicion_observation,low:ordinary_large_subscription_redemption,港股,港股医药,股票型,20241014,115.0,1.710511123939784,2.0,0.2894888760602159
513150.SH,华泰柏瑞中证港股通科技ETF,20250207,20250206,20250123,20250214,7100.0,0.6252212490687726,low_suspicion_observation,low:ordinary_large_subscription_redemption,港股,港股科技,股票型,20220211,1092.0,1.6252212490687725,2.0,0.3747787509312275
511770.SH,金鹰现金增益货币ETF-E,20250211,20250210,20250127,20250218,855.0,3.5477178423236513,low_suspicion_observation,low:money_etf_noise;high:positive_change_ge_1.20,货币,货币,货币型,20170410,2864.0,4.547717842323651,5.0,0.4522821576763487
511910.SH,融通易支付货币ETF-E,20250211,20250210,20250127,20250218,217.0,0.5961538461538461,low_suspicion_observation,low:money_etf_noise,货币,货币,货币型,20160704,3144.0,1.5961538461538463,2.0,0.40384615384615374
511920.SH,广发货币ETF-E,20250211,20250210,20250127,20250218,479.0,0.740340030911901,low_suspicion_observation,low:money_etf_noise,货币,货币,货币型,20160328,3242.0,1.740340030911901,2.0,0.25965996908809896
511930.SH,国联日日盈货币ETF-A,20250211,20250210,20250127,20250218,388.0,1.0077922077922077,low_suspicion_observation,low:money_etf_noise;high:positive_integer_ratio,货币,货币,货币型,20151215,3346.0,2.0077922077922077,2.0,0.007792207792207684
511970.SH,国寿安保货币ETF-E,20250211,20250210,20250127,20250218,610.0,0.6003937007874016,low_suspicion_observation,low:money_etf_noise,货币,货币,货币型,20160718,3130.0,1.6003937007874016,2.0,0.3996062992125984
511770.SH,金鹰现金增益货币ETF-E,20250212,20250211,20250205,20250219,1272.0,1.1605839416058394,low_suspicion_observation,low:money_etf_noise;high:positive_integer_ratio,货币,货币,货币型,20170410,2865.0,2.1605839416058394,2.0,0.16058394160583944
511910.SH,融通易支付货币ETF-E,20250212,20250211,20250205,20250219,745.0,1.2822719449225473,low_suspicion_observation,low:money_etf_noise;high:positive_change_ge_1.20,货币,货币,货币型,20160704,3145.0,2.2822719449225475,2.0,0.2822719449225475
511920.SH,广发货币ETF-E,20250212,20250211,20250205,20250219,1360.0,1.2078152753108349,low_suspicion_observation,low:money_etf_noise;high:positive_change_ge_1.20,货币,货币,货币型,20160328,3243.0,2.2078152753108347,2.0,0.20781527531083466
511930.SH,国联日日盈货币ETF-A,20250212,20250211,20250205,20250219,1000.0,1.2936610608020698,low_suspicion_observation,low:money_etf_noise;high:positive_change_ge_1.20,货币,货币,货币型,20151215,3347.0,2.2936610608020698,2.0,0.2936610608020698
530280.SH,平安上证180ETF,20250212,20250211,20250205,20250219,-2549.9999999999995,-0.5006478972788314,low_suspicion_observation,low:listed_less_than_60d;high:negative_change_le_-0.50,宽基,上证180,股票型,20250124,19.0,0.49935210272116864,0.0,0.49935210272116864
511920.SH,广发货币ETF-E,20250213,20250212,20250206,20250220,1380.0,0.5551086082059533,low_suspicion_observation,low:money_etf_noise,货币,货币,货币型,20160328,3244.0,1.5551086082059533,2.0,0.4448913917940467
511970.SH,国寿安保货币ETF-E,20250213,20250212,20250206,20250220,1137.0,0.5699248120300752,low_suspicion_observation,low:money_etf_noise,货币,货币,货币型,20160718,3132.0,1.5699248120300753,2.0,0.4300751879699247
159712.SZ,国泰中证港股通50ETF,20250214,20250213,20250207,20250221,1900.0,0.6839745096379748,low_suspicion_observation,low:ordinary_large_subscription_redemption,港股,港股宽基,股票型,20211111,1191.0,1.6839745096379748,2.0,0.3160254903620252
159855.SZ,银华中证影视主题ETF,20250214,20250213,20250207,20250221,7400.0,0.7368665780382134,low_suspicion_observation,low:ordinary_large_subscription_redemption,科技,传媒,股票型,20210226,1449.0,1.7368665780382133,2.0,0.2631334219617867
511920.SH,广发货币ETF-E,20250214,20250213,20250207,20250221,2091.0,0.540869115364718,low_suspicion_observation,low:money_etf_noise,货币,货币,货币型,20160328,3245.0,1.540869115364718,2.0,0.45913088463528196
511950.SH,广发添利货币ETF-A,20250214,20250213,20250207,20250221,1524.0,0.8309705561613958,low_suspicion_observation,low:money_etf_noise;high:positive_integer_ratio,货币,货币,货币型,20161219,2979.0,1.8309705561613958,2.0,0.1690294438386042
159367.SZ,华夏创业板50ETF,20250217,20250214,20250210,20250224,-16000.000000000002,-0.5592860146347882,low_suspicion_observation,low:listed_less_than_60d;high:negative_change_le_-0.50,宽基,创业板50,股票型,20250214,3.0,0.4407139853652117,0.0,0.4407139853652117
159738.SZ,华泰柏瑞中证沪港深云计算产业ETF,20250217,20250214,20250210,20250224,8600.0,0.6772044562226573,low_suspicion_observation,low:ordinary_large_subscription_redemption,港股,港股科技,股票型,20220128,1116.0,1.6772044562226573,2.0,0.32279554377734265
159738.SZ,华泰柏瑞中证沪港深云计算产业ETF,20250218,20250217,20250211,20250225,14600.0,0.6854696082095634,low_suspicion_observation,low:ordinary_large_subscription_redemption,港股,港股科技,股票型,20220128,1117.0,1.6854696082095635,2.0,0.3145303917904365
516630.SH,华夏中证云计算与大数据主题ETF,20250220,20250219,20250213,20250227,13800.0,0.5494593001958942,low_suspicion_observation,low:ordinary_large_subscription_redemption,科技,人工智能,股票型,20210903,1266.0,1.5494593001958943,2.0,0.4505406998041057
520700.SH,万家中证港股通创新药ETF,20250220,20250219,20250213,20250227,7299.999999999998,0.7368081069078282,low_suspicion_observation,low:ordinary_large_subscription_redemption,港股,港股医药,股票型,20241014,129.0,1.736808106907828,2.0,0.26319189309217195
517390.SH,天弘中证沪港深云计算产业ETF,20250224,20250221,20250217,20250303,9499.999999999998,0.7083599900382215,low_suspicion_observation,low:ordinary_large_subscription_redemption,港股,港股科技,股票型,20211223,1159.0,1.7083599900382214,2.0,0.29164000996177863
530280.SH,平安上证180ETF,20250225,20250224,20250218,20250304,-3149.9999999999995,-0.6184474025209094,low_suspicion_observation,low:listed_less_than_60d;high:negative_change_le_-0.50,宽基,上证180,股票型,20250124,32.0,0.38155259747909065,0.0,0.38155259747909065
159712.SZ,国泰中证港股通50ETF,20250227,20250226,20250220,20250306,1700.0,0.5907123410545112,low_suspicion_observation,low:ordinary_large_subscription_redemption,港股,港股宽基,股票型,20211111,1204.0,1.5907123410545112,2.0,0.4092876589454888
511670.SH,华泰紫金天天金货币ETF-A,20250303,20250228,20250224,20250310,1005.0,0.7027972027972028,low_suspicion_observation,low:money_etf_noise,货币,货币,货币型,20170828,2744.0,1.7027972027972027,2.0,0.2972027972027973
511910.SH,融通易支付货币ETF-E,20250303,20250228,20250224,20250310,552.0,0.505032021957914,low_suspicion_observation,low:money_etf_noise,货币,货币,货币型,20160704,3164.0,1.505032021957914,2.0,0.4949679780420859
159322.SZ,平安中证沪深港黄金产业股票ETF,20250320,20250319,20250313,20250327,1200.0,0.6891921066138837,low_suspicion_observation,low:ordinary_large_subscription_redemption,周期,黄金,股票型,20240614,279.0,1.6891921066138837,2.0,0.31080789338611625
159355.SZ,华宝中证800红利低波动ETF,20250320,20250319,20250313,20250327,7900.0,0.6112929312089547,low_suspicion_observation,low:ordinary_large_subscription_redemption,红利策略,红利价值,股票型,20241203,107.0,1.6112929312089548,2.0,0.3887070687910452
511820.SH,鹏华添利货币ETF-B,20250321,20250320,20250314,20250328,5007.0,0.9425828313253012,low_suspicion_observation,low:money_etf_noise;high:positive_integer_ratio,货币,货币,货币型,20160222,3315.0,1.9425828313253013,2.0,0.057417168674698704
159375.SZ,国泰创业板50ETF,20250324,20250321,20250317,20250331,7300.0,0.6658267216967891,low_suspicion_observation,low:ordinary_large_subscription_redemption,宽基,创业板50,股票型,20250110,73.0,1.6658267216967892,2.0,0.33417327830321075
511830.SH,华泰柏瑞货币ETF-A,20250328,20250327,20250321,20250407,1001.0,0.6148648648648649,low_suspicion_observation,low:money_etf_noise,货币,货币,货币型,20150803,3525.0,1.614864864864865,2.0,0.3851351351351351
513140.SH,华泰柏瑞中证港股通金融服务ETF(QDII),20250331,20250328,20250324,20250408,3399.999999999999,0.5679160820471703,low_suspicion_observation,low:ordinary_large_subscription_redemption,港股,港股金融,股票型,20230112,809.0,1.5679160820471703,2.0,0.43208391795282974
159370.SZ,工银瑞信创业板50ETF,20250408,20250407,20250331,20250415,3999.999999999999,0.7102776050767374,low_suspicion_observation,low:ordinary_large_subscription_redemption,宽基,创业板50,股票型,20250120,78.0,1.7102776050767374,2.0,0.28972239492326257
159698.SZ,鹏华国证粮食产业ETF,20250410,20250409,20250402,20250417,37650.0,0.6623339319929029,low_suspicion_observation,low:ordinary_large_subscription_redemption,消费,农牧,股票型,20230818,601.0,1.662333931992903,2.0,0.3376660680070971
159212.SZ,南方深证100ETF,20250411,20250410,20250403,20250418,-40400.00000000001,-0.5004928324427661,low_suspicion_observation,low:listed_less_than_60d;high:negative_change_le_-0.50,宽基,深证100,股票型,20250409,2.0,0.49950716755723396,0.0,0.49950716755723396
159322.SZ,平安中证沪深港黄金产业股票ETF,20250415,20250414,20250408,20250422,1400.0,0.5734957074460757,low_suspicion_observation,low:ordinary_large_subscription_redemption,周期,黄金,股票型,20240614,305.0,1.5734957074460758,2.0,0.4265042925539242
159377.SZ,国泰创业板医药卫生ETF,20250416,20250414,20250409,20250423,-11400.000000000002,-0.5530506592123718,low_suspicion_observation,low:listed_less_than_60d;high:negative_change_le_-0.50,宽基,创业板,股票型,20250415,1.0,0.4469493407876282,0.0,0.4469493407876282
159318.SZ,银华恒指港股通ETF,20250423,20250422,20250416,20250430,2300.0000000000005,0.6283870231304074,low_suspicion_observation,low:ordinary_large_subscription_redemption,港股,港股宽基,股票型,20240621,306.0,1.6283870231304074,2.0,0.3716129768695926
159391.SZ,博时国证大盘价值ETF,20250423,20250422,20250416,20250430,-7000.000000000001,-0.503320484328333,low_suspicion_observation,low:listed_less_than_60d;high:negative_change_le_-0.50,红利策略,红利价值,股票型,20250421,2.0,0.49667951567166696,0.0,0.49667951567166696
511960.SH,嘉实快线货币ETF-H,20250424,20250423,20250417,20250506,2220.0,1.056639695383151,low_suspicion_observation,low:money_etf_noise;high:positive_integer_ratio,货币,货币,货币型,20160111,3391.0,2.0566396953831507,2.0,0.05663969538315072
511860.SH,博时保证金实时货币ETF-A,20250425,20250424,20250418,20250507,3015.0,0.8880706921944035,low_suspicion_observation,low:money_etf_noise;high:positive_integer_ratio,货币,货币,货币型,20141209,3790.0,1.8880706921944035,2.0,0.11192930780559651
159575.SZ,银华创业板200ETF,20250508,20250507,20250428,20250515,800.0,0.5965508177406756,low_suspicion_observation,low:ordinary_large_subscription_redemption,宽基,创业板,股票型,20240102,492.0,1.5965508177406755,2.0,0.40344918225932447
159219.SZ,融通深证100ETF,20250515,20250514,20250508,20250522,-9800.0,-0.5619652148348862,low_suspicion_observation,low:listed_less_than_60d;high:negative_change_le_-0.50,宽基,深证100,股票型,20250513,2.0,0.4380347851651138,0.0,0.4380347851651138
159537.SZ,国泰国证信息技术创新主题ETF,20250603,20250530,20250526,20250610,20999.999999999996,0.7788086839482433,low_suspicion_observation,low:ordinary_large_subscription_redemption,科技,计算机,股票型,20231010,602.0,1.7788086839482433,2.0,0.22119131605175668
562030.SH,华宝中证信息技术应用创新产业ETF,20250604,20250603,20250527,20250611,8599.999999999998,0.5325509375683104,low_suspicion_observation,low:ordinary_large_subscription_redemption,科技,计算机,股票型,20231012,601.0,1.5325509375683104,2.0,0.4674490624316896
159537.SZ,国泰国证信息技术创新主题ETF,20250605,20250604,20250528,20250612,30000.000000000007,0.5909669496178339,low_suspicion_observation,low:ordinary_large_subscription_redemption,科技,计算机,股票型,20231010,604.0,1.5909669496178338,2.0,0.4090330503821662
589700.SH,南方上证科创板成长ETF,20250605,20250604,20250528,20250612,-19800.0,-0.5290001629747977,low_suspicion_observation,low:listed_less_than_60d;high:negative_change_le_-0.50,宽基,其他,股票型,20250605,0.0,0.4709998370252023,0.0,0.4709998370252023
159537.SZ,国泰国证信息技术创新主题ETF,20250606,20250605,20250529,20250613,47500.0,0.588131431927609,low_suspicion_observation,low:ordinary_large_subscription_redemption,科技,计算机,股票型,20231010,605.0,1.588131431927609,2.0,0.41186856807239103
159538.SZ,富国国证信息技术创新主题ETF,20250606,20250605,20250529,20250613,31200.000000000007,0.7530693313786809,low_suspicion_observation,low:ordinary_large_subscription_redemption,科技,计算机,股票型,20230922,623.0,1.753069331378681,2.0,0.24693066862131907
159539.SZ,广发国证信息技术创新主题ETF,20250606,20250605,20250529,20250613,9000.0,0.5276575145330658,low_suspicion_observation,low:ordinary_large_subscription_redemption,科技,计算机,股票型,20230928,617.0,1.5276575145330658,2.0,0.47234248546693425
511260.SH,国泰上证10年期国债ETF,20250606,20250605,20250529,20250613,1842.9999999999995,0.6415678902755294,low_suspicion_observation,low:ordinary_large_subscription_redemption,债券,国债,债券型,20170824,2843.0,1.6415678902755293,2.0,0.3584321097244707
588130.SH,华夏上证科创板生物医药ETF,20250610,20250609,20250603,20250617,1650.0,0.620706778118017,low_suspicion_observation,low:listed_less_than_60d,医药,医药综合,股票型,20250528,13.0,1.6207067781180169,2.0,0.3792932218819831
159521.SZ,平安国证2000ETF,20250616,20250613,20250609,20250623,1199.9999999999998,0.6566550484324137,low_suspicion_observation,low:ordinary_large_subscription_redemption,宽基,中证2000,股票型,20230907,648.0,1.6566550484324138,2.0,0.34334495156758615
159366.SZ,永赢中证港股通医疗主题ETF,20250618,20250617,20250611,20250625,2400.0,0.7422740406479161,low_suspicion_observation,low:ordinary_large_subscription_redemption,港股,港股医药,股票型,20250414,65.0,1.742274040647916,2.0,0.257725959352084
588680.SH,广发上证科创板100增强策略ETF,20250630,20250627,20250623,20250707,1800.0000000000005,0.6828269033799934,low_suspicion_observation,low:ordinary_large_subscription_redemption,指数增强,科创板100,股票型,20240705,360.0,1.6828269033799934,2.0,0.3171730966200066
159212.SZ,南方深证100ETF,20250704,20250703,20250627,20250711,15800.0,0.7341858448439386,low_suspicion_observation,low:ordinary_large_subscription_redemption,宽基,深证100,股票型,20250409,86.0,1.7341858448439385,2.0,0.26581415515606155
159211.SZ,富国深证100ETF,20250707,20250704,20250630,20250714,7999.999999999998,0.5984292996251273,low_suspicion_observation,low:ordinary_large_subscription_redemption,宽基,深证100,股票型,20250414,84.0,1.5984292996251273,2.0,0.40157070037487275
563900.SH,摩根沪深300自由现金流ETF,20250707,20250704,20250630,20250714,7500.0,0.5556967436911748,low_suspicion_observation,low:ordinary_large_subscription_redemption,红利策略,自由现金流,股票型,20250507,61.0,1.5556967436911748,2.0,0.44430325630882517
159211.SZ,富国深证100ETF,20250708,20250707,20250701,20250715,12000.000000000004,0.5615787633824104,low_suspicion_observation,low:ordinary_large_subscription_redemption,宽基,深证100,股票型,20250414,85.0,1.5615787633824105,2.0,0.43842123661758947
560820.SH,新华中证A50ETF,20250710,20250709,20250703,20250717,2200.0000000000005,0.7877963188426558,low_suspicion_observation,low:ordinary_large_subscription_redemption,宽基,中证A50,股票型,20250418,83.0,1.7877963188426558,2.0,0.21220368115734423
561780.SH,博时中证1000增强策略ETF,20250710,20250709,20250703,20250717,399.9999999999999,0.575059662439978,low_suspicion_observation,low:ordinary_large_subscription_redemption,宽基,中证1000,股票型,20231110,608.0,1.575059662439978,2.0,0.42494033756002203
513140.SH,华泰柏瑞中证港股通金融服务ETF(QDII),20250711,20250710,20250704,20250718,4799.999999999999,0.6919617114519662,low_suspicion_observation,low:ordinary_large_subscription_redemption,港股,港股金融,股票型,20230112,911.0,1.6919617114519663,2.0,0.3080382885480337
159536.SZ,汇添富中证2000ETF,20250714,20250711,20250707,20250721,2600.0,0.6009950304876688,low_suspicion_observation,low:ordinary_large_subscription_redemption,宽基,中证2000,股票型,20230921,662.0,1.6009950304876688,2.0,0.3990049695123312
516950.SH,银华中证基建ETF,20250721,20250718,20250714,20250728,25200.0,0.6741194314926128,low_suspicion_observation,low:ordinary_large_subscription_redemption,周期,基建,股票型,20210514,1529.0,1.6741194314926129,2.0,0.3258805685073871
159745.SZ,国泰中证全指建筑材料ETF,20250722,20250721,20250715,20250729,70000.0,0.6649641905146535,low_suspicion_observation,low:ordinary_large_subscription_redemption,周期,建筑材料,股票型,20210618,1495.0,1.6649641905146535,2.0,0.3350358094853465
159619.SZ,国泰中证基建ETF,20250723,20250722,20250716,20250730,13200.000000000004,0.505783932391678,low_suspicion_observation,low:ordinary_large_subscription_redemption,周期,基建,股票型,20220218,1251.0,1.505783932391678,2.0,0.49421606760832204
159635.SZ,华夏中证基建ETF,20250723,20250722,20250716,20250730,13699.999999999996,0.6623253576145998,low_suspicion_observation,low:ordinary_large_subscription_redemption,周期,基建,股票型,20220712,1107.0,1.6623253576145998,2.0,0.33767464238540024
159652.SZ,汇添富中证细分有色金属产业主题ETF,20250723,20250722,20250716,20250730,19200.000000000004,0.7182395401213977,low_suspicion_observation,low:ordinary_large_subscription_redemption,周期,有色金属,股票型,20230208,896.0,1.7182395401213977,2.0,0.2817604598786023
159745.SZ,国泰中证全指建筑材料ETF,20250723,20250722,20250716,20250730,132900.00000000003,0.7582637634650907,low_suspicion_observation,low:ordinary_large_subscription_redemption,周期,建筑材料,股票型,20210618,1496.0,1.7582637634650908,2.0,0.24173623653490917
159366.SZ,永赢中证港股通医疗主题ETF,20250724,20250723,20250717,20250731,2400.0,0.642861642888643,low_suspicion_observation,low:ordinary_large_subscription_redemption,港股,港股医药,股票型,20250414,101.0,1.6428616428886431,2.0,0.3571383571113569
561370.SH,国泰中证2000ETF,20250725,20250724,20250718,20250801,599.9999999999999,0.7180469123982766,low_suspicion_observation,low:ordinary_large_subscription_redemption,宽基,中证2000,股票型,20230921,673.0,1.7180469123982764,2.0,0.28195308760172355
159221.SZ,嘉实国证自由现金流ETF,20250728,20250725,20250721,20250804,6100.0,0.7260760932744964,low_suspicion_observation,low:ordinary_large_subscription_redemption,红利策略,自由现金流,股票型,20250513,76.0,1.7260760932744965,2.0,0.2739239067255035
588820.SH,华夏上证科创板200ETF,20250729,20250728,20250722,20250805,900.0,0.5487804878048781,low_suspicion_observation,low:ordinary_large_subscription_redemption,宽基,其他,股票型,20250106,204.0,1.548780487804878,2.0,0.4512195121951219
517010.SH,易方达中证沪港深500ETF,20250730,20250729,20250723,20250806,4500.0,0.5988486137319979,low_suspicion_observation,low:ordinary_large_subscription_redemption,港股,港股宽基,股票型,20210812,1448.0,1.598848613731998,2.0,0.40115138626800206
563060.SH,易方达中证国资央企50ETF,20250801,20250731,20250725,20250808,999.9999999999998,0.5705482969133335,low_suspicion_observation,low:ordinary_large_subscription_redemption,红利策略,红利价值,股票型,20250519,74.0,1.5705482969133335,2.0,0.42945170308666647
516810.SH,华夏中证农业主题ETF,20250804,20250801,20250728,20250811,14600.0,0.6253241727625066,low_suspicion_observation,low:ordinary_large_subscription_redemption,消费,农牧,股票型,20220111,1301.0,1.6253241727625065,2.0,0.3746758272374935
561200.SH,工银瑞信中证A100ETF,20250806,20250805,20250730,20250813,1400.0,0.5096376112557106,low_suspicion_observation,low:ordinary_large_subscription_redemption,宽基,其他,股票型,20240105,579.0,1.5096376112557106,2.0,0.4903623887442894
563990.SH,富国中证800自由现金流ETF,20250808,20250807,20250801,20250815,4699.999999999999,0.6955440782561081,low_suspicion_observation,low:ordinary_large_subscription_redemption,红利策略,自由现金流,股票型,20250424,106.0,1.695544078256108,2.0,0.304455921743892
159508.SZ,华安国证生物医药ETF,20250815,20250814,20250808,20250822,2400.0000000000005,0.6587687973500368,low_suspicion_observation,low:ordinary_large_subscription_redemption,医药,医药综合,股票型,20230714,763.0,1.6587687973500367,2.0,0.3412312026499633
517360.SH,华安中证沪港深科技100ETF,20250818,20250815,20250811,20250825,2100.0,0.7899785577248617,low_suspicion_observation,low:ordinary_large_subscription_redemption,港股,港股科技,股票型,20210705,1505.0,1.7899785577248617,2.0,0.2100214422751383
560590.SH,鹏华中证1000增强策略ETF,20250818,20250815,20250811,20250825,600.0,0.7782101167315175,low_suspicion_observation,low:ordinary_large_subscription_redemption,宽基,中证1000,股票型,20230925,693.0,1.7782101167315174,2.0,0.2217898832684826
159388.SZ,国泰创业板人工智能ETF,20250820,20250819,20250813,20250827,3899.999999999999,0.6952515725922059,low_suspicion_observation,low:ordinary_large_subscription_redemption,宽基,创业板,股票型,20250407,135.0,1.695251572592206,2.0,0.30474842740779406
563680.SH,汇添富中证800自由现金流ETF,20250822,20250821,20250815,20250829,15600.0,0.5513166218427404,low_suspicion_observation,low:ordinary_large_subscription_redemption,红利策略,自由现金流,股票型,20250515,99.0,1.5513166218427403,2.0,0.44868337815725967
588780.SH,国联安上证科创板芯片设计主题ETF,20250825,20250822,20250818,20250901,23800.0,0.7580800825606544,low_suspicion_observation,low:ordinary_large_subscription_redemption,科技,半导体,股票型,20241226,242.0,1.7580800825606544,2.0,0.2419199174393456
563780.SH,方正富邦中证全指自由现金流ETF,20250826,20250825,20250819,20250902,9700.0,0.5158830828109352,low_suspicion_observation,low:ordinary_large_subscription_redemption,红利策略,自由现金流,股票型,20250513,105.0,1.5158830828109353,2.0,0.4841169171890647
159218.SZ,招商中证卫星产业ETF,20250827,20250826,20250820,20250903,4349.999999999999,0.5791013119773193,low_suspicion_observation,low:ordinary_large_subscription_redemption,国防军工,航空航天,股票型,20250522,97.0,1.5791013119773194,2.0,0.4208986880226806
512240.SH,鹏华中证A50ETF,20250828,20250827,20250821,20250904,1800.0000000000005,0.729158227335332,low_suspicion_observation,low:ordinary_large_subscription_redemption,宽基,中证A50,股票型,20250407,143.0,1.729158227335332,2.0,0.2708417726646679
589580.SH,兴银上证科创板综合价格ETF,20250829,20250828,20250822,20250905,800.0,0.7725885579634566,low_suspicion_observation,low:ordinary_large_subscription_redemption,宽基,其他,股票型,20250611,79.0,1.7725885579634566,2.0,0.2274114420365434
517400.SH,国泰中证沪深港黄金产业股票ETF,20250901,20250829,20250825,20250908,4400.000000000001,0.5514337276919993,low_suspicion_observation,low:ordinary_large_subscription_redemption,周期,黄金,股票型,20240508,481.0,1.5514337276919994,2.0,0.4485662723080006
159775.SZ,建信国证新能源车电池ETF,20250903,20250902,20250827,20250910,13599.999999999996,0.5746908814866927,low_suspicion_observation,low:ordinary_large_subscription_redemption,新能源,电池储能,股票型,20220124,1318.0,1.5746908814866927,2.0,0.4253091185133073
159305.SZ,广发国证新能源电池ETF,20250905,20250904,20250829,20250912,2149.9999999999995,0.6864590148368057,low_suspicion_observation,low:ordinary_large_subscription_redemption,新能源,电池储能,股票型,20240927,343.0,1.6864590148368057,2.0,0.3135409851631943
159630.SZ,汇添富中证A100ETF,20250905,20250904,20250829,20250912,600.0,0.5398720719138393,low_suspicion_observation,low:ordinary_large_subscription_redemption,宽基,其他,股票型,20221101,1039.0,1.5398720719138392,2.0,0.46012792808616076
159368.SZ,华夏创业板新能源ETF,20250908,20250905,20250901,20250915,4200.0,0.7461381885942794,low_suspicion_observation,low:ordinary_large_subscription_redemption,宽基,创业板,股票型,20250324,168.0,1.7461381885942795,2.0,0.2538618114057205
561910.SH,招商中证电池主题ETF,20250908,20250905,20250901,20250915,146399.99999999997,0.5650161018010813,low_suspicion_observation,low:ordinary_large_subscription_redemption,新能源,电池储能,股票型,20210812,1488.0,1.5650161018010813,2.0,0.4349838981989187
159368.SZ,华夏创业板新能源ETF,20250909,20250908,20250902,20250916,6000.0,0.6104394858060662,low_suspicion_observation,low:ordinary_large_subscription_redemption,宽基,创业板,股票型,20250324,169.0,1.6104394858060662,2.0,0.3895605141939338
159566.SZ,易方达国证新能源电池ETF,20250909,20250908,20250902,20250916,15600.0,0.544047296737792,low_suspicion_observation,low:ordinary_large_subscription_redemption,新能源,电池储能,股票型,20240208,579.0,1.544047296737792,2.0,0.45595270326220794
560820.SH,新华中证A50ETF,20250910,20250909,20250903,20250917,499.9999999999999,0.7219174126479929,low_suspicion_observation,low:ordinary_large_subscription_redemption,宽基,中证A50,股票型,20250418,145.0,1.7219174126479928,2.0,0.2780825873520072
561080.SH,华安中证全指自由现金流ETF,20250917,20250916,20250910,20250924,1700.0,0.5619834710743802,low_suspicion_observation,low:ordinary_large_subscription_redemption,红利策略,自由现金流,股票型,20250430,140.0,1.56198347107438,2.0,0.43801652892561993
159824.SZ,博时中证新能源汽车ETF,20250919,20250918,20250912,20250926,8400.000000000002,0.5748106871266426,low_suspicion_observation,low:ordinary_large_subscription_redemption,新能源,新能源车,股票型,20210111,1712.0,1.5748106871266427,2.0,0.42518931287335726
589010.SH,华夏上证科创板人工智能ETF,20250926,20250925,20250919,20251013,13800.000000000004,0.6485175734164189,low_suspicion_observation,low:ordinary_large_subscription_redemption,科技,人工智能,股票型,20250409,170.0,1.648517573416419,2.0,0.351482426583581
589820.SH,建信上证科创板200ETF,20250926,20250925,20250919,20251013,4200.0,0.6024079104764473,low_suspicion_observation,low:listed_less_than_60d,宽基,其他,股票型,20250915,11.0,1.6024079104764473,2.0,0.39759208952355274
563760.SH,中银中证全指自由现金流ETF,20250929,20250926,20250922,20251014,5800.0,0.5691117539239274,low_suspicion_observation,low:ordinary_large_subscription_redemption,红利策略,自由现金流,股票型,20250606,115.0,1.5691117539239274,2.0,0.43088824607607257
560820.SH,新华中证A50ETF,20251009,20250930,20250924,20251016,1500.0,0.7925604987847406,low_suspicion_observation,low:ordinary_large_subscription_redemption,宽基,中证A50,股票型,20250418,174.0,1.7925604987847406,2.0,0.20743950121525945
159690.SZ,招商中证有色金属矿业主题ETF,20251010,20251009,20250925,20251017,3200.0,0.7413589173824526,low_suspicion_observation,low:ordinary_large_subscription_redemption,周期,有色金属,股票型,20230706,827.0,1.7413589173824526,2.0,0.25864108261754737
159107.SZ,富国创业板软件ETF,20251013,20251010,20250926,20251020,10100.0,0.5777271670983624,low_suspicion_observation,low:listed_less_than_60d,宽基,创业板,股票型,20250922,21.0,1.5777271670983624,2.0,0.42227283290163764
159587.SZ,广发国证粮食产业ETF,20251014,20251013,20250929,20251021,600.0,0.5241533809072414,low_suspicion_observation,low:ordinary_large_subscription_redemption,消费,农牧,股票型,20240821,419.0,1.5241533809072414,2.0,0.4758466190927586
159715.SZ,易方达中证稀土产业ETF,20251014,20251013,20250929,20251021,29000.000000000007,0.5400068004359845,low_suspicion_observation,low:ordinary_large_subscription_redemption,周期,有色金属,股票型,20210910,1495.0,1.5400068004359846,2.0,0.4599931995640154
588270.SH,易方达上证科创板200ETF,20251014,20251013,20250929,20251021,15000.0,0.6899406651028012,low_suspicion_observation,low:ordinary_large_subscription_redemption,宽基,其他,股票型,20250616,120.0,1.689940665102801,2.0,0.31005933489719895
159372.SZ,万家创业板50ETF,20251015,20251014,20250930,20251022,4999.999999999999,0.7757760755250901,low_suspicion_observation,low:ordinary_large_subscription_redemption,宽基,创业板50,股票型,20250609,128.0,1.77577607552509,2.0,0.22422392447491002
159372.SZ,万家创业板50ETF,20251016,20251015,20251009,20251023,6000.000000000002,0.5242391219595837,low_suspicion_observation,low:ordinary_large_subscription_redemption,宽基,创业板50,股票型,20250609,129.0,1.5242391219595837,2.0,0.47576087804041634
159387.SZ,国泰创业板新能源ETF,20251017,20251016,20251010,20251024,3100.0,0.6127108970672573,low_suspicion_observation,low:ordinary_large_subscription_redemption,宽基,创业板,股票型,20250610,129.0,1.6127108970672572,2.0,0.38728910293274277
560330.SH,申万菱信沪深300价值ETF,20251027,20251024,20251020,20251103,1600.0,0.6366892160764027,low_suspicion_observation,low:ordinary_large_subscription_redemption,宽基,沪深300,股票型,20230523,888.0,1.6366892160764026,2.0,0.3633107839235974
588140.SH,广发上证科创板200ETF,20251027,20251024,20251020,20251103,36600.00000000001,0.6112724655157153,low_suspicion_observation,low:listed_less_than_60d,宽基,其他,股票型,20251015,12.0,1.6112724655157153,2.0,0.38872753448428465
159298.SZ,大成创业板50ETF,20251028,20251027,20251021,20251104,10900.0,0.636380846776762,low_suspicion_observation,low:listed_less_than_60d,宽基,创业板50,股票型,20250908,50.0,1.636380846776762,2.0,0.363619153223238
159816.SZ,鹏华中证0-4年期地方政府债ETF,20251028,20251027,20251021,20251104,1000.0,0.6330121935872827,low_suspicion_observation,low:ordinary_large_subscription_redemption,债券,地方债,债券型,20200904,1880.0,1.6330121935872826,2.0,0.36698780641271744
159371.SZ,富国创业板50ETF,20251031,20251030,20251024,20251107,4800.000000000001,0.6835545268313097,low_suspicion_observation,low:ordinary_large_subscription_redemption,宽基,创业板50,股票型,20250212,261.0,1.6835545268313097,2.0,0.3164454731686903
159388.SZ,国泰创业板人工智能ETF,20251104,20251103,20251028,20251111,9900.0,0.6222704835933579,low_suspicion_observation,low:ordinary_large_subscription_redemption,宽基,创业板,股票型,20250407,211.0,1.622270483593358,2.0,0.3777295164066421
159326.SZ,华夏中证电网设备主题ETF,20251106,20251105,20251030,20251113,26500.000000000007,0.528661930221513,low_suspicion_observation,low:ordinary_large_subscription_redemption,新能源,电网设备,股票型,20240909,423.0,1.528661930221513,2.0,0.471338069778487
512250.SH,招商中证A50ETF,20251107,20251106,20251031,20251114,6599.999999999998,0.5660372503968691,low_suspicion_observation,low:ordinary_large_subscription_redemption,宽基,中证A50,股票型,20250414,207.0,1.5660372503968691,2.0,0.43396274960313086
530100.SH,易方达上证580ETF,20251111,20251110,20251104,20251118,3600.0,0.5240479795039013,low_suspicion_observation,low:listed_less_than_60d,宽基,其他,股票型,20251022,20.0,1.5240479795039013,2.0,0.47595202049609875
520870.SH,易方达伊塔乌巴西IBOVESPAETF(QDII),20251113,20251112,20251106,20251120,15000.0036,0.5000381829064828,low_suspicion_observation,low:listed_less_than_60d,海外,海外,股票型,20251113,0.0,1.5000381829064828,2.0,0.49996181709351717
159382.SZ,南方创业板人工智能ETF,20251114,20251113,20251107,20251121,30200.0,0.6112670928445126,low_suspicion_observation,low:ordinary_large_subscription_redemption,宽基,创业板,股票型,20250509,189.0,1.6112670928445127,2.0,0.38873290715548725
589050.SH,兴业上证科创板综合价格ETF,20251114,20251113,20251107,20251121,1200.0,0.522466039707419,low_suspicion_observation,low:ordinary_large_subscription_redemption,宽基,其他,股票型,20250818,88.0,1.522466039707419,2.0,0.477533960292581
159382.SZ,南方创业板人工智能ETF,20251117,20251114,20251110,20251124,50800.0,0.6381462893437632,low_suspicion_observation,low:ordinary_large_subscription_redemption,宽基,创业板,股票型,20250509,192.0,1.6381462893437633,2.0,0.3618537106562367
159229.SZ,广发中证800自由现金流ETF,20251118,20251117,20251111,20251125,1350.0,0.5731018590490364,low_suspicion_observation,low:ordinary_large_subscription_redemption,红利策略,自由现金流,股票型,20250515,187.0,1.5731018590490364,2.0,0.42689814095096357
159233.SZ,平安中证全指自由现金流ETF,20251127,20251126,20251120,20251204,25099.999999999993,0.5484859168636338,low_suspicion_observation,low:ordinary_large_subscription_redemption,红利策略,自由现金流,股票型,20250604,176.0,1.5484859168636338,2.0,0.4515140831363662
159288.SZ,银华创业板综合ETF,20251127,20251126,20251120,20251204,21200.0,0.6969673644801452,low_suspicion_observation,low:ordinary_large_subscription_redemption,宽基,创业板,股票型,20250926,62.0,1.696967364480145,2.0,0.30303263551985493
159575.SZ,银华创业板200ETF,20251201,20251128,20251124,20251208,400.0,0.7393134550428109,low_suspicion_observation,low:ordinary_large_subscription_redemption,宽基,创业板,股票型,20240102,699.0,1.7393134550428109,2.0,0.2606865449571891
563090.SH,易方达上证50增强策略ETF,20251224,20251223,20251217,20251231,1900.0,0.7350665428659857,low_suspicion_observation,low:ordinary_large_subscription_redemption,宽基,上证50,股票型,20240606,566.0,1.7350665428659857,2.0,0.2649334571340143
516650.SH,华夏中证细分有色金属产业主题ETF,20251230,20251229,20251223,20260108,145399.99999999997,0.7832090325655513,low_suspicion_observation,low:ordinary_large_subscription_redemption,周期,有色金属,股票型,20210621,1653.0,1.7832090325655512,2.0,0.2167909674344488
562890.SH,嘉实中证A50ETF,20251230,20251229,20251223,20260108,9300.0,0.5517617813006153,low_suspicion_observation,low:ordinary_large_subscription_redemption,宽基,中证A50,股票型,20240318,652.0,1.5517617813006153,2.0,0.44823821869938474
560520.SH,大成中证红利低波动100ETF,20251231,20251230,20251224,20260109,399.9999999999999,0.5925048141016144,low_suspicion_observation,low:ordinary_large_subscription_redemption,红利策略,红利价值,股票型,20240418,622.0,1.5925048141016145,2.0,0.4074951858983855
562330.SH,银华中证500价值ETF,20260107,20260106,20251229,20260114,999.9999999999998,0.5257927640399811,low_suspicion_observation,low:ordinary_large_subscription_redemption,宽基,中证500,股票型,20230418,995.0,1.525792764039981,2.0,0.4742072359600189
159230.SZ,华夏国证通用航空产业ETF,20260108,20260107,20251230,20260115,6400.0,0.7166513997523163,low_suspicion_observation,low:ordinary_large_subscription_redemption,国防军工,航空航天,股票型,20250530,223.0,1.7166513997523163,2.0,0.2833486002476837
512980.SH,广发中证传媒ETF,20260112,20260109,20260105,20260119,185549.99999999994,0.5397151839639055,low_suspicion_observation,low:ordinary_large_subscription_redemption,科技,传媒,股票型,20180119,2915.0,1.5397151839639054,2.0,0.4602848160360946
516330.SH,华泰柏瑞中证物联网主题ETF,20260112,20260109,20260105,20260119,480.0000000000001,0.5666190549266348,low_suspicion_observation,low:ordinary_large_subscription_redemption,科技,通信,股票型,20210409,1739.0,1.5666190549266348,2.0,0.4333809450733652
159257.SZ,汇添富国证通用航空产业ETF,20260113,20260112,20260106,20260120,6650.0,0.7740032761172653,low_suspicion_observation,low:ordinary_large_subscription_redemption,国防军工,航空航天,股票型,20250728,169.0,1.7740032761172653,2.0,0.22599672388273473
159608.SZ,广发中证稀有金属主题ETF,20260113,20260112,20260106,20260120,75280.0,0.6668969587306994,low_suspicion_observation,low:ordinary_large_subscription_redemption,周期,有色金属,股票型,20211223,1482.0,1.6668969587306994,2.0,0.33310304126930057
512980.SH,广发中证传媒ETF,20260113,20260112,20260106,20260120,312000.0,0.5894105146755284,low_suspicion_observation,low:ordinary_large_subscription_redemption,科技,传媒,股票型,20180119,2916.0,1.5894105146755284,2.0,0.4105894853244716
159107.SZ,富国创业板软件ETF,20260114,20260113,20260107,20260121,38900.0,0.7153062590367867,low_suspicion_observation,low:ordinary_large_subscription_redemption,宽基,创业板,股票型,20250922,114.0,1.7153062590367867,2.0,0.2846937409632133
159256.SZ,华夏创业板软件ETF,20260114,20260113,20260107,20260121,23300.0,0.5269302446530794,low_suspicion_observation,low:ordinary_large_subscription_redemption,宽基,创业板,股票型,20250804,163.0,1.5269302446530792,2.0,0.47306975534692075
159575.SZ,银华创业板200ETF,20260114,20260113,20260107,20260121,600.0,0.5258349272704567,low_suspicion_observation,low:ordinary_large_subscription_redemption,宽基,创业板,股票型,20240102,743.0,1.5258349272704566,2.0,0.47416507272954345
159805.SZ,鹏华中证传媒ETF,20260114,20260113,20260107,20260121,22400.0,0.6598861790610574,low_suspicion_observation,low:ordinary_large_subscription_redemption,科技,传媒,股票型,20200417,2098.0,1.6598861790610573,2.0,0.3401138209389427
562030.SH,华宝中证信息技术应用创新产业ETF,20260114,20260113,20260107,20260121,11100.0,0.750132286842477,low_suspicion_observation,low:ordinary_large_subscription_redemption,科技,计算机,股票型,20231012,825.0,1.750132286842477,2.0,0.2498677131575231
159730.SZ,博时国证龙头家电ETF,20260115,20260114,20260108,20260122,1500.0,0.5072478961048096,low_suspicion_observation,low:ordinary_large_subscription_redemption,金融,银行,股票型,20211224,1483.0,1.5072478961048097,2.0,0.4927521038951903
562070.SH,华宝沪深300增强策略ETF,20260116,20260115,20260109,20260123,9900.0,0.5223116776229015,low_suspicion_observation,low:listed_less_than_60d,宽基,沪深300,股票型,20251225,22.0,1.5223116776229015,2.0,0.47768832237709846
159625.SZ,嘉实国证绿色电力ETF,20260119,20260116,20260112,20260126,71600.00000000001,0.5493688570131643,low_suspicion_observation,low:ordinary_large_subscription_redemption,公用事业,电力,股票型,20220429,1361.0,1.5493688570131643,2.0,0.4506311429868357
563150.SH,银华中证油气资源ETF,20260122,20260121,20260115,20260129,900.0,0.7258649891120251,low_suspicion_observation,low:ordinary_large_subscription_redemption,周期,能源,股票型,20240530,602.0,1.725864989112025,2.0,0.274135010887975
159542.SZ,大成中证工程机械主题ETF,20260126,20260123,20260119,20260202,550.0000000000001,0.6048708600713749,low_suspicion_observation,low:ordinary_large_subscription_redemption,周期,工程机械,股票型,20240607,598.0,1.6048708600713748,2.0,0.3951291399286252
563150.SH,银华中证油气资源ETF,20260128,20260127,20260121,20260204,1899.9999999999995,0.5864378530201548,low_suspicion_observation,low:ordinary_large_subscription_redemption,周期,能源,股票型,20240530,608.0,1.5864378530201548,2.0,0.41356214697984517
516570.SH,易方达中证石化产业ETF,20260129,20260128,20260122,20260205,29399.999999999993,0.5074586058765777,low_suspicion_observation,low:ordinary_large_subscription_redemption,周期,化工,股票型,20210618,1686.0,1.5074586058765775,2.0,0.49254139412342246
561360.SH,国泰中证油气产业ETF,20260129,20260128,20260122,20260205,57499.999999999985,0.5512161265707262,low_suspicion_observation,low:ordinary_large_subscription_redemption,周期,能源,股票型,20231031,821.0,1.551216126570726,2.0,0.44878387342927395
561570.SH,华泰柏瑞中证油气产业ETF,20260129,20260128,20260122,20260205,2500.0,0.5794145595290519,low_suspicion_observation,low:ordinary_large_subscription_redemption,周期,能源,股票型,20241017,469.0,1.5794145595290519,2.0,0.42058544047094815
563150.SH,银华中证油气资源ETF,20260129,20260128,20260122,20260205,2800.0,0.5447576801105081,low_suspicion_observation,low:ordinary_large_subscription_redemption,周期,能源,股票型,20240530,609.0,1.544757680110508,2.0,0.45524231988949193
159322.SZ,平安中证沪深港黄金产业股票ETF,20260130,20260129,20260123,20260206,5700.0,0.5620653737052862,low_suspicion_observation,low:ordinary_large_subscription_redemption,周期,黄金,股票型,20240614,595.0,1.562065373705286,2.0,0.4379346262947139
159698.SZ,鹏华国证粮食产业ETF,20260130,20260129,20260123,20260206,12400.0,0.7540543587327747,low_suspicion_observation,low:ordinary_large_subscription_redemption,消费,农牧,股票型,20230818,896.0,1.7540543587327746,2.0,0.2459456412672254
589190.SH,华宝上证科创板芯片ETF,20260130,20260129,20260123,20260206,35100.0,0.5037450791568656,low_suspicion_observation,low:listed_less_than_60d,科技,半导体,股票型,20260127,3.0,1.5037450791568656,2.0,0.4962549208431344
159587.SZ,广发国证粮食产业ETF,20260202,20260130,20260126,20260209,3300.0,0.7261200407128906,low_suspicion_observation,low:ordinary_large_subscription_redemption,消费,农牧,股票型,20240821,530.0,1.7261200407128907,2.0,0.2738799592871093
511770.SH,金鹰现金增益货币ETF-E,20260205,20260204,20260129,20260212,2390.0,0.5333630885962954,low_suspicion_observation,low:money_etf_noise,货币,货币,货币型,20170410,3223.0,1.5333630885962954,2.0,0.46663691140370456
589110.SH,国泰上证科创板人工智能ETF,20260206,20260205,20260130,20260213,9900.0,0.7000770791935678,low_suspicion_observation,low:ordinary_large_subscription_redemption,科技,人工智能,股票型,20251015,114.0,1.7000770791935678,2.0,0.29992292080643224
159976.SZ,工银瑞信粤港澳大湾区创新100ETF,20260210,20260209,20260203,20260225,7200.000000000002,0.7355504786226966,low_suspicion_observation,low:ordinary_large_subscription_redemption,宽基,其他,股票型,20200117,2216.0,1.7355504786226967,2.0,0.26444952137730326
511860.SH,博时保证金实时货币ETF-A,20260212,20260211,20260205,20260227,3366.0,0.704331450094162,low_suspicion_observation,low:money_etf_noise,货币,货币,货币型,20141209,4083.0,1.704331450094162,2.0,0.295668549905838
511960.SH,嘉实快线货币ETF-H,20260212,20260211,20260205,20260227,2747.0,0.6026766125493638,low_suspicion_observation,low:money_etf_noise,货币,货币,货币型,20160111,3685.0,1.6026766125493637,2.0,0.39732338745063633
159651.SZ,平安中债-0-3年国开行债券ETF,20260224,20260213,20260209,20260303,372.0,0.7077022354258997,low_suspicion_observation,low:ordinary_large_subscription_redemption,债券,政金债,债券型,20221116,1196.0,1.7077022354258997,2.0,0.2922977645741003
589580.SH,兴银上证科创板综合价格ETF,20260224,20260213,20260209,20260303,400.0,0.6294454585510165,low_suspicion_observation,low:ordinary_large_subscription_redemption,宽基,其他,股票型,20250611,258.0,1.6294454585510165,2.0,0.3705545414489835
561570.SH,华泰柏瑞中证油气产业ETF,20260302,20260227,20260213,20260309,5900.0,0.6334074097931226,low_suspicion_observation,low:ordinary_large_subscription_redemption,周期,能源,股票型,20241017,501.0,1.6334074097931226,2.0,0.3665925902068774
563150.SH,银华中证油气资源ETF,20260302,20260227,20260213,20260309,3600.0,0.649831224390332,low_suspicion_observation,low:ordinary_large_subscription_redemption,周期,能源,股票型,20240530,641.0,1.649831224390332,2.0,0.3501687756096681
159309.SZ,汇添富中证油气资源ETF,20260304,20260303,20260225,20260311,45200.0,0.5619292421284181,low_suspicion_observation,low:ordinary_large_subscription_redemption,周期,能源,股票型,20240618,624.0,1.561929242128418,2.0,0.4380707578715819
159697.SZ,鹏华国证石油天然气ETF,20260304,20260303,20260225,20260311,125999.99999999997,0.6953557935984579,low_suspicion_observation,low:ordinary_large_subscription_redemption,周期,能源,股票型,20230504,1035.0,1.695355793598458,2.0,0.304644206401542
159945.SZ,广发中证全指能源ETF,20260304,20260303,20260225,20260311,6050.0,0.7111595760158294,low_suspicion_observation,low:ordinary_large_subscription_redemption,周期,能源,股票型,20150706,3894.0,1.7111595760158294,2.0,0.28884042398417065
512240.SH,鹏华中证A50ETF,20260305,20260304,20260226,20260312,1950.0000000000005,0.7446727258840604,low_suspicion_observation,low:ordinary_large_subscription_redemption,宽基,中证A50,股票型,20250407,332.0,1.7446727258840604,2.0,0.2553272741159396
560190.SH,鹏华中证全指公用事业ETF,20260313,20260312,20260306,20260320,1699.9999999999995,0.5257623554153521,low_suspicion_observation,low:ordinary_large_subscription_redemption,公用事业,公用事业,股票型,20250106,431.0,1.525762355415352,2.0,0.4742376445846479
589580.SH,兴银上证科创板综合价格ETF,20260313,20260312,20260306,20260320,400.0,0.6294454585510165,low_suspicion_observation,low:ordinary_large_subscription_redemption,宽基,其他,股票型,20250611,275.0,1.6294454585510165,2.0,0.3705545414489835
159795.SZ,汇添富中证智能汽车主题ETF,20260317,20260316,20260310,20260324,1600.0,0.5133227629482219,low_suspicion_observation,low:ordinary_large_subscription_redemption,新能源,新能源车,股票型,20220214,1492.0,1.5133227629482218,2.0,0.48667723705177823
520520.SH,华泰柏瑞恒生消费ETF(QDII),20260320,20260319,20260313,20260327,4100.0,0.6995870729959389,low_suspicion_observation,low:ordinary_large_subscription_redemption,港股,港股消费,股票型,20241101,504.0,1.699587072995939,2.0,0.30041292700406097
561780.SH,博时中证1000增强策略ETF,20260320,20260319,20260313,20260327,800.0,0.520975787650269,low_suspicion_observation,low:ordinary_large_subscription_redemption,宽基,中证1000,股票型,20231110,861.0,1.520975787650269,2.0,0.479024212349731
159323.SZ,华夏中证港股通汽车产业主题ETF,20260324,20260323,20260317,20260331,5700.0,0.5475642239519232,low_suspicion_observation,low:ordinary_large_subscription_redemption,港股,港股汽车,股票型,20250108,440.0,1.5475642239519232,2.0,0.45243577604807683
159717.SZ,鹏华国证ESG300ETF,20260330,20260327,20260323,20260407,2000.0,0.6584756032978171,low_suspicion_observation,low:ordinary_large_subscription_redemption,宽基,沪深300,股票型,20210929,1643.0,1.658475603297817,2.0,0.34152439670218304
512370.SH,华夏中证A500增强策略ETF,20260331,20260330,20260324,20260408,2700.0,0.5366406296583388,low_suspicion_observation,low:ordinary_large_subscription_redemption,宽基,中证A500,股票型,20250818,225.0,1.5366406296583388,2.0,0.4633593703416612
159712.SZ,国泰中证港股通50ETF,20260403,20260402,20260327,20260413,9300.000000000002,0.7513402152273024,low_suspicion_observation,low:ordinary_large_subscription_redemption,港股,港股宽基,股票型,20211111,1604.0,1.7513402152273025,2.0,0.24865978477269746
159788.SZ,易方达中证港股通中国100ETF,20260403,20260402,20260327,20260413,7000.000000000002,0.6456077712360804,low_suspicion_observation,low:ordinary_large_subscription_redemption,港股,港股综合,股票型,20220302,1493.0,1.6456077712360804,2.0,0.3543922287639196
560990.SH,中金中证科技先锋ETF,20260421,20260420,20260414,20260428,1300.0,0.6775385545496714,low_suspicion_observation,low:ordinary_large_subscription_redemption,科技,科技综合,股票型,20220627,1394.0,1.6775385545496715,2.0,0.3224614454503285
560590.SH,鹏华中证1000增强策略ETF,20260427,20260424,20260420,20260507,900.0,0.5385996409335727,low_suspicion_observation,low:ordinary_large_subscription_redemption,宽基,中证1000,股票型,20230925,945.0,1.5385996409335727,2.0,0.4614003590664273
159001.SZ,易方达保证金收益货币ETF-A,20260506,20250320,20260424,20260513,-95574.1316,-0.9765709892582857,low_suspicion_observation,low:money_etf_noise;high:negative_change_le_-0.50,货币,货币,货币型,20141020,4216.0,0.02342901074171432,0.0,0.02342901074171432
159003.SZ,招商保证金快线货币ETF-A,20260506,20250320,20260424,20260513,-25324.4195,-0.9913079771882377,low_suspicion_observation,low:money_etf_noise;high:negative_change_le_-0.50,货币,货币,货币型,20141020,4216.0,0.00869202281176225,0.0,0.00869202281176225
159005.SZ,汇添富收益快钱货币ETF-A,20260506,20250320,20260424,20260513,-8105.165300000001,-0.9875472045247138,low_suspicion_observation,low:money_etf_noise;high:negative_change_le_-0.50,货币,货币,货币型,20150113,4131.0,0.012452795475286237,0.0,0.012452795475286237
159182.SZ,南方中证全指家用电器ETF,20260511,20260508,20260429,20260518,-13999.999999999998,-0.5773537217332309,low_suspicion_observation,low:listed_less_than_60d;high:negative_change_le_-0.50,消费,家电,股票型,20260508,3.0,0.42264627826676915,0.0,0.42264627826676915
515090.SH,博时中证可持续发展100ETF,20260513,20260512,20260506,20260520,199.99999999999994,0.526080437698924,low_suspicion_observation,low:ordinary_large_subscription_redemption,宽基,其他,股票型,20200220,2274.0,1.526080437698924,2.0,0.4739195623010759
589180.SH,汇添富上证科创板新材料ETF,20260514,20260513,20260507,20260521,600.0,0.5301289980561937,low_suspicion_observation,low:ordinary_large_subscription_redemption,周期,新材料,股票型,20250616,332.0,1.5301289980561936,2.0,0.4698710019438064
159178.SZ,汇添富国证消费电子主题ETF,20260518,20260515,20260511,20260525,3200.0,0.5044693302668325,low_suspicion_observation,low:listed_less_than_60d,科技,消费电子,股票型,20260428,20.0,1.5044693302668324,2.0,0.4955306697331676
159517.SZ,银华中证800增强策略ETF,20260518,20260515,20260511,20260525,300.0,0.5224092679583411,low_suspicion_observation,low:ordinary_large_subscription_redemption,指数增强,中证800,股票型,20230905,986.0,1.522409267958341,2.0,0.477590732041659
589020.SH,鹏华上证科创板半导体材料设备主题ETF,20260521,20260520,20260514,20260528,20800.0,0.5558242633324336,low_suspicion_observation,low:ordinary_large_subscription_redemption,科技,半导体,股票型,20250904,259.0,1.5558242633324337,2.0,0.44417573666756627
589280.SH,华宝上证科创板综合增强策略ETF,20260521,20260520,20260514,20260528,-13500.000000000002,-0.5646905286758217,low_suspicion_observation,low:listed_less_than_60d;high:negative_change_le_-0.50,指数增强,科创板综合,股票型,20260520,1.0,0.43530947132417835,0.0,0.43530947132417835
159517.SZ,银华中证800增强策略ETF,20260522,20260521,20260515,20260529,300.0,0.5224092679583411,low_suspicion_observation,low:ordinary_large_subscription_redemption,指数增强,中证800,股票型,20230905,990.0,1.522409267958341,2.0,0.477590732041659
513990.SH,招商上证港股通ETF,20260522,20260521,20260515,20260529,3800.0,0.5588235294117647,low_suspicion_observation,low:ordinary_large_subscription_redemption,港股,港股综合,股票型,20200818,2103.0,1.5588235294117647,2.0,0.4411764705882353
526050.SH,招商中证港股通信息技术综合ETF,20260522,20260521,20260515,20260529,2700.0,0.618840247536099,low_suspicion_observation,low:listed_less_than_60d,港股,港股科技,股票型,20260430,22.0,1.618840247536099,2.0,0.381159752463901
512240.SH,鹏华中证A50ETF,20260603,20260602,20260527,20260610,1050.0,0.520162488853661,low_suspicion_observation,low:ordinary_large_subscription_redemption,宽基,中证A50,股票型,20250407,422.0,1.520162488853661,2.0,0.4798375111463391
159379.SZ,融通中证A500ETF,20260608,20260605,20260601,20260615,4800.0,0.668323821994679,low_suspicion_observation,low:ordinary_large_subscription_redemption,宽基,中证A500,股票型,20250123,501.0,1.668323821994679,2.0,0.331676178005321
560190.SH,鹏华中证全指公用事业ETF,20260610,20260609,20260603,20260617,1000.0,0.5309546564723372,low_suspicion_observation,low:ordinary_large_subscription_redemption,公用事业,公用事业,股票型,20250106,520.0,1.5309546564723373,2.0,0.4690453435276627
560190.SH,鹏华中证全指公用事业ETF,20260611,20260610,20260604,20260618,1849.9999999999995,0.641603662343067,low_suspicion_observation,low:ordinary_large_subscription_redemption,公用事业,公用事业,股票型,20250106,521.0,1.641603662343067,2.0,0.358396337656933
510770.SH,申万菱信上证G60战略新兴产业成份ETF,20260616,20260615,20260609,20260624,900.0000000000002,0.5765276380943841,low_suspicion_observation,low:ordinary_large_subscription_redemption,宽基,其他,股票型,20210928,1722.0,1.5765276380943842,2.0,0.42347236190561577
159022.SZ,富国中证科创创业人工智能ETF,20260623,20260622,20260615,20260630,8699.999999999998,0.779353635806093,low_suspicion_observation,low:ordinary_large_subscription_redemption,宽基,创业板,股票型,20260424,60.0,1.7793536358060928,2.0,0.22064636419390715
561600.SH,平安中证消费电子主题ETF,20260623,20260622,20260615,20260630,8200.000000000002,0.5930254422378757,low_suspicion_observation,low:ordinary_large_subscription_redemption,科技,消费电子,股票型,20210909,1748.0,1.5930254422378756,2.0,0.40697455776212443
589070.SH,天弘上证科创板芯片设计主题ETF,20260623,20260622,20260615,20260630,30200.0,0.5458229184175473,low_suspicion_observation,low:ordinary_large_subscription_redemption,科技,半导体,股票型,20260123,151.0,1.5458229184175474,2.0,0.4541770815824526
159292.SZ,华宝创业板综合增强策略ETF,20260626,20260625,20260618,20260703,4800.000000000001,0.6061407283748153,low_suspicion_observation,low:ordinary_large_subscription_redemption,宽基,创业板,股票型,20250902,297.0,1.6061407283748153,2.0,0.39385927162518475
159203.SZ,博时国证大盘成长ETF,20260629,20260626,20260622,20260706,299.99999999999994,0.6260547718625107,low_suspicion_observation,low:ordinary_large_subscription_redemption,宽基,其他,股票型,20250630,364.0,1.6260547718625107,2.0,0.3739452281374893
588690.SH,银华上证科创板综合增强策略ETF,20260629,20260626,20260622,20260706,2400.0,0.5038206398522126,low_suspicion_observation,low:ordinary_large_subscription_redemption,指数增强,科创板综合,股票型,20250829,304.0,1.5038206398522125,2.0,0.4961793601477875
515090.SH,博时中证可持续发展100ETF,20260630,20260629,20260623,20260707,299.99999999999994,0.624778724201845,low_suspicion_observation,low:ordinary_large_subscription_redemption,宽基,其他,股票型,20200220,2322.0,1.624778724201845,2.0,0.375221275798155
159138.SZ,易方达中证工程机械主题ETF,20260702,20260701,20260625,20260709,4850.0,0.537289414122341,low_suspicion_observation,low:ordinary_large_subscription_redemption,周期,工程机械,股票型,20260113,170.0,1.537289414122341,2.0,0.462710585877659
159138.SZ,易方达中证工程机械主题ETF,20260703,20260702,20260626,20260710,9949.999999999998,0.7170244904723081,low_suspicion_observation,low:ordinary_large_subscription_redemption,周期,工程机械,股票型,20260113,171.0,1.7170244904723082,2.0,0.2829755095276918
159748.SZ,富国中证沪港深创新药产业ETF,20260703,20260702,20260626,20260710,58600.000000000015,0.5319090380211923,low_suspicion_observation,low:ordinary_large_subscription_redemption,港股,港股医药,股票型,20211203,1673.0,1.5319090380211922,2.0,0.46809096197880784
589310.SH,鑫元上证科创板人工智能ETF,20260708,20260707,20260701,20260715,11400.0,0.531488849457182,low_suspicion_observation,low:ordinary_large_subscription_redemption,科技,人工智能,股票型,,,1.531488849457182,2.0,0.4685111505428179
589280.SH,华宝上证科创板综合增强策略ETF,20260709,20260708,20260702,20260716,4500.0,0.5052262852395334,low_suspicion_observation,low:listed_less_than_60d,指数增强,科创板综合,股票型,20260520,50.0,1.5052262852395335,2.0,0.4947737147604665
588950.SH,景顺长城上证科创板50成份ETF,20260710,20260709,20260703,20260717,13200.0,0.5005124565037612,low_suspicion_observation,low:ordinary_large_subscription_redemption,宽基,科创50,股票型,20250124,532.0,1.5005124565037613,2.0,0.4994875434962387
589150.SH,平安上证科创板50成份ETF,20260710,20260709,20260703,20260717,21600.0,0.5125318790083078,low_suspicion_observation,low:ordinary_large_subscription_redemption,宽基,科创50,股票型,20260106,185.0,1.5125318790083078,2.0,0.48746812099169223
159845.SZ,华夏中证1000ETF,20260714,20260713,20260707,20260721,148200.00000000003,0.6771991681767958,low_suspicion_observation,low:ordinary_large_subscription_redemption,宽基,中证1000,股票型,20210331,1931.0,1.677199168176796,2.0,0.32280083182320407
510980.SH,汇添富上证综合ETF,20260717,20260716,20260710,20260724,48899.999999999985,0.5621994991940655,low_suspicion_observation,low:ordinary_large_subscription_redemption,宽基,上证综指,股票型,20231201,959.0,1.5621994991940655,2.0,0.43780050080593447
530060.SH,易方达上证综合ETF,20260717,20260716,20260710,20260724,29100.0,0.584110977071135,low_suspicion_observation,low:ordinary_large_subscription_redemption,宽基,上证综指,股票型,20260210,157.0,1.584110977071135,2.0,0.415889022928865
560590.SH,鹏华中证1000增强策略ETF,20260717,20260716,20260710,20260724,1500.0,0.76103500761035,low_suspicion_observation,low:ordinary_large_subscription_redemption,宽基,中证1000,股票型,20230925,1026.0,1.76103500761035,2.0,0.23896499238964997
